Severity level,Food name,Description,Management,Mechanism,References,drug_id
3,grapefruit juice,Grapefruit juice may increase the plasma concentrations of ivosidenib.  The proposed mechanism is inhibition of CYP450 3A4-mediated first-pass metabolism in the gut wall by certain compounds present in grapefruit.Inhibition of hepatic CYP450 3A4 may also contribute.  The interaction has not been studied with grapefruit juice.,"Ivosidenib may be administered with or without food, but should not be administered with a high-fat meal.  Patients should avoid consumption of grapefruit and grapefruit juice during treatment with iv...More",Metabolism,,DDInter1000
2,grapefruit juice,Grapefruit juice may increase the plasma concentrations of ixabepilone.  The proposed mechanism is inhibition of CYP450 3A4-mediated first-pass metabolism in the gut wall by certain compounds present in grapefruits.,Patients treated with ixabepilone should avoid the consumption of grapefruit or grapefruit juice.,Metabolism,,DDInter1001
2,high-fat foods,Food may reduce the oral bioavailability of ixazomib.  A food effect study found that administration of a single 4 mg dose of ixazomib with a high-fat meal decreased ixazomib peak plasma concentration (Cmax) by 69% and systemic exposure (AUC) by 28%.,"Ixazomib should be taken at least one hour before or two hours after eating.  On days when both ixazomib and dexamethasone are administered, advise patients to separate dosing times, since dexamethaso...More",Absorption,,DDInter1002
No matching records,,,,,,DDInter1003
No matching records,,,,,,DDInter1004
No matching records,,,,,,DDInter1005
2,alcohol,"The combination of kava and alcohol poses a theoretical risk of additive hepatotoxicity during chronic concomitant use.  Studies in mice also suggest that the hypnotic effects of kava and alcohol may be synergistically increased when taken together, and that alcohol can markedly potentiate the toxicity of kava.","In general, patients should consult a healthcare provider before taking any herbal or alternative medicine.  Use of kava-containing products with alcohol should be avoided.  Patients using kava should...More",Synergy,,DDInter1006
2,alcohol,"Alcohol may potentiate some of the pharmacologic effects of ketamine.  Use in combination may result in additive central nervous system (CNS) depression and/or impairment of judgment, thinking, and psychomotor skills.",Patients receiving ketamine should not drink alcohol.  Caution is advised when ketamine is used in patients with acute alcohol intoxication or a history of chronic alcoholism.  Following anesthesia wi...More,Synergy,,DDInter1007
2,alcohol,"Excessive use of alcohol or products containing alcohol together with ketoconazole or levoketoconazole may potentiate the risk of liver injury.  Serious hepatotoxicity has been reported with levoketoconazole.  Fatal hepatotoxicity or requiring liver transplantation have been reported with the use of oral ketoconazole, of which levoketoconazole is an enantiomer.",Excessive consumption of alcohol should generally be avoided during ketoconazole or levoketoconazole therapy.  Patients receiving ketoconazole or levoketoconazole should be instructed to contact their...More,Synergy,,DDInter1008
2,alcohol,The concurrent use of aspirin or nonsteroidal anti-inflammatory drugs (NSAIDs) and ethanol may lead to gastrointestinal (GI) blood loss.  The mechanism may be due to a combined local effect as well as inhibition of prostaglandins leading to decreased integrity of the GI lining.,Patients should be counseled on this potential interaction and advised to refrain from alcohol consumption while taking aspirin or NSAIDs.,Synergy,,DDInter1009
2,alcohol,The concurrent use of aspirin or nonsteroidal anti-inflammatory drugs (NSAIDs) and ethanol may lead to gastrointestinal (GI) blood loss.  The mechanism may be due to a combined local effect as well as inhibition of prostaglandins leading to decreased integrity of the GI lining.,Patients should be counseled on this potential interaction and advised to refrain from alcohol consumption while taking aspirin or NSAIDs.,Synergy,,DDInter1010
No matching records,,,,,,DDInter1011
No matching records,,,,,,DDInter1012
2,alcohol,"Many psychotherapeutic and CNS-active agents (e.g., anxiolytics, sedatives, hypnotics, antidepressants, antipsychotics, opioids, alcohol, muscle relaxants) exhibit hypotensive effects, especially during initiation of therapy and dose escalation.  Coadministration with antihypertensives and other hypotensive agents, in particular vasodilators and alpha-blockers, may result in additive effects on blood pressure and orthostasis.",Caution and close monitoring for development of hypotension is advised during coadministration of these agents.  Some authorities recommend avoiding alcohol in patients receiving vasodilating antihype...More,Synergy,,DDInter1013
2,alcohol,"Alcohol may potentiate some of the pharmacologic effects of central nervous system (CNS)-active agents.  Use in combination may result in additive CNS depression and/or impairment of judgment, thinking, and psychomotor skills.","Patients receiving CNS-active agents should be advised to avoid or limit consumption of alcohol.  Ambulatory patients should be counseled against driving, operating machinery, or engaging in potential...More",Synergy,,DDInter1014
No matching records,,,,,,DDInter1015
No matching records,,,,,,DDInter1016
No matching records,,,,,,DDInter1017
No matching records,,,,,,DDInter1018
No matching records,,,,,,DDInter1019
2,alcohol,"Alcohol may potentiate some of the pharmacologic effects of CNS-active agents.  Use in combination may result in additive central nervous system depression and/or impairment of judgment, thinking, and psychomotor skills.",Patients receiving CNS-active agents should be warned of this interaction and advised to avoid or limit consumption of alcohol.  Ambulatory patients should be counseled to avoid hazardous activities r...More,Synergy,,DDInter1020
2,food,"Due to their gastrointestinal pharmacologic effects, somatostatin analogs (e.g., octreotide, lanreotide) may variously affect the absorption of dietary nutrients and concomitantly administered oral medications.  Somatostatin analogs have been shown to prolong gastrointestinal transit time and inhibit intestinal absorption of some nutrients such as fat.",Clinicians should be aware of the potential for altered absorption of concomitantly administered oral medications during treatment with somatostatin analogs.  Blood levels and clinical response should...More,Absorption,,DDInter1021
No matching records,,,,,,DDInter1022
2,food,"Lanthanum carbonate should be administered with food for therapeutic efficacy.  However, it is insoluble in water (<0.01 mg/mL at pH 7.5) and therefore cannot be dissolved in liquid for administration through an enteral feeding tube, because it may result in blockage of the tube.",Administration of lanthanum carbonate with enteral feedings is not recommended.  Alternative medications such as calcium carbonate suspension should be considered.,Synergy,,DDInter1023
2,grapefruit juice,Grapefruit juice may increase the plasma concentrations of lapatinib.  The proposed mechanism is inhibition of CYP450 3A4-mediated first-pass metabolism in the gut wall by certain compounds present in grapefruits.,Patients treated with lapatinib should preferably avoid the consumption of grapefruit or grapefruit juice.  The manufacturer recommends that lapatinib be administered at least one hour before or one h...More,Metabolism,,DDInter1024
No matching records,,,,,,DDInter1025
2,grapefruit juice,Grapefruit juice may increase the plasma concentrations of larotrectinib.  The proposed mechanism is inhibition of CYP450 3A4-mediated metabolism of larotrectinib by certain compounds present in grapefruit.,Larotrectinib may be taken with or without food.  Patients should avoid the consumption of grapefruit and grapefruit juice during treatment.,Metabolism,,DDInter1026
No matching records,,,,,,DDInter1027
No matching records,,,,,,DDInter1028
No matching records,,,,,,DDInter1029
No matching records,,,,,,DDInter1030
No matching records,,,,,,DDInter1031
2,high-fat foods,"Food may reduce the oral bioavailability of lefamulin.  When a single 600 mg oral dose of lefamulin was administered with a high-calorie, high-fat breakfast (800 to 1000 calories; approximately 50% from fat), lefamulin peak plasma concentration (Cmax) and systemic exposure (AUC) decreased by approximately 23% and 18%, respectively.",Lefamulin tablets should be taken at least one hour before or two hours after a meal.  Patients should preferably avoid or limit the consumption of grapefruit and grapefruit juice during treatment wit...More,Absorption,,DDInter1032
2,grapefruit juice,Food may reduce the oral bioavailability of lefamulin.,Lefamulin tablets should be taken at least one hour before or two hours after a meal.  Patients should preferably avoid or limit the consumption of grapefruit and grapefruit juice during treatment wit...More,Metabolism,,DDInter1032
2,alcohol,The consumption of alcohol during therapy with leflunomide may potentiate the risk of liver injury.,Patients should be advised to avoid excessive alcohol use during leflunomide treatment.,Synergy,,DDInter1033
3,alcohol,"Alcohol may increase the plasma concentrations and potentiate some of the pharmacologic effects of the central nervous system (CNS)-active agent, lemborexant.  Coadministration with alcohol increased the peak plasma concentration (Cmax) and systemic exposure (AUC) of lemborexant by 35% and 70%, respectively; however, the mechanism of the interaction has not been established.  Use in combination may result in additive CNS depression and/or impairment of judgment, thinking, and psychomotor skills.","According to the manufacturer, due to their potentially additive effects, the concomitant use of lemborexant with alcohol should be avoided.  Patients should be advised to avoid consumption of alcohol...More",Synergy,,DDInter1034
3,grapefruit juice,"Grapefruit juice may increase the plasma concentrations of lemborexant, which is primarily metabolized by CYP450 3A4.  The proposed mechanism is inhibition of CYP450 3A4-mediated first-pass metabolism in the gut wall by certain compounds present in grapefruit.  Inhibition of hepatic CYP450 3A4 may also contribute.  The interaction has not been studied with grapefruit juice but has been reported for other CYP450 3A4 inhibitors.","The manufacturer makes no recommendation regarding administration with food; however, the time to sleep onset may be delayed if taken with or soon after a meal.  Patients should avoid consumption of g...More",Metabolism,,DDInter1034
No matching records,,,,,,DDInter1035
No matching records,,,,,,DDInter1036
No matching records,,,,,,DDInter1037
No matching records,,,,,,DDInter1038
No matching records,,,,,,DDInter1039
No matching records,,,,,,DDInter1040
No matching records,,,,,,DDInter1041
No matching records,,,,,,DDInter1042
No matching records,,,,,,DDInter1043
2,alcohol,"Case histories have suggested that levamisole is associated with some side effects (including headache, fever, shivers, and dizziness) that suggest an disulfiram-like interaction with alcohol.  These side effects could be alleviated by total abstinence from alcohol.  No mechanism has been established for this interaction.",Patients receiving levamisole should avoid alcohol.,Metabolism,,DDInter1044
2,alcohol,"Many psychotherapeutic and CNS-active agents (e.g., anxiolytics, sedatives, hypnotics, antidepressants, antipsychotics, opioids, alcohol, muscle relaxants) exhibit hypotensive effects, especially during initiation of therapy and dose escalation.  Coadministration with antihypertensives and other hypotensive agents, in particular vasodilators and alpha-blockers, may result in additive effects on blood pressure and orthostasis.",Caution and close monitoring for development of hypotension is advised during coadministration of these agents.  Some authorities recommend avoiding alcohol in patients receiving vasodilating antihype...More,Synergy,,DDInter1045
2,alcohol,"Alcohol may potentiate some of the pharmacologic effects of CNS-active agents.  Use in combination may result in additive central nervous system depression and/or impairment of judgment, thinking, and psychomotor skills.",Patients receiving CNS-active agents should be warned of this interaction and advised to avoid or limit consumption of alcohol.  Ambulatory patients should be counseled to avoid hazardous activities r...More,Synergy,,DDInter1046
No matching records,,,,,,DDInter1047
No matching records,,,,,,DDInter1048
No matching records,,,,,,DDInter1049
No matching records,,,,,,DDInter1050
No matching records,,,,,,DDInter1051
2,alcohol,"Alcohol may potentiate some of the pharmacologic effects of CNS-active agents.  Use in combination may result in additive central nervous system depression and/or impairment of judgment, thinking, and psychomotor skills.",Patients receiving CNS-active agents should be warned of this interaction and advised to avoid or limit consumption of alcohol.  Ambulatory patients should be counseled to avoid hazardous activities r...More,Synergy,,DDInter1053
2,alcohol,"Alcohol may potentiate some of the pharmacologic effects of levodopa.  Use in combination may result in additive central nervous system depression and/or impairment of judgment, thinking, and psychomotor skills.","In general, alcohol consumption should be avoided or limited during treatment with CNS-depressant agents.  Until more data are available, it is advisable to avoid large fluctuations in daily protein i...More",Synergy,,DDInter1054
2,food,"Food may reduce the oral absorption and bioavailability of levofloxacin.  According to the drug product labeling, administration of levofloxacin 500 mg with food prolonged the time to peak concentration by 1 hour and decreased the Cmax decreased by 25% following administration of the oral solution and by 14% following administration of the oral tablet.","To ensure maximal and consistent oral absorption, levofloxacin oral solution should be taken at least one hour before or two hours after meals.  For administration of the oral solution with continuous...More",Absorption,,DDInter1055
No matching records,,,,,,DDInter1056
No matching records,,,,,,DDInter1057
No matching records,,,,,,DDInter1058
2,alcohol,"Alcohol may potentiate some of the pharmacologic effects of CNS-active agents.  Use in combination may result in additive central nervous system depression and/or impairment of judgment, thinking, and psychomotor skills.",Patients receiving CNS-active agents should be warned of this interaction and advised to avoid or limit consumption of alcohol.  Ambulatory patients should be counseled to avoid hazardous activities r...More,Synergy,,DDInter1059
No matching records,,,,,,DDInter1060
1,alcohol,"The central nervous system effects and blood levels of ethanol may be increased in patients taking oral contraceptives, although data are lacking and reports are contradictory.  The mechanism may be due to enzyme inhibition.",Consider counseling women about this interaction which is unpredictable.,Metabolism,,DDInter1061
2,grapefruit juice,Grapefruit juice may increase the plasma concentrations of orally administered drugs that are substrates of the CYP450 3A4 isoenzyme.  The proposed mechanism is inhibition of CYP450 3A4-mediated first-pass metabolism in the gut wall by certain compounds present in grapefruit.,Patients who regularly consume grapefruit or grapefruit juice should be monitored for adverse effects and altered plasma concentrations of drugs that undergo significant presystemic metabolism by CYP4...More,Metabolism,,DDInter1061
2,alcohol,"Ethanol may potentiate the central nervous system (CNS) depressant effects of opioid analgesics.  Concomitant use may result in additive CNS depression and impairment of judgment, thinking, and psychomotor skills.  In more severe cases, hypotension, respiratory depression, profound sedation, coma, or even death may occur.",Concomitant use of opioid analgesics with ethanol should be avoided.,Synergy,,DDInter1062
No matching records,,,,,,DDInter1063
2,dietary fiber,"Consumption of certain foods as well as the timing of meals relative to dosing may affect the absorption of T4 thyroid hormone (i.e., levothyroxine).  T4 absorption is increased by fasting and decreased by foods such as soybean flour (e.g., infant formula), cotton seed meal, walnuts, dietary fiber, calcium, and calcium fortified juices.",Preparations containing T4 thyroid hormone should be administered on a consistent schedule with regard to time of day and relation to meals so as to avoid large fluctuations in serum levels.  Foods th...More,Absorption,,DDInter1064
2,soybean,"Consumption of certain foods as well as the timing of meals relative to dosing may affect the absorption of T4 thyroid hormone (i.e., levothyroxine).  T4 absorption is increased by fasting and decreased by foods such as soybean flour (e.g., infant formula), cotton seed meal, walnuts, dietary fiber, calcium, and calcium fortified juices.",Preparations containing T4 thyroid hormone should be administered on a consistent schedule with regard to time of day and relation to meals so as to avoid large fluctuations in serum levels.  Foods th...More,Absorption,,DDInter1064
No matching records,,,,,,DDInter1065
No matching records,,,,,,DDInter1066
No matching records,,,,,,DDInter1067
No matching records,,,,,,DDInter1068
2,food,"Administration of linaclotide in the fed condition resulted in more gastrointestinal side effects and more frequent and looser stools, than when it was administered under fasting conditions.",It is recommended to take linaclotide 30 minutes before a meal.,Synergy,,DDInter1069
2,alcohol,"Alcohol may cause hypoglycemia or hyperglycemia in patients with diabetes.  Hypoglycemia most frequently occurs during acute consumption of alcohol.  Even modest amounts can lower blood sugar significantly, especially when the alcohol is ingested on an empty stomach or following exercise.  The mechanism involves inhibition of both gluconeogenesis as well as the counter-regulatory response to hypoglycemia.  Episodes of hypoglycemia may last for 8 to 12 hours after ethanol ingestion.  By contrast, chronic alcohol abuse can cause impaired glucose tolerance and hyperglycemia.  Moderate alcohol consumption generally does not affect blood glucose levels in patients with well controlled diabetes.  A disulfiram-like reaction (e.g., flushing, headache, and nausea) to alcohol has been reported frequently with the use of chlorpropamide and very rarely with other sulfonylureas.","Patients with diabetes should avoid consuming alcohol if their blood glucose is not well controlled, or if they have hypertriglyceridemia, neuropathy, or pancreatitis.  Patients with well controlled d...More",Others,,DDInter1070
No matching records,,,,,,DDInter1071
No matching records,,,,,,DDInter1072
3,Tyrosine-rich foods,"Foods that contain large amounts of tyramine may precipitate a hypertensive crisis in patients treated with monoamine oxidase inhibitors (MAOIs).  The mechanism is inhibition of MAO-A, the enzyme responsible for metabolizing exogenous amines such as tyramine in the gut and preventing them from being absorbed intact.  Once absorbed, tyramine is metabolized to octopamine, a substance that is believed to displace norepinephrine from storage granules.","In general, patients treated with MAOIs or other agents that possess MAOI activity (e.g., furazolidone, linezolid, procarbazine) should avoid consumption of products that contain large amounts of amin...More",Synergy,,DDInter1073
No matching records,,,,,,DDInter1074
2,soybean,"Consumption of certain foods as well as the timing of meals relative to dosing may affect the absorption of T4 thyroid hormone (i.e., levothyroxine).  T4 absorption is increased by fasting and decreased by foods such as soybean flour (e.g., infant formula), cotton seed meal, walnuts, dietary fiber, calcium, and calcium fortified juices.",Preparations containing T4 thyroid hormone should be administered on a consistent schedule with regard to time of day and relation to meals so as to avoid large fluctuations in serum levels.  Foods th...More,Absorption,,DDInter1075
2,cotton seed,"Consumption of certain foods as well as the timing of meals relative to dosing may affect the absorption of T4 thyroid hormone (i.e., levothyroxine).  T4 absorption is increased by fasting and decreased by foods such as soybean flour (e.g., infant formula), cotton seed meal, walnuts, dietary fiber, calcium, and calcium fortified juices.",Preparations containing T4 thyroid hormone should be administered on a consistent schedule with regard to time of day and relation to meals so as to avoid large fluctuations in serum levels.  Foods th...More,Absorption,,DDInter1075
2,walnuts,"Consumption of certain foods as well as the timing of meals relative to dosing may affect the absorption of T4 thyroid hormone (i.e., levothyroxine).  T4 absorption is increased by fasting and decreased by foods such as soybean flour (e.g., infant formula), cotton seed meal, walnuts, dietary fiber, calcium, and calcium fortified juices.",Preparations containing T4 thyroid hormone should be administered on a consistent schedule with regard to time of day and relation to meals so as to avoid large fluctuations in serum levels.  Foods th...More,Absorption,,DDInter1075
2,dietary fiber,"Consumption of certain foods as well as the timing of meals relative to dosing may affect the absorption of T4 thyroid hormone (i.e., levothyroxine).  T4 absorption is increased by fasting and decreased by foods such as soybean flour (e.g., infant formula), cotton seed meal, walnuts, dietary fiber, calcium, and calcium fortified juices.",Preparations containing T4 thyroid hormone should be administered on a consistent schedule with regard to time of day and relation to meals so as to avoid large fluctuations in serum levels.  Foods th...More,Absorption,,DDInter1075
No matching records,,,,,,DDInter1076
2,alcohol,"Alcohol may cause hypoglycemia or hyperglycemia in patients with diabetes.  Hypoglycemia most frequently occurs during acute consumption of alcohol.  Even modest amounts can lower blood sugar significantly, especially when the alcohol is ingested on an empty stomach or following exercise.  The mechanism involves inhibition of both gluconeogenesis as well as the counter-regulatory response to hypoglycemia.  Episodes of hypoglycemia may last for 8 to 12 hours after ethanol ingestion.  By contrast, chronic alcohol abuse can cause impaired glucose tolerance and hyperglycemia.  Moderate alcohol consumption generally does not affect blood glucose levels in patients with well controlled diabetes.  A disulfiram-like reaction (e.g., flushing, headache, and nausea) to alcohol has been reported frequently with the use of chlorpropamide and very rarely with other sulfonylureas.","Patients with diabetes should avoid consuming alcohol if their blood glucose is not well controlled, or if they have hypertriglyceridemia, neuropathy, or pancreatitis.  Patients with well controlled d...More",Others,,DDInter1077
2,alcohol,Alcohol may potentiate the cardiovascular effects of amphetamines.  The exact mechanism of interaction is unknown.,"Concomitant use of amphetamines and alcohol should be avoided if possible, especially in patients with a history of heart disease.",Synergy,,DDInter1078
2,alcohol,"Many psychotherapeutic and CNS-active agents (e.g., anxiolytics, sedatives, hypnotics, antidepressants, antipsychotics, opioids, alcohol, muscle relaxants) exhibit hypotensive effects, especially during initiation of therapy and dose escalation.  Coadministration with antihypertensives and other hypotensive agents, in particular vasodilators and alpha-blockers, may result in additive effects on blood pressure and orthostasis.",Caution and close monitoring for development of hypotension is advised during coadministration of these agents.  Some authorities recommend avoiding alcohol in patients receiving vasodilating antihype...More,Synergy,,DDInter1079
2,Food High in Potassium,"Moderate-to-high dietary intake of potassium can cause hyperkalemia in some patients who are using angiotensin converting enzyme (ACE) inhibitors.  In some cases, affected patients were using a potassium-rich salt substitute.  ACE inhibitors can promote hyperkalemia through inhibition of the renin-aldosterone-angiotensin (RAA) system.",It is recommended that patients who are taking ACE inhibitors be advised to avoid moderately high or high potassium dietary intake.  Particular attention should be paid to the potassium content of sal...More,Synergy,,DDInter1079
No matching records,,,,,,DDInter1080
2,alcohol,"Alcohol may potentiate some of the pharmacologic effects of CNS-active agents.  Use in combination may result in additive central nervous system depression and/or impairment of judgment, thinking, and psychomotor skills.",Patients receiving CNS-active agents should be warned of this interaction and advised to avoid or limit consumption of alcohol.  Ambulatory patients should be counseled to avoid hazardous activities r...More,Synergy,,DDInter1081
2,alcohol,"Alcohol may cause hypoglycemia or hyperglycemia in patients with diabetes.  Hypoglycemia most frequently occurs during acute consumption of alcohol.  Even modest amounts can lower blood sugar significantly, especially when the alcohol is ingested on an empty stomach or following exercise.  The mechanism involves inhibition of both gluconeogenesis as well as the counter-regulatory response to hypoglycemia.  Episodes of hypoglycemia may last for 8 to 12 hours after ethanol ingestion.  By contrast, chronic alcohol abuse can cause impaired glucose tolerance and hyperglycemia.  Moderate alcohol consumption generally does not affect blood glucose levels in patients with well controlled diabetes.  A disulfiram-like reaction (e.g., flushing, headache, and nausea) to alcohol has been reported frequently with the use of chlorpropamide and very rarely with other sulfonylureas.","Patients with diabetes should avoid consuming alcohol if their blood glucose is not well controlled, or if they have hypertriglyceridemia, neuropathy, or pancreatitis.  Patients with well controlled d...More",Others,,DDInter1082
2,food,"Lixisenatide slows gastric emptying, which may impact the absorption of concomitantly administered oral medications.  The interaction has been studied with various medications, which demonstrated primarily an effect on the rate rather than the overall extent of absorption.",Caution is advised during concomitant use of lixisenatide with oral medications that have a narrow therapeutic index or that require careful clinical monitoring.  These medications should be administe...More,Absorption,,DDInter1082
2,alcohol,"Alcohol may potentiate some of the pharmacologic effects of CNS-active agents.  Use in combination may result in additive central nervous system depression and/or impairment of judgment, thinking, and psychomotor skills.",Patients receiving CNS-active agents should be warned of this interaction and advised to avoid or limit consumption of alcohol.  Ambulatory patients should be counseled to avoid hazardous activities r...More,Synergy,,DDInter1083
No matching records,,,,,,DDInter1084
3,food,"Administration of lomitapide with food may increase the risk of common gastrointestinal adverse reactions such as diarrhea, nausea, vomiting, dyspepsia, abdominal pain or discomfort, abdominal distension, constipation, and flatulence.  Absorption of concomitant oral medications may be affected in patients who develop diarrhea or vomiting.","Lomitapide should be taken once daily with a glass of water, without food, at least 2 hours after the evening meal.  Strict adherence to a low-fat diet (<20% of total calories from fat) and gradual do...More",Absorption,,DDInter1085
No matching records,,,,,,DDInter1086
3,grapefruit juice,"Grapefruit juice may increase the plasma concentrations of lonafarnib.  The proposed mechanism is inhibition of CYP450 3A4-mediated first-pass metabolism in the gut wall by certain compounds present in grapefruit.  Inhibition of hepatic CYP450 3A4 may also contribute.  The interaction has not been studied with grapefruit juice, but has been reported for other CYP450 3A4 inhibitors.",Lonafarnib should be administered with the morning and evening meals and an adequate amount of water.  Patients should avoid consumption of grapefruit or grapefruit juice and Seville oranges (also kno...More,Metabolism,,DDInter1087
2,alcohol,"Alcohol may potentiate some of the pharmacologic effects of CNS-active agents.  Use in combination may result in additive central nervous system depression and/or impairment of judgment, thinking, and psychomotor skills.",Patients receiving CNS-active agents should be warned of this interaction and advised to avoid or limit consumption of alcohol.  Ambulatory patients should be counseled to avoid hazardous activities r...More,Synergy,,DDInter1088
No matching records,,,,,,DDInter1089
2,food,Loracarbef may exhibit reduced gastrointestinal absorption in the presence of food.,Loracarbef should be administered at least one hour before or two hours after eating.,Absorption,,DDInter1090
1,grapefruit juice,"Theoretically, grapefruit juice may increase the plasma concentrations of loratadine as it does other drugs that are substrates of the CYP450 3A4 enzymatic pathway.  The proposed mechanism is inhibition of CYP450 3A4-mediated first-pass metabolism in the gut wall by certain compounds present in grapefruits.","The clinical significance of this potential interaction is unknown.  Reported interactions with potent CYP450 3A4 inhibitors like clarithromycin, erythromycin and ketoconazole have produced substantia...More",Metabolism,,DDInter1091
2,alcohol,"Alcohol may potentiate some of the pharmacologic effects of CNS-active agents.  Use in combination may result in additive central nervous system depression and/or impairment of judgment, thinking, and psychomotor skills.",Patients receiving CNS-active agents should be warned of this interaction and advised to avoid or limit consumption of alcohol.  Ambulatory patients should be counseled to avoid hazardous activities r...More,Synergy,,DDInter1092
1,food,"Food does not appear to significantly affect the absorption and oral bioavailability of lurasidone.  In twelve adult volunteers (6 men and 6 women), administration of a single 10 mg oral dose of lorcaserin following a high-fat (approximately 50% of total caloric content of the meal) and high-calorie (approximately 800 to 1000 calories) meal resulted in less than 10% increases in lorcaserin peak plasma concentration (Cmax) and systemic exposure (AUC) compared to administration in the fasted state.  The time to reach peak concentration (Tmax) was delayed by approximately 1 hour in the fed state.",Lorcaserin may be administered with or without food.,Absorption,,DDInter1093
3,grapefruit juice,"Grapefruit and grapefruit juice may significantly increase the plasma concentrations of lorlatinib.  The proposed mechanism is inhibition of CYP450 3A4-mediated first-pass metabolism in the gut wall induced by certain compounds present in grapefruit.  Because grapefruit juice inhibits primarily intestinal rather than hepatic CYP450 3A4, the magnitude of interaction is greatest for those drugs that undergo significant presystemic metabolism by CYP450 3A4 (i.e., drugs with low oral bioavailability).  In general, the effect of grapefruit juice is concentration-, dose- and preparation-dependent, and can vary widely among brands.","Patients treated with lorlatinib should avoid consumption of grapefruit, grapefruit juice, and any supplement containing grapefruit extract.  If coadministration is unavoidable, some authorities recom...More",Metabolism,,DDInter1094
2,alcohol,"Many psychotherapeutic and CNS-active agents (e.g., anxiolytics, sedatives, hypnotics, antidepressants, antipsychotics, opioids, alcohol, muscle relaxants) exhibit hypotensive effects, especially during initiation of therapy and dose escalation.  Coadministration with antihypertensives and other hypotensive agents, in particular vasodilators and alpha-blockers, may result in additive effects on blood pressure and orthostasis.",Caution and close monitoring for development of hypotension is advised during coadministration of these agents.  Some authorities recommend avoiding alcohol in patients receiving vasodilating antihype...More,Synergy,,DDInter1095
2,Food High in Potassium,"Moderate-to-high dietary intake of potassium, especially salt substitutes, may increase the risk of hyperkalemia in some patients who are using angiotensin II receptor blockers (ARBs).  ARBs can promote hyperkalemia through inhibition of angiotensin II-induced aldosterone secretion.  Patients with diabetes, heart failure, dehydration, or renal insufficiency have a greater risk of developing hyperkalemia.",Patients who regularly consume grapefruits and grapefruit juice should be monitored for altered efficacy of losartan.  Grapefruits and grapefruit juice should be avoided if an interaction is suspected...More,Synergy,,DDInter1095
No matching records,,,,,,DDInter1096
No matching records,,,,,,DDInter1097
2,alcohol,"Concomitant use of statin medication with substantial quantities of alcohol may increase the risk of hepatic injury.  Transient increases in serum transaminases have been reported with statin use and while these increases generally resolve or improve with continued therapy or a brief interruption in therapy, there have been rare postmarketing reports of fatal and non-fatal hepatic failure in patients taking statins.  Patients who consume substantial quantities of alcohol and/or have a history of liver disease may be at increased risk for hepatic injury.  Active liver disease or unexplained transaminase elevations are contraindications to statin use.",Patients should be counseled to avoid substantial quantities of alcohol in combination with statin medications and clinicians should be aware of the increased risk for hepatotoxicity in these patients...More,Synergy,,DDInter1098
3,grapefruit juice,Coadministration with grapefruit juice may significantly increase the plasma concentrations of lovastatin and simvastatin and their active acid metabolites.  The proposed mechanism is inhibition of CYP450 3A4-mediated first-pass metabolism in the gut wall by certain compounds present in grapefruit.,"Patients receiving therapy with lovastatin, simvastatin, or red yeast rice (which contains lovastatin) should be advised to avoid the consumption of grapefruit and grapefruit juice.  Fluvastatin, prav...More",Metabolism,,DDInter1098
3,green tea,Coadministration with grapefruit juice may significantly increase the plasma concentrations of lovastatin and simvastatin and their active acid metabolites.  The proposed mechanism is inhibition of CYP450 3A4-mediated first-pass metabolism in the gut wall by certain compounds present in grapefruit.,Caution may be advisable when coadministered with green tea or green tea extracts.  Dosing reduction of the statin and/or limiting consumption of green tea and green tea products may be required if an...More,Metabolism,,DDInter1098
2,alcohol,"Alcohol may potentiate some of the pharmacologic effects of CNS-active agents.  Use in combination may result in additive central nervous system depression and/or impairment of judgment, thinking, and psychomotor skills.",Patients receiving CNS-active agents should be warned of this interaction and advised to avoid or limit consumption of alcohol.  Ambulatory patients should be counseled to avoid hazardous activities r...More,Synergy,,DDInter1099
No matching records,,,,,,DDInter1100
No matching records,,,,,,DDInter1101
2,alcohol,"Alcohol may potentiate some of the pharmacologic effects of central nervous system (CNS)-active agents.  Use in combination may result in additive CNS depression and/or impairment of judgment, thinking, and psychomotor skills.","Patients receiving CNS-active agents should be advised to avoid or limit consumption of alcohol.  Ambulatory patients should be counseled against driving, operating machinery, or engaging in potential...More",Synergy,,DDInter1102
2,grapefruit juice,Grapefruit and grapefruit juice may increase the plasma concentrations of lumateperone.  The proposed mechanism is inhibition of CYP450 3A4-mediated first-pass metabolism in the gut wall by certain compounds present in grapefruit.  Inhibition of hepatic CYP,Lumateperone should be administered with food.  Coadministration of grapefruit or grapefruit juice with lumateperone should be avoided.,Metabolism,,DDInter1102
No matching records,,,,,,DDInter1103
3,grapefruit juice,Grapefruit juice may significantly increase the plasma concentrations of lurasidone.  The proposed mechanism is inhibition of CYP450 3A4-mediated first-pass metabolism in the gut wall by certain compounds present in grapefruit.,Patients treated with lurasidone should avoid consumption of grapefruit and grapefruit juice as well as alcohol.  Lurasidone should be taken with food (at least 350 calories).,Metabolism,,DDInter1104
2,grapefruit juice,"Coadministration with inhibitors of CYP450 3A4 such as grapefruit juice may increase the plasma concentrations of lurbinectedin, which may increase the incidence and severity of adverse reactions, such as myelosuppression and hepatotoxicity.",The manufacturer recommends avoiding eating or drinking grapefruit or products that contain grapefruit juice during treatment with lurbenectedin.,Metabolism,,DDInter1105
No matching records,,,,,,DDInter1106
No matching records,,,,,,DDInter1107
No matching records,,,,,,DDInter1108
No matching records,,,,,,DDInter1109
2,food,"Food reduces the oral bioavailability of macimorelin.  According to the product labeling, administration with a liquid meal decreased macimorelin peak plasma concentration (Cmax) and systemic exposure (AUC) by 55% and 49%, respectively, compared to administration under fasting conditions (i.e., for at least 8 hours).",Macimorelin should be administered after fasting for at least 8 hours.,Absorption,,DDInter1110
No matching records,,,,,,DDInter1111
No matching records,,,,,,DDInter1112
No matching records,,,,,,DDInter1113
No matching records,,,,,,DDInter1114
No matching records,,,,,,DDInter1115
No matching records,,,,,,DDInter1116
No matching records,,,,,,DDInter1117
No matching records,,,,,,DDInter1118
No matching records,,,,,,DDInter1119
No matching records,,,,,,DDInter1120
No matching records,,,,,,DDInter1121
No matching records,,,,,,DDInter1122
No matching records,,,,,,DDInter1123
2,alcohol,"Alcohol may potentiate some of the pharmacologic effects of CNS-active agents.  Use in combination may result in additive central nervous system depression and/or impairment of judgment, thinking, and psychomotor skills.",Patients receiving CNS-active agents should be warned of this interaction and advised to avoid or limit consumption of alcohol.  Ambulatory patients should be counseled to avoid hazardous activities r...More,Synergy,,DDInter1124
1,high-fat foods,"Administration with food may reduce the bioavailability of maraviroc.  According to the product labeling, coadministration of a 300 mg dose of maraviroc with a high-fat breakfast reduced maraviroc peak plasma concentration (Cmax) and systemic exposure (AUC) by 33% in healthy volunteers.","No food restrictions were used in the clinical studies that demonstrated the safety and efficacy of maraviroc.  Therefore, maraviroc can be taken with or without food at the recommended dosage.",Others,,DDInter1125
No matching records,,,,,,DDInter1126
No matching records,,,,,,DDInter1127
No matching records,,,,,,DDInter1128
No matching records,,,,,,DDInter1129
No matching records,,,,,,DDInter1130
No matching records,,,,,,DDInter1131
No matching records,,,,,,DDInter1132
No matching records,,,,,,DDInter1133
2,alcohol,"Use of anticholinergic agents with alcohol may result in sufficient impairment of attention so as to render driving and operating machinery more hazardous.  In addition, the potential for abuse may be increased with the combination.  The mechanism of interaction is not established but may involve additive depressant effects on the central nervous system.",Alcohol should generally be avoided during therapy with anticholinergic agents.  Patients should be counseled to avoid activities requiring mental alertness until they know how these agents affect the...More,Synergy,,DDInter1134
2,alcohol,The concurrent use of aspirin or nonsteroidal anti-inflammatory drugs (NSAIDs) and ethanol may lead to gastrointestinal (GI) blood loss.  The mechanism may be due to a combined local effect as well as inhibition of prostaglandins leading to decreased integrity of the GI lining.,Patients should be counseled on this potential interaction and advised to refrain from alcohol consumption while taking aspirin or NSAIDs.,Synergy,,DDInter1135
No matching records,,,,,,DDInter1136
No matching records,,,,,,DDInter1137
2,alcohol,The concurrent use of aspirin or nonsteroidal anti-inflammatory drugs (NSAIDs) and ethanol may lead to gastrointestinal (GI) blood loss.  The mechanism may be due to a combined local effect as well as inhibition of prostaglandins leading to decreased integrity of the GI lining.,Patients should be counseled on this potential interaction and advised to refrain from alcohol consumption while taking aspirin or NSAIDs.,Synergy,,DDInter1139
2,high-fat foods,Food enhances the oral absorption and bioavailability of mefloquine.  The proposed mechanism is increased drug solubility in the presence of food.,"To ensure maximal oral absorption, mefloquine should be administered immediately after a meal with at least 8 ounces of water.",Absorption,,DDInter1140
No matching records,,,,,,DDInter1141
2,coffee,Oral caffeine may significantly increase the bioavailability of melatonin.  The proposed mechanism is inhibition of CYP450 1A2 first-pass metabolism.,Caution and monitoring are recommended if melatonin is used with inhibitors of CYP450 1A2 like caffeine or inducers of CYP450 1A2 like cigarette smoking.  Consumption of alcohol should be avoided when...More,Metabolism,,DDInter1142
2,cigarette,Oral caffeine may significantly increase the bioavailability of melatonin.  The proposed mechanism is inhibition of CYP450 1A2 first-pass metabolism.,Caution and monitoring are recommended if melatonin is used with inhibitors of CYP450 1A2 like caffeine or inducers of CYP450 1A2 like cigarette smoking.  Consumption of alcohol should be avoided when...More,Metabolism,,DDInter1142
2,alcohol,The concurrent use of aspirin or nonsteroidal anti-inflammatory drugs (NSAIDs) and ethanol may lead to gastrointestinal (GI) blood loss.  The mechanism may be due to a combined local effect as well as inhibition of prostaglandins leading to decreased integrity of the GI lining.,Patients should be counseled on this potential interaction and advised to refrain from alcohol consumption while taking aspirin or NSAIDs.,Synergy,,DDInter1143
No matching records,,,,,,DDInter1144
No matching records,,,,,,DDInter1145
No matching records,,,,,,DDInter1146
No matching records,,,,,,DDInter1147
No matching records,,,,,,DDInter1148
2,alcohol,"Use of anticholinergic agents with alcohol may result in sufficient impairment of attention so as to render driving and operating machinery more hazardous.  In addition, the potential for abuse may be increased with the combination.  The mechanism of interaction is not established but may involve additive depressant effects on the central nervous system.",Alcohol should generally be avoided during therapy with anticholinergic agents.  Patients should be counseled to avoid activities requiring mental alertness until they know how these agents affect the...More,Synergy,,DDInter1149
2,alcohol,Ethanol may potentiate the central nervous system (CNS) depressant effects of opioid analgesics.,Concomitant use of opioid analgesics with ethanol should be avoided.,Synergy,,DDInter1150
No matching records,,,,,,DDInter1151
No matching records,,,,,,DDInter1152
No matching records,,,,,,DDInter1153
2,alcohol,"Alcohol may potentiate some of the pharmacologic effects of CNS-active agents.  Use in combination may result in additive central nervous system depression and/or impairment of judgment, thinking, and psychomotor skills.",Patients receiving CNS-active agents should be warned of this interaction and advised to avoid or limit consumption of alcohol.  Ambulatory patients should be counseled to avoid hazardous activities r...More,Synergy,,DDInter1154
No matching records,,,,,,DDInter1155
2,food,Limited data suggest that food may decrease the oral bioavailability of 6-mercaptopurine (6-MP).,"Until more information is available regarding the effect of food on 6-MP absorption, it may be advisable to take 6-MP on an empty stomach 1 hour before or 2 hours after a meal.",Absorption,,DDInter1156
No matching records,,,,,,DDInter1157
No matching records,,,,,,DDInter1158
2,alcohol,"Concurrent use of ethanol and phenothiazines may result in additive CNS depression and psychomotor impairment.  Also, ethanol may precipitate dystonic reactions in patients who are taking phenothiazines.",Patients should be advised to avoid alcohol during phenothiazine therapy.,Synergy,,DDInter1159
No matching records,,,,,,DDInter1160
2,alcohol,Alcohol may potentiate the central nervous system and cardiovascular effects of centrally-acting appetite suppressants.,"Concomitant use of centrally-acting appetite suppressants and alcohol should be avoided if possible, especially in patients with a history of cardiovascular disease.  Patients should be counselled to ...More",Synergy,,DDInter1161
No matching records,,,,,,DDInter1162
2,alcohol,"Alcohol may potentiate some of the pharmacologic effects of CNS-active agents.  Use in combination may result in additive central nervous system depression and/or impairment of judgment, thinking, and psychomotor skills.",Patients receiving CNS-active agents should be warned of this interaction and advised to avoid or limit consumption of alcohol.  Ambulatory patients should be counseled to avoid hazardous activities r...More,Synergy,,DDInter1163
3,alcohol,"Alcohol can potentiate the effect of metformin on lactate metabolism and increase the risk of lactic acidosis.  In addition, alcohol may cause hypoglycemia or hyperglycemia in patients with diabetes.  Although hypoglycemia rarely occurs during treatment with metformin alone, the risk may increase with acute consumption of alcohol.  Even modest amounts can lower blood sugar significantly, especially when the alcohol is ingested on an empty stomach or following exercise.  The mechanism involves inhibition of both gluconeogenesis as well as the counter-regulatory response to hypoglycemia.","Metformin should be taken with meals, and excessive alcohol intake should be avoided during treatment.  Diabetes patients in general should avoid consuming alcohol if their blood glucose is not well c...More",Others,,DDInter1164
No matching records,,,,,,DDInter1165
2,alcohol,"Ethanol may potentiate the central nervous system (CNS) depressant effects of opioid analgesics.  Concomitant use may result in additive CNS depression and impairment of judgment, thinking, and psychomotor skills.  In more severe cases, hypotension, respiratory depression, profound sedation, coma, or even death may occur.",Concomitant use of opioid analgesics with ethanol should be avoided.,Synergy,,DDInter1166
2,grapefruit juice,Coadministration with grapefruit juice may increase the plasma concentrations of methadone.  The proposed mechanism is inhibition of CYP450 3A4-mediated first-pass metabolism in the gut wall by certain compounds present in grapefruits.,"Given the interindividual variability in the pharmacokinetics of methadone, a more significant interaction with grapefruit juice in certain patients cannot be ruled out.  Patients treated with methado...More",Metabolism,,DDInter1166
No matching records,,,,,,DDInter1167
No matching records,,,,,,DDInter1168
No matching records,,,,,,DDInter1169
No matching records,,,,,,DDInter1170
No matching records,,,,,,DDInter1171
2,alcohol,"Alcohol may potentiate some of the pharmacologic effects of CNS-active agents.  Use in combination may result in additive central nervous system depression and/or impairment of judgment, thinking, and psychomotor skills.",Patients receiving CNS-active agents should be warned of this interaction and advised to avoid or limit consumption of alcohol.  Ambulatory patients should be counseled to avoid hazardous activities r...More,Synergy,,DDInter1172
3,alcohol,"Concurrent acute use of barbiturates and ethanol may result in additive CNS effects,  including impaired coordination, sedation, and death.  Tolerance of these agents may occur with chronic use.  The mechanism is related to inhibition of microsomal enzymes acutely and induction of hepatic microsomal enzymes chronically.",The combination of ethanol and barbiturates should be avoided.,Metabolism,,DDInter1173
2,alcohol,"Coadministration of methotrexate with other agents known to induce hepatotoxicity may potentiate the risk of liver injury.  Methotrexate, especially at higher dosages or during prolonged treatment, has been associated with severe hepatotoxicity including acute hepatitis, chronic fibrosis, cirrhosis, and fatal liver failure.","The risk of hepatic injury should be considered when methotrexate is used with other potentially hepatotoxic agents (e.g., acetaminophen; alcohol; androgens and anabolic steroids; antituberculous agen...More",Synergy,,DDInter1174
2,coffee,"Limited data suggest that consumption of greater than 180 mg/day of caffeine may interfere with the efficacy of methotrexate (MTX) in patients with rheumatoid arthritis.  The exact mechanism of interaction is unknown but may be related to the antagonistic effect of caffeine on adenosine receptors, as anti-inflammatory properties of MTX is thought to result from the accumulation of adenosine.","Until further information is available, the potential for interaction should be considered in patients who consume substantial amounts of caffeine and caffeine-containing foods and are prescribed meth...More",Antagonism,,DDInter1174
No matching records,,,,,,DDInter1175
No matching records,,,,,,DDInter1176
2,foods containing photosensitizing components,"The ingestion of foods containing photosensitizing components (e.g., limes, figs, parsley, parsnips, rue (Ruta graveolens), mustard, carrots and celery) may increase the risk of photosensitivity and severe burning during methoxsalen therapy.",Patients who are undergoing PUVA treatment and taking methoxsalen should be advised to avoid eating large quantities of these foods.,Synergy,,DDInter1177
No matching records,,,,,,DDInter1178
No matching records,,,,,,DDInter1179
2,alcohol,"Use of anticholinergic agents with alcohol may result in sufficient impairment of attention so as to render driving and operating machinery more hazardous.  In addition, the potential for abuse may be increased with the combination.  The mechanism of interaction is not established but may involve additive depressant effects on the central nervous system.",Alcohol should generally be avoided during therapy with anticholinergic agents.  Patients should be counseled to avoid activities requiring mental alertness until they know how these agents affect the...More,Synergy,,DDInter1180
2,alcohol,"Alcohol may potentiate some of the pharmacologic effects of CNS-active agents.  Use in combination may result in additive central nervous system depression and/or impairment of judgment, thinking, and psychomotor skills.",Patients receiving CNS-active agents should be warned of this interaction and advised to avoid or limit consumption of alcohol.  Ambulatory patients should be counseled to avoid hazardous activities r...More,Synergy,,DDInter1181
No matching records,,,,,,DDInter1182
No matching records,,,,,,DDInter1183
No matching records,,,,,,DDInter1184
2,alcohol,"Many psychotherapeutic and CNS-active agents (e.g., anxiolytics, sedatives, hypnotics, antidepressants, antipsychotics, opioids, alcohol, muscle relaxants) exhibit hypotensive effects, especially during initiation of therapy and dose escalation.  Coadministration with antihypertensives and other hypotensive agents, in particular vasodilators and alpha-blockers, may result in additive effects on blood pressure and orthostasis.",Caution and close monitoring for development of hypotension is advised during coadministration of these agents.  Some authorities recommend avoiding alcohol in patients receiving vasodilating antihype...More,Synergy,,DDInter1185
No matching records,,,,,,DDInter1186
2,grapefruit juice,Grapefruit juice may increase the plasma concentrations of orally administered drugs that are substrates of the CYP450 3A4 isoenzyme.  The proposed mechanism is inhibition of CYP450 3A4-mediated first-pass metabolism in the gut wall by certain compounds present in grapefruit.,Patients who regularly consume grapefruit or grapefruit juice should be monitored for adverse effects and altered plasma concentrations of drugs that undergo significant presystemic metabolism by CYP4...More,Metabolism,,DDInter1187
2,high-fat foods,"Food may reduce the rate and extent of absorption of methylnaltrexone following oral administration.  When a single 450 mg oral dose of methylnaltrexone was administered with a high-fat breakfast (approximately 800 to 1000 calories; 60% from fat, 25% from carbohydrate, and 15% from protein) in healthy study subjects, methylnaltrexone peak plasma concentration (Cmax) and systemic exposure (AUC) decreased by 60% and 43%, respectively, while time to reach Cmax delayed by 2 hours.",Oral methylnaltrexone should be taken with water on an empty stomach at least 30 minutes before the first meal of the day.,Absorption,,DDInter1188
2,alcohol,"Alcohol may exacerbate the adverse central nervous system effects of psychoactive drugs, including methylphenidate.",Patients treated with methylphenidate should be advised to avoid alcohol or medications that contain alcohol.,Synergy,,DDInter1189
3,alcohol,"Concurrent acute use of barbiturates and ethanol may result in additive CNS effects,  including impaired coordination, sedation, and death.  Tolerance of these agents may occur with chronic use.  The mechanism is related to inhibition of microsomal enzymes acutely and induction of hepatic microsomal enzymes chronically.",The combination of ethanol and barbiturates should be avoided.,Metabolism,,DDInter1190
2,grapefruit juice,"Grapefruit juice may increase the plasma concentrations of orally administered drugs that are substrates of the CYP450 3A4 isoenzyme.  The proposed mechanism is inhibition of CYP450 3A4-mediated first-pass metabolism in the gut wall by certain compounds present in grapefruit.  Because grapefruit juice inhibits primarily intestinal rather than hepatic CYP450 3A4, the magnitude of interaction is greatest for those drugs that undergo significant presystemic metabolism by CYP450 3A4 (i.e., drugs with low oral bioavailability).  In general, the effect of grapefruit juice is concentration-, dose- and preparation-dependent, and can vary widely among brands.  Certain preparations of grapefruit juice (e.g., high dose, double strength) have sometimes demonstrated potent inhibition of CYP450 3A4, while other preparations (e.g., low dose, single strength) have typically demonstrated moderate inhibition.  Pharmacokinetic interactions involving grapefruit juice are also subject to a high degree of interpatient variability, thus the extent to which a given patient may be affected is difficult to predict.",Patients who regularly consume grapefruit or grapefruit juice should be monitored for adverse effects and altered plasma concentrations of drugs that undergo significant presystemic metabolism by CYP4...More,Metabolism,,DDInter1191
No matching records,,,,,,DDInter1192
No matching records,,,,,,DDInter1193
No matching records,,,,,,DDInter1194
No matching records,,,,,,DDInter1195
No matching records,,,,,,DDInter1196
2,alcohol,"Alcohol may potentiate some of the pharmacologic effects of CNS-active agents.  Use in combination may result in additive central nervous system depression and/or impairment of judgment, thinking, and psychomotor skills.",Patients receiving CNS-active agents should be warned of this interaction and advised to avoid or limit consumption of alcohol.  Ambulatory patients should be counseled to avoid hazardous activities r...More,Synergy,,DDInter1197
No matching records,,,,,,DDInter1198
2,alcohol,"Many psychotherapeutic and CNS-active agents (e.g., anxiolytics, sedatives, hypnotics, antidepressants, antipsychotics, opioids, alcohol, muscle relaxants) exhibit hypotensive effects, especially during initiation of therapy and dose escalation.  Coadministration with antihypertensives and other hypotensive agents, in particular vasodilators and alpha-blockers, may result in additive effects on blood pressure and orthostasis.",Caution and close monitoring for development of hypotension is advised during coadministration of these agents.  Some authorities recommend avoiding alcohol in patients receiving vasodilating antihype...More,Synergy,,DDInter1199
2,alcohol,"Many psychotherapeutic and CNS-active agents (e.g., anxiolytics, sedatives, hypnotics, antidepressants, antipsychotics, opioids, alcohol, muscle relaxants) exhibit hypotensive effects, especially during initiation of therapy and dose escalation.  Coadministration with antihypertensives and other hypotensive agents, in particular vasodilators and alpha-blockers, may result in additive effects on blood pressure and orthostasis.",Caution and close monitoring for development of hypotension is advised during coadministration of these agents.  Some authorities recommend avoiding alcohol in patients receiving vasodilating antihype...More,Synergy,,DDInter1200
2,food,The bioavailability of metoprolol may be enhanced by food.,"Patients may be instructed to take metoprolol at the same time each day, preferably with or immediately following meals.",Absorption,,DDInter1200
No matching records,,,,,,DDInter1201
3,alcohol,"Use of alcohol or products containing alcohol during nitroimidazole therapy may result in a disulfiram-like reaction in some patients.  There have been a few case reports involving metronidazole, although data overall are not convincing.  The presumed mechanism is inhibition of aldehyde dehydrogenase (ALDH) by metronidazole in a manner similar to disulfiram.  Following ingestion of alcohol, inhibition of ALDH results in increased concentrations of acetaldehyde, the accumulation of which can produce an unpleasant physiologic response referred to as the 'disulfiram reaction'.","Because clear evidence is lacking concerning the safety of ethanol use during nitroimidazole therapy, patients should be apprised of the potential for interaction.  Consumption of alcoholic beverages ...More",Metabolism,,DDInter1202
2,alcohol,"Use of alcohol or products containing alcohol during nitroimidazole therapy may result in a disulfiram-like reaction in some patients.  There have been a few case reports involving metronidazole, although data overall are not convincing.  The presumed mechanism is inhibition of aldehyde dehydrogenase (ALDH) by metronidazole in a manner similar to disulfiram.  Following ingestion of alcohol, inhibition of ALDH results in increased concentrations of acetaldehyde, the accumulation of which can produce an unpleasant physiologic response referred to as the 'disulfiram reaction'.","Because clear evidence is lacking concerning the safety of ethanol use during nitroimidazole therapy, patients should be apprised of the potential for interaction and instructed to avoid alcoholic bev...More",Metabolism,,DDInter1203
No matching records,,,,,,DDInter1204
2,alcohol,"Metyrosine, when coadministered with other CNS depressants including alcoholic beverages, may lead to excessive somnolence and other forms of nervous system depression.","The patient should be informed to use caution if these agents are coadministered, especially if performing hazardous tasks such as driving or operating machinery.",Synergy,,DDInter1205
No matching records,,,,,,DDInter1206
No matching records,,,,,,DDInter1207
No matching records,,,,,,DDInter1208
No matching records,,,,,,DDInter1209
No matching records,,,,,,DDInter1210
No matching records,,,,,,DDInter1211
2,grapefruit juice,"The pharmacologic activity of oral midazolam, triazolam, and alprazolam may be increased if taken after drinking grapefruit juice.  The proposed mechanism is CYP450 3A4 enzyme inhibition.  In addition, acute alcohol ingestion may potentiate CNS depression and other CNS effects of many benzodiazepines.  Tolerance may develop with chronic ethanol use.  The mechanism may be decreased clearance of the benzodiazepines because of CYP450 hepatic enzyme inhibition.  Also, it has been suggested that the cognitive deficits induced by benzodiazepines may be increased in patients who chronically consume large amounts of alcohol.","The manufacturer recommends that grapefruit juice should not be taken with oral midazolam.  Patients taking triazolam or alprazolam should be monitored for excessive sedation.  Alternatively, the pati...More",Metabolism,,DDInter1212
2,alcohol,"The pharmacologic activity of oral midazolam, triazolam, and alprazolam may be increased if taken after drinking grapefruit juice.  The proposed mechanism is CYP450 3A4 enzyme inhibition.  In addition, acute alcohol ingestion may potentiate CNS depression and other CNS effects of many benzodiazepines.  Tolerance may develop with chronic ethanol use.  The mechanism may be decreased clearance of the benzodiazepines because of CYP450 hepatic enzyme inhibition.  Also, it has been suggested that the cognitive deficits induced by benzodiazepines may be increased in patients who chronically consume large amounts of alcohol.","The manufacturer recommends that grapefruit juice should not be taken with oral midazolam.  Patients taking triazolam or alprazolam should be monitored for excessive sedation.  Alternatively, the pati...More",Unknown,,DDInter1212
No matching records,,,,,,DDInter1213
3,grapefruit juice,"Grapefruit juice may significantly increase the plasma concentrations of midostaurin.  The proposed mechanism is inhibition of CYP450 3A4-mediated first-pass metabolism in the gut wall by certain compounds present in grapefruit.  In general, the effect of grapefruit juice is concentration-, dose- and preparation-dependent, and can vary widely among brands.",The manufacturer recommends taking midostaurin with food.  Midostaurin was administered with food in clinical trials.  Patients should avoid consumption of grapefruit and grapefruit juice during treat...More,Metabolism,,DDInter1214
2,grapefruit juice,Food may significantly increase the plasma concentrations of mifepristone.,"When mifepristone is used daily to control hyperglycemia secondary to hypercortisolism in patients with endogenous Cushing's syndrome, it should be taken with food to achieve consistent plasma drug le...More",Others,,DDInter1215
2,high-fat foods,"Food may reduce the oral bioavailability of migalastat.  When migalastat was administered one hour before a high-fat (850 calories; 56% from fat) or light meal (507 calories; 30% from fat), or one hour after a light meal, mean migalastat peak plasma concentration (Cmax) decreased by 15% to 39% and systemic exposure (AUC) decreased by 37% to 42% compared to administration in the fasting state.",Migalastat should be taken on an empty stomach.  Patients should avoid eating for at least 2 hours before and 2 hours after taking migalastat to give a minimum 4 hours fast.  Clear liquids can be cons...More,Absorption,,DDInter1216
2,alcohol,"Alcohol may cause hypoglycemia or hyperglycemia in patients with diabetes.  Hypoglycemia most frequently occurs during acute consumption of alcohol.  Even modest amounts can lower blood sugar significantly, especially when the alcohol is ingested on an empty stomach or following exercise.  The mechanism involves inhibition of both gluconeogenesis as well as the counter-regulatory response to hypoglycemia.","Patients with diabetes should avoid consuming alcohol if their blood glucose is not well controlled, or if they have hypertriglyceridemia, neuropathy, or pancreatitis.  Patients with well controlled d...More",Others,,DDInter1217
No matching records,,,,,,DDInter1218
No matching records,,,,,,DDInter1219
2,alcohol,Use of milnacipran in conjunction with chronic alcohol consumption may potentiate the risk of liver injury.  Milnacipran alone can increase serum transaminase levels.,"Due to the risk of liver injury, patients prescribed milnacipran should be counseled to avoid excessive use of alcohol.  Milnacipran should generally not be prescribed to patients with substantial alc...More",Synergy,,DDInter1220
No matching records,,,,,,DDInter1221
2,food,"Administration of miltefosine with food may help reduce gastrointestinal adverse effects such as nausea, vomiting, abdominal pain, and diarrhea.",Miltefosine should be administered with meals to help improve gastrointestinal tolerance.  Patients should be advised to contact their physician if they develop severe or persistent vomiting or diarrh...More,Antagonism,,DDInter1222
No matching records,,,,,,DDInter1223
No matching records,,,,,,DDInter1224
No matching records,,,,,,DDInter1225
2,alcohol,"Many psychotherapeutic and CNS-active agents (e.g., anxiolytics, sedatives, hypnotics, antidepressants, antipsychotics, opioids, alcohol, muscle relaxants) exhibit hypotensive effects, especially during initiation of therapy and dose escalation.  Coadministration with antihypertensives and other hypotensive agents, in particular vasodilators and alpha-blockers, may result in additive effects on blood pressure and orthostasis.",Caution and close monitoring for development of hypotension is advised during coadministration of these agents.  Some authorities recommend avoiding alcohol in patients receiving vasodilating antihype...More,Synergy,,DDInter1226
No matching records,,,,,,DDInter1227
3,alcohol,Coadministration with alcohol may increase the risk of hepatotoxicity associated with the use of mipomersen.,"Since alcohol may increase levels of hepatic fat and induce or exacerbate liver injury, the manufacturer recommends that patients taking mipomersen not consume more than one alcoholic drink per day.",Synergy,,DDInter1228
2,alcohol,"Alcohol may potentiate some of the pharmacologic effects of CNS-active agents.  Use in combination may result in additive central nervous system depression and/or impairment of judgment, thinking, and psychomotor skills.",Patients receiving CNS-active agents should be warned of this interaction and advised to avoid or limit consumption of alcohol.  Ambulatory patients should be counseled to avoid hazardous activities r...More,Metabolism,,DDInter1230
No matching records,,,,,,DDInter1231
No matching records,,,,,,DDInter1232
No matching records,,,,,,DDInter1233
No matching records,,,,,,DDInter1234
No matching records,,,,,,DDInter1235
1,dairy products,"Administration with food may delay the absorption of modafinil (the racemate) and armodafinil (the R-enantiomer) without significantly affecting their overall bioavailability.  According to the product labeling, modafinil's absorption may be delayed by approximately one hour if taken with food.  Similarly, the time to reach peak plasma concentration (Tmax) of armodafinil may be delayed by approximately 2 to 4 hours in the fed state.",Modafinil should be administered at least 2 hours before (4 hours for dairy products) or 4 hours after meals.,Absorption,,DDInter1236
2,alcohol,"Many psychotherapeutic and CNS-active agents (e.g., anxiolytics, sedatives, hypnotics, antidepressants, antipsychotics, opioids, alcohol, muscle relaxants) exhibit hypotensive effects, especially during initiation of therapy and dose escalation.  Coadministration with antihypertensives and other hypotensive agents, in particular vasodilators and alpha-blockers, may result in additive effects on blood pressure and orthostasis.",Caution and close monitoring for development of hypotension is advised during coadministration of these agents.  Some authorities recommend avoiding alcohol in patients receiving vasodilating antihype...More,Synergy,,DDInter1237
2,Food High in Potassium,"Moderate-to-high dietary intake of potassium can cause hyperkalemia in some patients who are using angiotensin converting enzyme (ACE) inhibitors.  In some cases, affected patients were using a potassium-rich salt substitute.  ACE inhibitors can promote hyperkalemia through inhibition of the renin-aldosterone-angiotensin (RAA) system.",It is recommended that patients who are taking ACE inhibitors be advised to avoid moderately high or high potassium dietary intake.  Particular attention should be paid to the potassium content of sal...More,Synergy,,DDInter1237
No matching records,,,,,,DDInter1238
2,alcohol,"Alcohol may potentiate some of the pharmacologic effects of CNS-active agents.  Use in combination may result in additive central nervous system depression and/or impairment of judgment, thinking, and psychomotor skills.",Patients receiving CNS-active agents should be warned of this interaction and advised to avoid or limit consumption of alcohol.  Ambulatory patients should be counseled to avoid hazardous activities r...More,Metabolism,,DDInter1239
No matching records,,,,,,DDInter1240
No matching records,,,,,,DDInter1241
No matching records,,,,,,DDInter1242
No matching records,,,,,,DDInter1243
2,alcohol,"Ethanol may potentiate the central nervous system (CNS) depressant effects of opioid analgesics.  Concomitant use may result in additive CNS depression and impairment of judgment, thinking, and psychomotor skills.  In more severe cases, hypotension, respiratory depression, profound sedation, coma, or even death may occur.",Concomitant use of opioid analgesics with ethanol should be avoided.,Synergy,,DDInter1244
3,alcohol,"Alcohol may potentiate the central nervous system (CNS) depressant effects of opioid analgesics including morphine and diamorphine.  Concomitant use may result in additive CNS depression and impairment of judgment, thinking, and psychomotor skills.  In more severe cases, hypotension, respiratory depression, profound sedation, coma, or even death may occur.","Until more information is available, patients taking sustained-release formulations of morphine should not consume alcohol or use medications that contain alcohol.  In general, potent narcotics such a...More",Synergy,,DDInter1244
No matching records,,,,,,DDInter1245
No matching records,,,,,,DDInter1246
No matching records,,,,,,DDInter1247
No matching records,,,,,,DDInter1248
No matching records,,,,,,DDInter1249
No matching records,,,,,,DDInter1250
No matching records,,,,,,DDInter1251
2,high-fat foods,"Administration of enteric coated mycophenolic acid with meals may alter its pharmacokinetics relative to administration in the fasting state.  When mycophenolic acid 720 mg was administered with a high-fat meal, there was a 33% decrease in the peak plasma concentration (Cmax); a 3.5-hour increase in delay time for the rise of plasma mycophenolic acid; and a 5-hour delay in the time to reach peak plasma concentration (Tmax).  However, no effect was observed on the systemic exposure of mycophenolic acid.","To avoid variability in drug absorption between doses, enteric coated formulations of mycophenolic acid should be taken on an empty stomach, one hour before or two hours after food intake.  The tablet...More",Absorption,,DDInter1252
2,alcohol,"Alcohol may potentiate some of the pharmacologic effects of CNS-active agents.  Use in combination may result in additive central nervous system depression and/or impairment of judgment, thinking, and psychomotor skills.",Patients receiving CNS-active agents should be warned of this interaction and advised to avoid or limit consumption of alcohol.  Ambulatory patients should be counseled to avoid hazardous activities r...More,Synergy,,DDInter1253
2,alcohol,The concurrent use of aspirin or nonsteroidal anti-inflammatory drugs (NSAIDs) and ethanol may lead to gastrointestinal (GI) blood loss.  The mechanism may be due to a combined local effect as well as inhibition of prostaglandins leading to decreased integrity of the GI lining.,Patients should be counseled on this potential interaction and advised to refrain from alcohol consumption while taking aspirin or NSAIDs.,Synergy,,DDInter1254
2,alcohol,"Many psychotherapeutic and CNS-active agents (e.g., anxiolytics, sedatives, hypnotics, antidepressants, antipsychotics, opioids, alcohol, muscle relaxants) exhibit hypotensive effects, especially during initiation of therapy and dose escalation.  Coadministration with antihypertensives and other hypotensive agents, in particular vasodilators and alpha-blockers, may result in additive effects on blood pressure and orthostasis.",Caution and close monitoring for development of hypotension is advised during coadministration of these agents.  Some authorities recommend avoiding alcohol in patients receiving vasodilating antihype...More,Synergy,,DDInter1255
2,green tea,"Coadministration with green tea may significantly decrease the plasma concentrations of nadolol.  The mechanism of interaction has not been established, but may involve inhibition of OATP1A2-mediated uptake of nadolol in the intestine by catechins in green tea.","Based on available data, patients should be advised to limit their consumption of green tea and green tea extracts during treatment with nadolol.",Unknown,,DDInter1255
2,food,Certain penicillins may exhibit reduced gastrointestinal absorption in the presence of food.  The therapeutic effect of the antimicrobial may be reduced.,The interacting penicillin should be administered one hour before or two hours after meals.  Penicillin V and amoxicillin are not affected by food and may be given without regard to meals.,Absorption,,DDInter1256
2,alcohol,"Ethanol may potentiate the central nervous system (CNS) depressant effects of opioid analgesics.  Concomitant use may result in additive CNS depression and impairment of judgment, thinking, and psychomotor skills.  In more severe cases, hypotension, respiratory depression, profound sedation, coma, or even death may occur.",Concomitant use of opioid analgesics with ethanol should be avoided.,Synergy,,DDInter1257
2,grapefruit juice,Grapefruit juice may increase the plasma concentrations of naldemedine.  The proposed mechanism is inhibition of CYP450 3A4-mediated first-pass metabolism in the gut wall by certain compounds present in grapefruit.,Naldemedine may be taken with or without food.  Patients should avoid consumption of grapefruit and grapefruit juice during treatment with naldemedine.,Metabolism,,DDInter1258
No matching records,,,,,,DDInter1259
No matching records,,,,,,DDInter1260
3,grapefruit juice,Grapefruit juice may significantly increase the plasma concentrations of naloxegol.  The proposed mechanism is inhibition of CYP450 3A4-mediated first-pass metabolism in the gut wall by certain compounds present in grapefruit.,Patients treated with naloxegol should avoid consumption of grapefruit and grapefruit juice.  Naloxegol should be taken on an empty stomach at least 1 hour prior to the first meal of the day or 2 hour...More,Metabolism,,DDInter1261
2,alcohol,Coadministration of naltrexone with other agents known to induce hepatotoxicity may potentiate the risk of liver injury.,"The use of naltrexone with other potentially hepatotoxic agents should be avoided whenever possible (e.g., acetaminophen; alcohol; androgens and anabolic steroids; antituberculous agents; azole antifu...More",Synergy,,DDInter1263
No matching records,,,,,,DDInter1264
No matching records,,,,,,DDInter1265
2,alcohol,The concurrent use of aspirin or nonsteroidal anti-inflammatory drugs (NSAIDs) and ethanol may lead to gastrointestinal (GI) blood loss.  The mechanism may be due to a combined local effect as well as inhibition of prostaglandins leading to decreased integrity of the GI lining.,Patients should be counseled on this potential interaction and advised to refrain from alcohol consumption while taking aspirin or NSAIDs.,Synergy,,DDInter1266
No matching records,,,,,,DDInter1267
No matching records,,,,,,DDInter1268
2,alcohol,"Alcohol may cause hypoglycemia or hyperglycemia in patients with diabetes.  Hypoglycemia most frequently occurs during acute consumption of alcohol.  Even modest amounts can lower blood sugar significantly, especially when the alcohol is ingested on an empty stomach or following exercise.  The mechanism involves inhibition of both gluconeogenesis as well as the counter-regulatory response to hypoglycemia.  Episodes of hypoglycemia may last for 8 to 12 hours after ethanol ingestion.  By contrast, chronic alcohol abuse can cause impaired glucose tolerance and hyperglycemia.  Moderate alcohol consumption generally does not affect blood glucose levels in patients with well controlled diabetes.","Patients with diabetes should avoid consuming alcohol if their blood glucose is not well controlled, or if they have hypertriglyceridemia, neuropathy, or pancreatitis.  Patients with well controlled d...More",Others,,DDInter1269
No matching records,,,,,,DDInter1270
2,alcohol,"Many psychotherapeutic and CNS-active agents (e.g., anxiolytics, sedatives, hypnotics, antidepressants, antipsychotics, opioids, alcohol, muscle relaxants) exhibit hypotensive effects, especially during initiation of therapy and dose escalation.  Coadministration with antihypertensives and other hypotensive agents, in particular vasodilators and alpha-blockers, may result in additive effects on blood pressure and orthostasis.",Caution and close monitoring for development of hypotension is advised during coadministration of these agents.  Some authorities recommend avoiding alcohol in patients receiving vasodilating antihype...More,Synergy,,DDInter1271
No matching records,,,,,,DDInter1272
No matching records,,,,,,DDInter1273
2,alcohol,"Alcohol may potentiate some of the pharmacologic effects of CNS-active agents.  Use in combination may result in additive central nervous system depression and/or impairment of judgment, thinking, and psychomotor skills.",Patients receiving CNS-active agents should be warned of this interaction and advised to avoid or limit consumption of alcohol.  Ambulatory patients should be counseled to avoid hazardous activities r...More,Synergy,,DDInter1274
No matching records,,,,,,DDInter1275
No matching records,,,,,,DDInter1276
No matching records,,,,,,DDInter1277
No matching records,,,,,,DDInter1278
No matching records,,,,,,DDInter1279
No matching records,,,,,,DDInter1280
3,grapefruit juice,"Grapefruit, grapefruit juice, grapefruit hybrids, pomelos, star-fruit, and Seville oranges may increase the plasma concentrations of neratinib.  The proposed mechanism is inhibition of CYP450 3A4-mediated first-pass metabolism in the gut wall by certain compounds present in these fruits.  Inhibition of hepatic CYP450 3A4 may also contribute.","The manufacturer recommends administering neratinib with food at approximately the same time every day.  Patients should avoid consumption of grapefruit, grapefruit juice, grapefruit hybrids, pomelos,...More",Metabolism,,DDInter1281
No matching records,,,,,,DDInter1282
No matching records,,,,,,DDInter1283
No matching records,,,,,,DDInter1284
No matching records,,,,,,DDInter1285
2,alcohol,"Ethanol can exacerbate the cutaneous flushing that is a common side effect of niacin.  At least one case of delirium and lactic acidosis has been reported with coadministration of these drugs, although data are limited.","Coadministration should probably be discouraged, particularly since chronic consumption of large amounts of alcohol is associated with hyperlipidemia.",Synergy,,DDInter1286
2,alcohol,"Many psychotherapeutic and CNS-active agents (e.g., anxiolytics, sedatives, hypnotics, antidepressants, antipsychotics, opioids, alcohol, muscle relaxants) exhibit hypotensive effects, especially during initiation of therapy and dose escalation.  Coadministration with antihypertensives and other hypotensive agents, in particular vasodilators and alpha-blockers, may result in additive effects on blood pressure and orthostasis.",Caution and close monitoring for development of hypotension is advised during coadministration of these agents.  Some authorities recommend avoiding alcohol in patients receiving vasodilating antihype...More,Synergy,,DDInter1287
2,grapefruit juice,"The consumption of grapefruit juice may be associated with significantly increased plasma concentrations of some calcium channel blockers (CCBs) when they are administered orally.  The proposed mechanism is inhibition of CYP450 3A4-mediated first-pass metabolism in the gut wall by certain compounds present in grapefruit.  The interaction has been reported with the dihydropyridine CCBs (in roughly decreasing order of magnitude) felodipine, nisoldipine, nifedipine, and nimodipine, often with a high degree of interindividual variability.  Grapefruit juice caused more than twofold increases in felodipine, nifedipine, and nisoldipine AUCs.",The manufacturers of nifedipine and nisoldipine recommend avoiding grapefruit juice.  Patients treated orally with other calcium channel blockers should be advised to avoid consumption of large amount...More,Metabolism,,DDInter1287
No matching records,,,,,,DDInter1288
No matching records,,,,,,DDInter1289
No matching records,,,,,,DDInter1290
2,alcohol,"Many psychotherapeutic and CNS-active agents (e.g., anxiolytics, sedatives, hypnotics, antidepressants, antipsychotics, opioids, alcohol, muscle relaxants) exhibit hypotensive effects, especially during initiation of therapy and dose escalation.  Coadministration with antihypertensives and other hypotensive agents, in particular vasodilators and alpha-blockers, may result in additive effects on blood pressure and orthostasis.",Caution and close monitoring for development of hypotension is advised during coadministration of these agents.  Some authorities recommend avoiding alcohol in patients receiving vasodilating antihype...More,Synergy,,DDInter1291
2,grapefruit juice,"The consumption of grapefruit juice may be associated with significantly increased plasma concentrations of some calcium channel blockers (CCBs) when they are administered orally.  The proposed mechanism is inhibition of CYP450 3A4-mediated first-pass metabolism in the gut wall by certain compounds present in grapefruit.  The interaction has been reported with the dihydropyridine CCBs (in roughly decreasing order of magnitude) felodipine, nisoldipine, nifedipine, and nimodipine, often with a high degree of interindividual variability.  Grapefruit juice caused more than twofold increases in felodipine, nifedipine, and nisoldipine AUCs.",The manufacturers of nifedipine and nisoldipine recommend avoiding grapefruit juice.  Patients treated orally with other calcium channel blockers should be advised to avoid consumption of large amount...More,Metabolism,,DDInter1291
3,alcohol,Use of alcohol or products containing alcohol during therapy with nitrofurans may result in a disulfiram-like reaction in some patients.  The presumed mechanism is inhibition of aldehyde dehydrogenase (ALDH) by nitrofurans in a manner similar to disulfiram.,"Consumption of alcohol is considered contraindicated during nifurtimox therapy.  To ensure maximal oral absorption, nifurtimox should be administered with food.",Metabolism,,DDInter1292
3,grapefruit juice,Grapefruit juice may increase the plasma concentrations of nilotinib.  The proposed mechanism is inhibition of CYP450 3A4-mediated first-pass metabolism in the gut wall by certain compounds present in grapefruits.,"Patients treated with nilotinib should avoid consumption of grapefruit, grapefruit juice, and any supplement containing grapefruit extract.  In addition, no food should be consumed for at least 2 hour...More",Metabolism,,DDInter1293
2,alcohol,"Alcohol intolerance has been reported in 5% to 20% of patients following administration of nilutamide in clinical studies.  Symptoms include facial flushes, malaise, and hypotension.",Consumption of alcoholic beverages should be avoided in patients who experience alcohol intolerance with nilutamide.,Others,,DDInter1294
2,alcohol,"Many psychotherapeutic and CNS-active agents (e.g., anxiolytics, sedatives, hypnotics, antidepressants, antipsychotics, opioids, alcohol, muscle relaxants) exhibit hypotensive effects, especially during initiation of therapy and dose escalation.  Coadministration with antihypertensives and other hypotensive agents, in particular vasodilators and alpha-blockers, may result in additive effects on blood pressure and orthostasis",Caution and close monitoring for development of hypotension is advised during coadministration of these agents.  Some authorities recommend avoiding alcohol in patients receiving vasodilating antihype...More,Synergy,,DDInter1295
2,grapefruit juice,"The consumption of grapefruit juice may be associated with significantly increased plasma concentrations of some calcium channel blockers (CCBs) when they are administered orally.  The proposed mechanism is inhibition of CYP450 3A4-mediated first-pass metabolism in the gut wall by certain compounds present in grapefruit.  The interaction has been reported with the dihydropyridine CCBs (in roughly decreasing order of magnitude) felodipine, nisoldipine, nifedipine, and nimodipine, often with a high degree of interindividual variability.  Grapefruit juice caused more than twofold increases in felodipine, nifedipine, and nisoldipine AUCs.",The manufacturers of nifedipine and nisoldipine recommend avoiding grapefruit juice.  Patients treated orally with other calcium channel blockers should be advised to avoid consumption of large amount...More,Metabolism,,DDInter1295
2,food,"Food enhances the oral bioavailability of nintedanib.  After food intake, nintedanib exposure increased by approximately 20% compared to administration under fasted conditions.  Absorption was also delayed, as indicated by an increase in the median time to reach maximum plasma concentration (Tmax) from 2 hours in the fasted state to approximately 4 hours under fed conditions, irrespective of the type of food ingested.",Nintedanib should be administered with food.,Absorption,,DDInter1296
No matching records,,,,,,DDInter1297
2,alcohol,"Many psychotherapeutic and CNS-active agents (e.g., anxiolytics, sedatives, hypnotics, antidepressants, antipsychotics, opioids, alcohol, muscle relaxants) exhibit hypotensive effects, especially during initiation of therapy and dose escalation.  Coadministration with antihypertensives and other hypotensive agents, in particular vasodilators and alpha-blockers, may result in additive effects on blood pressure and orthostasis.",Caution and close monitoring for development of hypotension is advised during coadministration of these agents.  Some authorities recommend avoiding alcohol in patients receiving vasodilating antihype...More,Synergy,,DDInter1298
2,grapefruit juice,"The consumption of grapefruit juice may be associated with significantly increased plasma concentrations of some calcium channel blockers (CCBs) when they are administered orally.  The proposed mechanism is inhibition of CYP450 3A4-mediated first-pass metabolism in the gut wall by certain compounds present in grapefruit.  The interaction has been reported with the dihydropyridine CCBs (in roughly decreasing order of magnitude) felodipine, nisoldipine, nifedipine, and nimodipine, often with a high degree of interindividual variability.  Grapefruit juice caused more than twofold increases in felodipine, nifedipine, and nisoldipine AUCs.",The manufacturers of nifedipine and nisoldipine recommend avoiding grapefruit juice.  Patients treated orally with other calcium channel blockers should be advised to avoid consumption of large amount...More,Metabolism,,DDInter1298
2,food,Food enhances the bioavailability of the pharmacologically active metabolite tizoxanide (desacetyl-nitazoxamide) from nitazoxanide administration.,Nitazoxanide tablets and oral suspension were administered with food in clinical trials and are recommended to be administered with food to ensure maximal drug levels in plasma.,Absorption,,DDInter1299
2,grapefruit juice,"Grapefruit juice may increase the plasma concentrations of orally administered drugs that are substrates of the CYP450 3A4 isoenzyme.  The proposed mechanism is inhibition of CYP450 3A4-mediated first-pass metabolism in the gut wall by certain compounds present in grapefruit.  Because grapefruit juice inhibits primarily intestinal rather than hepatic CYP450 3A4, the magnitude of interaction is greatest for those drugs that undergo significant presystemic metabolism by CYP450 3A4 (i.e., drugs with low oral bioavailability).  In general, the effect of grapefruit juice is concentration-, dose- and preparation-dependent, and can vary widely among brands.  Certain preparations of grapefruit juice (e.g., high dose, double strength) have sometimes demonstrated potent inhibition of CYP450 3A4, while other preparations (e.g., low dose, single strength) have typically demonstrated moderate inhibition.",Patients who regularly consume grapefruit or grapefruit juice should be monitored for adverse effects and altered plasma concentrations of drugs that undergo significant presystemic metabolism by CYP4...More,Metabolism,,DDInter1300
No matching records,,,,,,DDInter1301
No matching records,,,,,,DDInter1302
No matching records,,,,,,DDInter1303
2,alcohol,"Many psychotherapeutic and CNS-active agents (e.g., anxiolytics, sedatives, hypnotics, antidepressants, antipsychotics, opioids, alcohol, muscle relaxants) exhibit hypotensive effects, especially during initiation of therapy and dose escalation.  Coadministration with antihypertensives and other hypotensive agents, in particular vasodilators and alpha-blockers, may result in additive effects on blood pressure and orthostasis.",Caution and close monitoring for development of hypotension is advised during coadministration of these agents.  Some authorities recommend avoiding alcohol in patients receiving vasodilating antihype...More,Synergy,,DDInter1304
2,alcohol,"Many psychotherapeutic and CNS-active agents (e.g., anxiolytics, sedatives, hypnotics, antidepressants, antipsychotics, opioids, alcohol, muscle relaxants) exhibit hypotensive effects, especially during initiation of therapy and dose escalation.  Coadministration with antihypertensives and other hypotensive agents, in particular vasodilators and alpha-blockers, may result in additive effects on blood pressure and orthostasis.",Caution and close monitoring for development of hypotension is advised during coadministration of these agents.  Some authorities recommend avoiding alcohol in patients receiving vasodilating antihype...More,Synergy,,DDInter1305
No matching records,,,,,,DDInter1306
No matching records,,,,,,DDInter1307
No matching records,,,,,,DDInter1308
No matching records,,,,,,DDInter1309
No matching records,,,,,,DDInter1310
No matching records,,,,,,DDInter1311
1,alcohol,"The central nervous system effects and blood levels of ethanol may be increased in patients taking oral contraceptives, although data are lacking and reports are contradictory.  The mechanism may be due to enzyme inhibition.",Consider counseling women about this interaction which is unpredictable.,Metabolism,,DDInter1312
2,grapefruit juice,"Grapefruit juice may increase the plasma concentrations of orally administered drugs that are substrates of the CYP450 3A4 isoenzyme.  The proposed mechanism is inhibition of CYP450 3A4-mediated first-pass metabolism in the gut wall by certain compounds present in grapefruit.  Because grapefruit juice inhibits primarily intestinal rather than hepatic CYP450 3A4, the magnitude of interaction is greatest for those drugs that undergo significant presystemic metabolism by CYP450 3A4 (i.e., drugs with low oral bioavailability).  In general, the effect of grapefruit juice is concentration-, dose- and preparation-dependent, and can vary widely among brands.  Certain preparations of grapefruit juice (e.g., high dose, double strength) have sometimes demonstrated potent inhibition of CYP450 3A4, while other preparations (e.g., low dose, single strength) have typically demonstrated moderate inhibition.  Pharmacokinetic interactions involving grapefruit juice are also subject to a high degree of interpatient variability, thus the extent to which a given patient may be affected is difficult to predict.",Patients who regularly consume grapefruit or grapefruit juice should be monitored for adverse effects and altered plasma concentrations of drugs that undergo significant presystemic metabolism by CYP4...More,Metabolism,,DDInter1312
2,orange juice,"Concurrent ingestion of meals, dairy products (milk, yogurt) or calcium-fortified foods (i.e., cereal, orange juice) may decrease the absorption of oral norfloxacin.  The mechanism is chelation of calcium and the quinolone, resulting in decreased bioavailability.  In the case of orange juice, inhibition of intestinal transport mechanisms (P-glycoprotein or organic anion-transporting polypeptides) by flavones may also be involved.","Oral norfloxacin should be taken at least one hour before or two hours after a meal, milk, or other dairy products or calcium-fortified foods.",Absorption,,DDInter1313
2,dairy products,"Concurrent ingestion of meals, dairy products (milk, yogurt) or calcium-fortified foods (i.e., cereal, orange juice) may decrease the absorption of oral norfloxacin.  The mechanism is chelation of calcium and the quinolone, resulting in decreased bioavailability.  In the case of orange juice, inhibition of intestinal transport mechanisms (P-glycoprotein or organic anion-transporting polypeptides) by flavones may also be involved.","Oral norfloxacin should be taken at least one hour before or two hours after a meal, milk, or other dairy products or calcium-fortified foods.",Absorption,,DDInter1313
No matching records,,,,,,DDInter1314
No matching records,,,,,,DDInter1315
2,alcohol,"Concomitant use of ethanol and a tricyclic antidepressant (TCA) may result altered TCA plasma levels and efficacy, and additive impairment of motor skills, especially driving skills.  Acute ethanol ingestion may inhibit TCA metabolism, while chronic ingestion of large amounts of ethanol may induce hepatic TCA metabolism.",Patients should be advised to avoid alcohol during TCA therapy.  Alcoholics who have undergone detoxification should be monitored for decreased TCA efficacy.  Dosage adjustments may be required.,Metabolism,,DDInter1316
No matching records,,,,,,DDInter1317
No matching records,,,,,,DDInter1318
No matching records,,,,,,DDInter1319
No matching records,,,,,,DDInter1320
No matching records,,,,,,DDInter1321
No matching records,,,,,,DDInter1322
No matching records,,,,,,DDInter1325
2,alcohol,"Alcohol may potentiate some of the pharmacologic effects of CNS-active agents.  Use in combination may result in additive central nervous system depression and/or impairment of judgment, thinking, and psychomotor skills.",Patients receiving CNS-active agents should be warned of this interaction and advised to avoid or limit consumption of alcohol.  Ambulatory patients should be counseled to avoid hazardous activities r...More,Synergy,,DDInter1326
3,grapefruit juice,Grapefruit juice may significantly increase the plasma concentrations of olaparib.  The proposed mechanism is inhibition of CYP450 3A4-mediated first-pass metabolism in the gut wall by certain compounds present in grapefruit.,"Patients treated with olaparib should avoid consumption of grapefruit, grapefruit juice, starfruit (carambola), and Seville oranges.",Metabolism,,DDInter1327
No matching records,,,,,,DDInter1328
3,alcohol,"Alcohol may potentiate the central nervous system (CNS) depressant effects of opioid analgesics including oliceridine.  Concomitant use may result in additive CNS depression and impairment of judgment, thinking, and psychomotor skills.  In more severe cases, hypotension, respiratory depression, profound sedation, coma, or even death may occur.",Patients should not consume alcoholic beverages or use drug products that contain alcohol during treatment with oliceridine.  Any history of alcohol or illicit drug use should be considered when presc...More,Synergy,,DDInter1329
2,alcohol,"Many psychotherapeutic and CNS-active agents (e.g., anxiolytics, sedatives, hypnotics, antidepressants, antipsychotics, opioids, alcohol, muscle relaxants) exhibit hypotensive effects, especially during initiation of therapy and dose escalation.  Coadministration with antihypertensives and other hypotensive agents, in particular vasodilators and alpha-blockers, may result in additive effects on blood pressure and orthostasis.",Caution and close monitoring for development of hypotension is advised during coadministration of these agents.  Some authorities recommend avoiding alcohol in patients receiving vasodilating antihype...More,Synergy,,DDInter1330
2,Food High in Potassium,"Moderate-to-high dietary intake of potassium, especially salt substitutes, may increase the risk of hyperkalemia in some patients who are using angiotensin II receptor blockers (ARBs).",Patients should receive dietary counseling and be advised to not use potassium-containing salt substitutes or over-the-counter potassium supplements without consulting their physician.  If salt substi...More,Synergy,,DDInter1330
No matching records,,,,,,DDInter1331
No matching records,,,,,,DDInter1332
2,alcohol,"Alcohol may potentiate some of the pharmacologic effects of CNS-active agents.  Use in combination may result in additive central nervous system depression and/or impairment of judgment, thinking, and psychomotor skills.",Patients receiving CNS-active agents should be warned of this interaction and advised to avoid or limit consumption of alcohol.  Ambulatory patients should be counseled to avoid hazardous activities r...More,Synergy,,DDInter1333
No matching records,,,,,,DDInter1334
No matching records,,,,,,DDInter1335
2,dairy products,"Administration with food, particularly dairy products, may reduce the absorption of omadacycline.  The calcium content of these foods may form nonabsorbable chelates with omadacycline.",Omadacycline should be administered at least 2 hours before (4 hours for dairy products) or 4 hours after meals.,Absorption,,DDInter1336
No matching records,,,,,,DDInter1337
No matching records,,,,,,DDInter1338
No matching records,,,,,,DDInter1339
No matching records,,,,,,DDInter1340
No matching records,,,,,,DDInter1341
No matching records,,,,,,DDInter1342
2,alcohol,"Alcohol may potentiate some of the pharmacologic effects of central nervous system (CNS)-active agents.  Use in combination may result in additive CNS depression and/or impairment of judgment, thinking, and psychomotor skills.","Patients receiving CNS-active agents should be advised to avoid or limit consumption of alcohol.  Ambulatory patients should be counseled against driving, operating machinery, or engaging in potential...More",Synergy,,DDInter1343
2,high-fat foods,"Food may reduce the rate and extent of absorption of opicapone.  When opicapone was administered following a moderate fat/moderate calorie meal, mean opicapone peak plasma concentration (Cmax) and systemic exposure (AUC) decreased by 62% and 31%, respectively, while the time to reach peak concentration (Tmax) was delayed by 4 hours.",Patients should avoid eating 1 to 2 hours before and after taking opicapone.,Absorption,,DDInter1343
2,alcohol,"Ethanol may potentiate the central nervous system (CNS) depressant effects of opioid analgesics.  Concomitant use may result in additive CNS depression and impairment of judgment, thinking, and psychomotor skills.  In more severe cases, hypotension, respiratory depression, profound sedation, coma, or even death may occur.",Concomitant use of opioid analgesics with ethanol should be avoided.,Synergy,,DDInter1344
No matching records,,,,,,DDInter1345
No matching records,,,,,,DDInter1346
No matching records,,,,,,DDInter1347
No matching records,,,,,,DDInter1348
2,alcohol,"Alcohol may potentiate some of the pharmacologic effects of CNS-active agents.  Use in combination may result in additive central nervous system depression and/or impairment of judgment, thinking, and psychomotor skills.",Patients receiving CNS-active agents should be warned of this interaction and advised to avoid or limit consumption of alcohol.  Ambulatory patients should be counseled to avoid hazardous activities r...More,Synergy,,DDInter1349
No matching records,,,,,,DDInter1350
No matching records,,,,,,DDInter1351
No matching records,,,,,,DDInter1352
2,high-fat foods,"Food significantly enhances the oral bioavailability of ospemifene.  In a cross-study comparison, administration of a single 60 mg dose of ospemifene with a high-fat/high-calorie meal (860 kcal) in postmenopausal women increased ospemifene peak plasma concentration (Cmax) and systemic exposure (AUC) by 2.3- and 1.7-fold, respectively, compared to administration under fasted condition.",Ospemifene should be taken once daily with food.,Absorption,,DDInter1353
2,food,Certain penicillins may exhibit reduced gastrointestinal absorption in the presence of food.  The therapeutic effect of the antimicrobial may be reduced.,The interacting penicillin should be administered one hour before or two hours after meals.  Penicillin V and amoxicillin are not affected by food and may be given without regard to meals.,Absorption,,DDInter1354
No matching records,,,,,,DDInter1355
No matching records,,,,,,DDInter1356
No matching records,,,,,,DDInter1357
2,alcohol,The concurrent use of aspirin or nonsteroidal anti-inflammatory drugs (NSAIDs) and ethanol may lead to gastrointestinal (GI) blood loss.  The mechanism may be due to a combined local effect as well as inhibition of prostaglandins leading to decreased integrity of the GI lining.,Patients should be counseled on this potential interaction and advised to refrain from alcohol consumption while taking aspirin or NSAIDs.,Absorption,,DDInter1358
2,alcohol,"Alcohol may potentiate some of the pharmacologic effects of CNS-active agents.  Use in combination may result in additive central nervous system depression and/or impairment of judgment, thinking, and psychomotor skills.",Patients receiving CNS-active agents should be warned of this interaction and advised to avoid or limit consumption of alcohol.  Ambulatory patients should be counseled to avoid hazardous activities r...More,Synergy,,DDInter1359
2,alcohol,"Alcohol may potentiate some of the pharmacologic effects of CNS-active agents.  Use in combination may result in additive central nervous system depression and/or impairment of judgment, thinking, and psychomotor skills.",Patients receiving CNS-active agents should be warned of this interaction and advised to avoid or limit consumption of alcohol.  Ambulatory patients should be counseled to avoid hazardous activities r...More,Synergy,,DDInter1360
No matching records,,,,,,DDInter1361
No matching records,,,,,,DDInter1362
No matching records,,,,,,DDInter1363
No matching records,,,,,,DDInter1364
2,alcohol,"Use of anticholinergic agents with alcohol may result in sufficient impairment of attention so as to render driving and operating machinery more hazardous.  In addition, the potential for abuse may be increased with the combination.  The mechanism of interaction is not established but may involve additive depressant effects on the central nervous system.  No effect of oral propantheline or atropine on blood alcohol levels was observed in healthy volunteers when administered before ingestion of a standard ethanol load.",Alcohol should generally be avoided during therapy with anticholinergic agents.  Patients should be counseled to avoid activities requiring mental alertness until they know how these agents affect the...More,Synergy,,DDInter1365
3,alcohol,"Alcohol may potentiate the central nervous system (CNS) depressant effects of opioid analgesics including oxycodone.  Concomitant use may result in additive CNS depression and impairment of judgment, thinking, and psychomotor skills.  In more severe cases, hypotension, respiratory depression, profound sedation, coma, or even death may occur.",Patients should not consume alcoholic beverages or use drug products that contain alcohol during treatment with oxycodone.  Any history of alcohol or illicit drug use should be considered when prescri...More,Synergy,,DDInter1366
No matching records,,,,,,DDInter1367
No matching records,,,,,,DDInter1368
No matching records,,,,,,DDInter1369
No matching records,,,,,,DDInter1370
No matching records,,,,,,DDInter1371
2,alcohol,"Ethanol may potentiate the central nervous system (CNS) depressant effects of opioid analgesics.  Concomitant use may result in additive CNS depression and impairment of judgment, thinking, and psychomotor skills.  In more severe cases, hypotension, respiratory depression, profound sedation, coma, or even death may occur.",Concomitant use of opioid analgesics with ethanol should be avoided.,Synergy,,DDInter1372
No matching records,,,,,,DDInter1373
2,dairy products,"Administration with food, particularly dairy products, significantly reduces tetracycline absorption.  The calcium content of these foods forms nonabsorbable chelates with tetracycline.",Tetracycline should be administered one hour before or two hours after meals.,Absorption,,DDInter1374
No matching records,,,,,,DDInter1375
3,Tyrosine-rich foods,"Foods that contain large amounts of tyramine may precipitate a hypertensive crisis in patients treated with ozanimod.  The mechanism is inhibition of monoamine oxidase type A (MAO-A) by metabolites of ozanimod.  MAO-A is the enzyme responsible for metabolizing exogenous amines such as tyramine in the gut and preventing them from being absorbed intact.  Once absorbed, tyramine is metabolized to octopamine, a substance that is believed to displace norepinephrine from storage granules.","In general, patients treated with ozanimod should avoid consumption of products that contain large amounts of amines (e.g., tyramine) and protein foods in which ageing or breakdown of protein is used ...More",Synergy,,DDInter1376
2,grapefruit juice,"Coadministration with inhibitors of CYP450 3A4, such as grapefruit juice, may increase the plasma concentrations of paclitaxel, which is a substrate of the isoenzyme","Caution is recommended if paclitaxel is to be used in combination with grapefruit and grapefruit juice.  Patients should be closely monitored for the development of paclitaxel toxicity, including diar...More",Metabolism,,DDInter1377
2,grapefruit juice,"Coadministration with inhibitors of CYP450 3A4, such as grapefruit juice, may increase the plasma concentrations of paclitaxel, which is a substrate of the isoenzyme.  Current data suggest that consumption of large quantities of grapefruit juice inhibit both intestinal and hepatic CYP450 3A4 due to certain compounds present in grapefruit.","Caution is recommended if paclitaxel is to be used in combination with grapefruit and grapefruit juice.  Patients should be closely monitored for the development of paclitaxel toxicity, including diar...More",Metabolism,,DDInter1378
2,high-fat foods,"Administration with food may enhance the oral bioavailability of palbociclib in some patients and reduce the intersubject variability of palbociclib exposure.  According to the product labeling, palbociclib absorption and exposure were very low in approximately 13% of the population when taken in the fasted state.  Food intake increased the palbociclib exposure in this small subset of the population, but did not alter palbociclib exposure in the rest of the population to a clinically relevant extent.  Compared to palbociclib given under overnight fasted conditions, the population average palbociclib peak plasma concentration (Cmax) and systemic exposure (AUC) increased by 38% and 21%, respectively, when given with high-fat, high-calorie food (approximately 800 to 1000 calories; 150, 250, and 500 to 600 calories from protein, carbohydrate and fat, respectively).",Patients should take palbociclib with food and avoid consumption of grapefruit or grapefruit juice during treatment.,Absorption,,DDInter1379
2,grapefruit juice,"Administration with food may enhance the oral bioavailability of palbociclib in some patients and reduce the intersubject variability of palbociclib exposure.  According to the product labeling, palbociclib absorption and exposure were very low in approximately 13% of the population when taken in the fasted state.  Food intake increased the palbociclib exposure in this small subset of the population, but did not alter palbociclib exposure in the rest of the population to a clinically relevant extent.  Compared to palbociclib given under overnight fasted conditions, the population average palbociclib peak plasma concentration (Cmax) and systemic exposure (AUC) increased by 38% and 21%, respectively, when given with high-fat, high-calorie food (approximately 800 to 1000 calories; 150, 250, and 500 to 600 calories from protein, carbohydrate and fat, respectively).",Patients should take palbociclib with food and avoid consumption of grapefruit or grapefruit juice during treatment.,Metabolism,,DDInter1379
No matching records,,,,,,DDInter1380
2,alcohol,"Alcohol may potentiate some of the pharmacologic effects of paliperidone.  Use in combination may result in additive central nervous system depression and/or impairment of judgment, thinking, and psychomotor skills.",Patients receiving paliperidone should be advised to avoid the consumption of alcohol.  Since clinical trials establishing the safety and efficacy of paliperidone were carried out without regard to th...More,Synergy,,DDInter1381
No matching records,,,,,,DDInter1382
No matching records,,,,,,DDInter1383
No matching records,,,,,,DDInter1384
No matching records,,,,,,DDInter1385
No matching records,,,,,,DDInter1386
2,grapefruit juice,Grapefruit juice may increase the plasma concentrations of panobinostat.  The proposed mechanism is inhibition of CYP450 3A4-mediated first-pass metabolism in the gut wall by certain compounds present in grapefruit.,"Patients should avoid consumption of grapefruit or grapefruit juice during treatment with panobinostat.  The manufacturer also recommends avoiding star fruit, Seville oranges, pomegranate, and pomegra...More",Metabolism,,DDInter1387
No matching records,,,,,,DDInter1388
No matching records,,,,,,DDInter1389
No matching records,,,,,,DDInter1390
No matching records,,,,,,DDInter1391
No matching records,,,,,,DDInter1392
No matching records,,,,,,DDInter1393
No matching records,,,,,,DDInter1394
No matching records,,,,,,DDInter1395
No matching records,,,,,,DDInter1396
2,alcohol,"Alcohol may potentiate some of the pharmacologic effects of CNS-active agents.  Use in combination may result in additive central nervous system depression and/or impairment of judgment, thinking, and psychomotor skills.",Patients receiving CNS-active agents should be warned of this interaction and advised to avoid or limit consumption of alcohol.  Ambulatory patients should be counseled to avoid hazardous activities r...More,Synergy,,DDInter1397
No matching records,,,,,,DDInter1398
2,food,"Patiromer can bind to some orally administered drugs, which may decrease their gastrointestinal absorption and reduce their effectiveness",Patiromer should be administered with food at least 3 hours before or 3 hours after other oral medications.  Alternatives to patiromer or the other medications should be considered if adequate dosing ...More,Absorption,,DDInter1399
3,grapefruit juice,Grapefruit juice may increase the plasma concentrations of pazopanib.  The proposed mechanism is inhibition of CYP450 3A4-mediated first-pass metabolism in the gut wall by certain compounds present in grapefruits.,"Patients treated with pazopanib should avoid consumption of grapefruit, grapefruit juice, and any supplement containing grapefruit extract.  Pazopanib should be administered at least one hour before o...More",Metabolism,,DDInter1400
No matching records,,,,,,DDInter1401
No matching records,,,,,,DDInter1402
No matching records,,,,,,DDInter1403
2,alcohol,"Concomitant use of asparaginase with other hepatotoxic agents may potentiate the risk of liver injury.  Asparaginase-associated hepatotoxicity has been reported more commonly in adults than in children and has been strongly associated with obesity.  Hepatomegaly, acute severe hepatotoxicity, and fatal liver failure have been reported with asparaginase treatment in adults.  Also, asparaginase may increase the toxicity of drugs bound to plasma proteins or metabolized by the liver.","The risk of additive hepatotoxicity should be considered when asparaginase is used with other hepatotoxic agents (e.g., alcohol, androgens, antituberculosis agents, azole antifungal agents, ACE inhibi...More",Synergy,,DDInter1404
No matching records,,,,,,DDInter1405
No matching records,,,,,,DDInter1406
No matching records,,,,,,DDInter1407
No matching records,,,,,,DDInter1408
2,alcohol,Coadministration of beta interferons with other agents known to induce hepatotoxicity may potentiate the risk of liver injury.,"The risk of hepatic injury should be considered when beta interferons are used with other potentially hepatotoxic agents (e.g., acetaminophen; alcohol; androgens and anabolic steroids; antituberculous...More",Synergy,,DDInter1409
No matching records,,,,,,DDInter1410
No matching records,,,,,,DDInter1411
No matching records,,,,,,DDInter1412
No matching records,,,,,,DDInter1413
No matching records,,,,,,DDInter1414
3,grapefruit juice,"Grapefruit juice may increase the plasma concentrations of pemigatinib, which is primarily metabolized by CYP450 3A4 in vitro.  The proposed mechanism is inhibition of CYP450 3A4-mediated first-pass metabolism in the gut wall by certain compounds present in grapefruit.  Inhibition of hepatic CYP450 3A4 may also contribute.","Pemigatinib may be administered with or without food.  Patients should avoid consumption of grapefruit, grapefruit juice, or supplements that contain grapefruit extract during treatment with pemigatin...More",Metabolism,,DDInter1415
No matching records,,,,,,DDInter1416
2,alcohol,"Many psychotherapeutic and CNS-active agents (e.g., anxiolytics, sedatives, hypnotics, antidepressants, antipsychotics, opioids, alcohol, muscle relaxants) exhibit hypotensive effects, especially during initiation of therapy and dose escalation.  Coadministration with antihypertensives and other hypotensive agents, in particular vasodilators and alpha-blockers, may result in additive effects on blood pressure and orthostasis.",Caution and close monitoring for development of hypotension is advised during coadministration of these agents.  Some authorities recommend avoiding alcohol in patients receiving vasodilating antihype...More,Synergy,,DDInter1417
No matching records,,,,,,DDInter1418
2,food,Food may interfere with the gastrointestinal absorption of penicillamine.,"Penicillamine should be administered on an empty stomach, at least one hour before or two hours after meals, and at least one hour apart from any other drug, food, or milk.  This permits maximum absor...More",Absorption,,DDInter1419
No matching records,,,,,,DDInter1420
2,alcohol,"Ethanol may potentiate the central nervous system (CNS) depressant effects of opioid analgesics.  Concomitant use may result in additive CNS depression and impairment of judgment, thinking, and psychomotor skills.  In more severe cases, hypotension, respiratory depression, profound sedation, coma, or even death may occur.",Concomitant use of opioid analgesics with ethanol should be avoided.,Synergy,,DDInter1421
2,cigarette,Smoking tobacco may decrease the plasma concentrations and effects of pentazocine by enhancing its metabolic clearance.,The possibility of reduced therapeutic effects of pentazocine should be considered in smokers.,Metabolism,,DDInter1421
No matching records,,,,,,DDInter1422
3,alcohol,"Concurrent acute use of barbiturates and ethanol may result in additive CNS effects,  including impaired coordination, sedation, and death.  Tolerance of these agents may occur with chronic use.  The mechanism is related to inhibition of microsomal enzymes acutely and induction of hepatic microsomal enzymes chronically.",The combination of ethanol and barbiturates should be avoided.,Metabolism,,DDInter1423
No matching records,,,,,,DDInter1424
No matching records,,,,,,DDInter1425
No matching records,,,,,,DDInter1426
No matching records,,,,,,DDInter1427
2,alcohol,"Alcohol may potentiate some of the pharmacologic effects of CNS-active agents.  Use in combination may result in additive central nervous system depression and/or impairment of judgment, thinking, and psychomotor skills.",Patients receiving CNS-active agents should be warned of this interaction and advised to avoid or limit consumption of alcohol.  Ambulatory patients should be counseled to avoid hazardous activities r...More,Synergy,,DDInter1428
No matching records,,,,,,DDInter1429
2,alcohol,"Alcohol may potentiate some of the pharmacologic effects of CNS-active agents.  Use in combination may result in additive central nervous system depression and/or impairment of judgment, thinking, and psychomotor skills.",Patients receiving CNS-active agents should be warned of this interaction and advised to avoid or limit consumption of alcohol.  Ambulatory patients should be counseled to avoid hazardous activities r...More,Synergy,,DDInter1430
2,alcohol,"Many psychotherapeutic and CNS-active agents (e.g., anxiolytics, sedatives, hypnotics, antidepressants, antipsychotics, opioids, alcohol, muscle relaxants) exhibit hypotensive effects, especially during initiation of therapy and dose escalation.  Coadministration with antihypertensives and other hypotensive agents, in particular vasodilators and alpha-blockers, may result in additive effects on blood pressure and orthostasis.",Caution and close monitoring for development of hypotension is advised during coadministration of these agents.  Some authorities recommend avoiding alcohol in patients receiving vasodilating antihype...More,Synergy,,DDInter1431
2,Food High in Potassium,"Moderate-to-high dietary intake of potassium can cause hyperkalemia in some patients who are using angiotensin converting enzyme (ACE) inhibitors.  In some cases, affected patients were using a potassium-rich salt substitute.  ACE inhibitors can promote hyperkalemia through inhibition of the renin-aldosterone-angiotensin (RAA) system.",It is recommended that patients who are taking ACE inhibitors be advised to avoid moderately high or high potassium dietary intake.  Particular attention should be paid to the potassium content of sal...More,Synergy,,DDInter1431
2,alcohol,"Concurrent use of ethanol and phenothiazines may result in additive CNS depression and psychomotor impairment.  Also, ethanol may precipitate dystonic reactions in patients who are taking phenothiazines.",Patients should be advised to avoid alcohol during phenothiazine therapy.,Synergy,,DDInter1432
No matching records,,,,,,DDInter1433
No matching records,,,,,,DDInter1434
3,alcohol,"Serious cases of hepatotoxicity, some fatal, have occurred in patients treated with pexidartinib.  Concomitant use of other potentially hepatotoxic agents may potentiate the risk of liver injury.","The use of pexidartinib with other potentially hepatotoxic agents should be avoided.  Patients treated with pexidartinib should have liver function tests, including AST, ALT, total bilirubin, direct b...More",Synergy,,DDInter1435
3,high-fat foods,The presence of food may increase the absorption and toxicity of pexidartinib.  Administration of pexidartinib with a high-fat meal increased peak plasma concentration (Cmax) and systemic exposure (AUC) by 100% and prolonged the time to reach peak plasma concentration (Tmax) by 2.5 hours.,"Pexidartinib should be administered on an empty stomach, at least one hour before or two hours after a meal or snack.  Consumption of grapefruit or grapefruit juice should generally be avoided during ...More",Absorption,,DDInter1435
3,grapefruit juice,The presence of food may increase the absorption and toxicity of pexidartinib.  Administration of pexidartinib with a high-fat meal increased peak plasma concentration (Cmax) and systemic exposure (AUC) by 100% and prolonged the time to reach peak plasma concentration (Tmax) by 2.5 hours.,"Pexidartinib should be administered on an empty stomach, at least one hour before or two hours after a meal or snack.  Consumption of grapefruit or grapefruit juice should generally be avoided during ...More",Metabolism,,DDInter1435
No matching records,,,,,,DDInter1436
No matching records,,,,,,DDInter1437
No matching records,,,,,,DDInter1438
2,alcohol,Alcohol may potentiate the central nervous system and cardiovascular effects of centrally-acting appetite suppressants.,"Concomitant use of centrally-acting appetite suppressants and alcohol should be avoided if possible, especially in patients with a history of cardiovascular disease.  Patients should be counselled to ...More",Synergy,,DDInter1439
3,Tyrosine-rich foods,"Foods that contain large amounts of tyramine may precipitate a hypertensive crisis in patients treated with monoamine oxidase inhibitors (MAOIs).  The mechanism is inhibition of MAO-A, the enzyme responsible for metabolizing exogenous amines such as tyramine in the gut and preventing them from being absorbed intact.  Once absorbed, tyramine is metabolized to octopamine, a substance that is believed to displace norepinephrine from storage granules.","In general, patients treated with MAOIs or other agents that possess MAOI activity (e.g., furazolidone, linezolid, procarbazine) should avoid consumption of products that contain large amounts of amin...More",Synergy,,DDInter1440
No matching records,,,,,,DDInter1441
3,alcohol,"Concurrent acute use of barbiturates and ethanol may result in additive CNS effects,  including impaired coordination, sedation, and death.  Tolerance of these agents may occur with chronic use.  The mechanism is related to inhibition of microsomal enzymes acutely and induction of hepatic microsomal enzymes chronically.",The combination of ethanol and barbiturates should be avoided.,Metabolism,,DDInter1442
No matching records,,,,,,DDInter1443
2,alcohol,"Many psychotherapeutic and CNS-active agents (e.g., anxiolytics, sedatives, hypnotics, antidepressants, antipsychotics, opioids, alcohol, muscle relaxants) exhibit hypotensive effects, especially during initiation of therapy and dose escalation.  Coadministration with antihypertensives and other hypotensive agents, in particular vasodilators and alpha-blockers, may result in additive effects on blood pressure and orthostasis.",Caution and close monitoring for development of hypotension is advised during coadministration of these agents.  Some authorities recommend avoiding alcohol in patients receiving vasodilating antihype...More,Synergy,,DDInter1444
No matching records,,,,,,DDInter1445
No matching records,,,,,,DDInter1446
2,alcohol,Alcohol may potentiate the central nervous system and cardiovascular effects of centrally-acting appetite suppressants.,"Concomitant use of centrally-acting appetite suppressants and alcohol should be avoided if possible, especially in patients with a history of cardiovascular disease.  Patients should be counselled to ...More",Synergy,,DDInter1447
2,alcohol,"Many psychotherapeutic and CNS-active agents (e.g., anxiolytics, sedatives, hypnotics, antidepressants, antipsychotics, opioids, alcohol, muscle relaxants) exhibit hypotensive effects, especially during initiation of therapy and dose escalation.  Coadministration with antihypertensives and other hypotensive agents, in particular vasodilators and alpha-blockers, may result in additive effects on blood pressure and orthostasis.",Caution and close monitoring for development of hypotension is advised during coadministration of these agents.  Some authorities recommend avoiding alcohol in patients receiving vasodilating antihype...More,Synergy,,DDInter1448
No matching records,,,,,,DDInter1449
No matching records,,,,,,DDInter1450
No matching records,,,,,,DDInter1451
2,high-fat foods,Coadministration with a high-fat meal may reduce the rate and extent of absorption of sodium phenylbutyrate.,"The prescribing information recommends administration of sodium phenylbutyrate-taurursodiol before a meal or snack, particularly in patients of low body weight (less than 70 kg).",Absorption,,DDInter1452
No matching records,,,,,,DDInter1453
No matching records,,,,,,DDInter1454
No matching records,,,,,,DDInter1455
No matching records,,,,,,DDInter1456
No matching records,,,,,,DDInter1457
No matching records,,,,,,DDInter1458
No matching records,,,,,,DDInter1459
2,food,"Phenytoin bioavailability may decrease to subtherapeutic levels when the suspension is given concomitantly with enteral feedings.  The mechanism may be related to phenytoin binding to substances in the enteral formula (e.g., calcium, protein) and/or binding to the tube lumen.","Some experts have recommended interrupting the feeding for 2 hours before and after the phenytoin dose, giving the phenytoin suspension diluted in water, and flushing the tube with water after adminis...More",Absorption,,DDInter1460
No matching records,,,,,,DDInter1461
No matching records,,,,,,DDInter1462
No matching records,,,,,,DDInter1463
No matching records,,,,,,DDInter1464
No matching records,,,,,,DDInter1465
No matching records,,,,,,DDInter1466
No matching records,,,,,,DDInter1467
No matching records,,,,,,DDInter1468
No matching records,,,,,,DDInter1469
3,grapefruit juice,"Theoretically, the coadministration with grapefruit juice may increase the plasma concentrations of pimozide.  The mechanism is decreased clearance of pimozide due to inhibition of CYP450 3A4-mediated first-pass metabolism in the gut wall by certain compounds present in grapefruits.",The manufacturer recommends avoiding grapefruit juice (and probably grapefruits) during therapy with pimozide.  Patients should also be advised to avoid or limit consumption of alcohol.,Metabolism,,DDInter1470
3,alcohol,"Theoretically, the coadministration with grapefruit juice may increase the plasma concentrations of pimozide.  The mechanism is decreased clearance of pimozide due to inhibition of CYP450 3A4-mediated first-pass metabolism in the gut wall by certain compounds present in grapefruits.",The manufacturer recommends avoiding grapefruit juice (and probably grapefruits) during therapy with pimozide.  Patients should also be advised to avoid or limit consumption of alcohol.,Metabolism,,DDInter1470
2,alcohol,"Many psychotherapeutic and CNS-active agents (e.g., anxiolytics, sedatives, hypnotics, antidepressants, antipsychotics, opioids, alcohol, muscle relaxants) exhibit hypotensive effects, especially during initiation of therapy and dose escalation.  Coadministration with antihypertensives and other hypotensive agents, in particular vasodilators and alpha-blockers, may result in additive effects on blood pressure and orthostasis.",Caution and close monitoring for development of hypotension is advised during coadministration of these agents.  Some authorities recommend avoiding alcohol in patients receiving vasodilating antihype...More,Synergy,,DDInter1471
2,alcohol,"Alcohol may cause hypoglycemia or hyperglycemia in patients with diabetes.  Hypoglycemia most frequently occurs during acute consumption of alcohol.  Even modest amounts can lower blood sugar significantly, especially when the alcohol is ingested on an empty stomach or following exercise.  The mechanism involves inhibition of both gluconeogenesis as well as the counter-regulatory response to hypoglycemia.  Episodes of hypoglycemia may last for 8 to 12 hours after ethanol ingestion.  By contrast, chronic alcohol abuse can cause impaired glucose tolerance and hyperglycemia.  Moderate alcohol consumption generally does not affect blood glucose levels in patients with well controlled diabetes.  A disulfiram-like reaction (e.g., flushing, headache, and nausea) to alcohol has been reported frequently with the use of chlorpropamide and very rarely with other sulfonylureas.","Patients with diabetes should avoid consuming alcohol if their blood glucose is not well controlled, or if they have hypertriglyceridemia, neuropathy, or pancreatitis.  Patients with well controlled d...More",Others,,DDInter1472
No matching records,,,,,,DDInter1473
No matching records,,,,,,DDInter1474
No matching records,,,,,,DDInter1475
No matching records,,,,,,DDInter1476
2,grapefruit juice,"Food significantly slows the rate but only modestly reduces the extent of absorption of pirfenidone.  In healthy, older adult volunteers aged 50 to 66 years, administration of a single 801 mg oral dose of pirfenidone in the fed state resulted in an approximately 50% reduction in peak plasma concentration (Cmax) and a 15% to 20% reduction in systemic exposure (AUC) compared to administration in the fasted state.  Median time to reach peak concentration (Tmax) increased from 0.5 hours to 3 hours with food.  Less nausea and dizziness were observed in fed subjects compared to fasted subjects.","Pirfenidone should be administered with food to reduce the likelihood of dizziness and gastrointestinal side effects such as nausea, diarrhea, dyspepsia, and vomiting.  Patients who experience intoler...More",Absorption,,DDInter1477
2,alcohol,The concurrent use of aspirin or nonsteroidal anti-inflammatory drugs (NSAIDs) and ethanol may lead to gastrointestinal (GI) blood loss.  The mechanism may be due to a combined local effect as well as inhibition of prostaglandins leading to decreased integrity of the GI lining.,Patients should be counseled on this potential interaction and advised to refrain from alcohol consumption while taking aspirin or NSAIDs.,Synergy,,DDInter1478
2,alcohol,Concomitant use of statin medication with substantial quantities of alcohol may increase the risk of hepatic injury.,Patients should be counseled to avoid substantial quantities of alcohol in combination with statin medications and clinicians should be aware of the increased risk for hepatotoxicity in these patients...More,Synergy,,DDInter1479
No matching records,,,,,,DDInter1480
2,food,"Bulk-forming laxatives such as guar gum, psyllium, polycarbophil, or methylcellulose may affect the bioavailability of concomitantly administered substances due to their effect on the rate of gastrointestinal transit and gastric emptying.","In general, oral medications should be administered at least 2 hours before or 2 hours after dosing of the bulk-forming laxative.",Absorption,,DDInter1481
No matching records,,,,,,DDInter1482
No matching records,,,,,,DDInter1483
No matching records,,,,,,DDInter1484
No matching records,,,,,,DDInter1485
No matching records,,,,,,DDInter1486
No matching records,,,,,,DDInter1487
No matching records,,,,,,DDInter1488
No matching records,,,,,,DDInter1489
No matching records,,,,,,DDInter1490
2,cigarette,"Cigarette smoking may reduce pomalidomide exposure due to induction of CYP450 1A2, the isoenzyme that is responsible for the metabolic clearance of pomalidomide along with CYP450 3A4.","Patients should be advised that smoking may reduce the efficacy of pomalidomide therapy.  Pomalidomide should be taken on an empty stomach, at least 2 hours before or 2 hours after a meal.",Metabolism,,DDInter1491
2,grapefruit juice,"Coadministration with grapefruit juice is likely to increase the plasma concentrations of ponatinib, which is primarily metabolized by CYP450 3A4.  However, the interaction has not been studied.  The proposed mechanism is inhibition of CYP450 3A4-mediated first-pass metabolism in the gut wall by certain compounds present in grapefruit.","The consumption of grapefruit, grapefruit juice, and supplements that contain grapefruit extract should be avoided during treatment with ponatinib.",Metabolism,,DDInter1492
No matching records,,,,,,DDInter1493
2,high-fat foods,"Food significantly increases the absorption of posaconazole from the oral suspension but only modestly from the delayed-release tablet.  Following single-dose administration, posaconazole mean peak plasma concentration (Cmax) and systemic exposure (AUC) are approximately 2.5 to 3 times higher when the oral suspension is given with a nonfat meal or a nutritional supplement (14 grams of fat) than when given under fasting conditions, and approximately 3.5 to 4 times higher when given during or 20 minutes after a high-fat meal (50 grams of fat) than under fasting conditions.  Acidic beverages may also increase posaconazole absorption.","Posaconazole tablets should be taken with food, whereas posaconazole oral suspension should be administered during or immediately (i.e., within 20 minutes) following a full meal to enhance bioavailabi...More",Absorption,,DDInter1494
2,cola,"Food significantly increases the absorption of posaconazole from the oral suspension but only modestly from the delayed-release tablet.  Following single-dose administration, posaconazole mean peak plasma concentration (Cmax) and systemic exposure (AUC) are approximately 2.5 to 3 times higher when the oral suspension is given with a nonfat meal or a nutritional supplement (14 grams of fat) than when given under fasting conditions, and approximately 3.5 to 4 times higher when given during or 20 minutes after a high-fat meal (50 grams of fat) than under fasting conditions.  Acidic beverages may also increase posaconazole absorption.","Posaconazole tablets should be taken with food, whereas posaconazole oral suspension should be administered during or immediately (i.e., within 20 minutes) following a full meal to enhance bioavailabi...More",Absorption,,DDInter1494
No matching records,,,,,,DDInter1495
No matching records,,,,,,DDInter1496
No matching records,,,,,,DDInter1497
No matching records,,,,,,DDInter1498
No matching records,,,,,,DDInter1499
No matching records,,,,,,DDInter1500
No matching records,,,,,,DDInter1501
No matching records,,,,,,DDInter1502
No matching records,,,,,,DDInter1503
3,high-fat foods,"Food significantly increases the oral bioavailability of pralsetinib.  According to the product labeling, administration of pralsetinib with a high-fat meal (approximately 800 to 1000 calories; 50% to 60% from fat) increased mean pralsetinib peak plasma concentration (Cmax) and systemic exposure (AUC) by 104% and 122%, respectively.  The median time to maximum concentration (Tmax) was delayed from 4 to 8.5 hours.","Pralsetinib should be administered on an empty stomach, at least 2 hours after or 1 hour before a meal.  Patients should avoid consumption of high-fat foods during treatment with pralsetinib.",Absorption,,DDInter1504
3,grapefruit juice,"Grapefruit juice may increase the plasma concentrations of pralsetinib. The proposed mechanism is inhibition of CYP450 3A4-mediated first-pass metabolism in the gut wall by certain compounds present in grapefruit. In general, the effect of grapefruit juice is concentration-, dose- and preparation-dependent, and can vary widely among brands. Certain preparations of grapefruit juice (e.g., high dose, double strength) have sometimes demonstrated potent inhibition of CYP450 3A4, while other preparations (e.g., low dose, single strength) have typically demonstrated moderate inhibition. Increased exposure to pralsetinib may increase the risk of adverse effects such as musculoskeletal toxicity, fatigue, constipation, hypertension, and pneumonia.","Pralsetinib should be administered on an empty stomach, at least 2 hours after or 1 hour before a meal.  Patients should avoid consumption of grapefruit or grapefruit juice during treatment with prals...More",Metabolism,,DDInter1504
2,alcohol,"Alcohol may potentiate some of the pharmacologic effects of CNS-active agents.  Use in combination may result in additive central nervous system depression and/or impairment of judgment, thinking, and psychomotor skills.",Patients receiving CNS-active agents should be warned of this interaction and advised to avoid or limit consumption of alcohol.  Ambulatory patients should be counseled to avoid hazardous activities r...More,Synergy,,DDInter1505
2,alcohol,"Alcohol may cause hypoglycemia or hyperglycemia in patients with diabetes.  Hypoglycemia most frequently occurs during acute consumption of alcohol.  Even modest amounts can lower blood sugar significantly, especially when the alcohol is ingested on an empty stomach or following exercise.  The mechanism involves inhibition of both gluconeogenesis as well as the counter-regulatory response to hypoglycemia.  Episodes of hypoglycemia may last for 8 to 12 hours after ethanol ingestion.  By contrast, chronic alcohol abuse can cause impaired glucose tolerance and hyperglycemia.  Moderate alcohol consumption generally does not affect blood glucose levels in patients with well controlled diabetes.  A disulfiram-like reaction (e.g., flushing, headache, and nausea) to alcohol has been reported frequently with the use of chlorpropamide and very rarely with other sulfonylureas.","Patients with diabetes should avoid consuming alcohol if their blood glucose is not well controlled, or if they have hypertriglyceridemia, neuropathy, or pancreatitis.  Patients with well controlled d...More",Others,,DDInter1506
No matching records,,,,,,DDInter1507
No matching records,,,,,,DDInter1508
2,alcohol,Concomitant use of statin medication with substantial quantities of alcohol may increase the risk of hepatic injury.,Patients should be counseled to avoid substantial quantities of alcohol in combination with statin medications and clinicians should be aware of the increased risk for hepatotoxicity in these patients...More,Synergy,,DDInter1509
2,high-fat foods,"Administration with food increases the oral bioavailability of praziquantel.  The mechanism has not been described.  In nine healthy volunteers, administration of praziquantel (1800 mg single oral dose) following a high-fat meal increased the mean praziquantel peak plasma concentration (Cmax) and area under the concentration-time curve (AUC) by 243% and 180%, respectively, compared to administration under fasting conditions.","To ensure maximal oral absorption, praziquantel should be administered with meals.  Administration with grapefruit juice may further increase pharmacologic effects of praziquantel, including adverse e...More",Absorption,,DDInter1510
2,grapefruit juice,"Administration with food increases the oral bioavailability of praziquantel.  The mechanism has not been described.  In nine healthy volunteers, administration of praziquantel (1800 mg single oral dose) following a high-fat meal increased the mean praziquantel peak plasma concentration (Cmax) and area under the concentration-time curve (AUC) by 243% and 180%, respectively, compared to administration under fasting conditions.","To ensure maximal oral absorption, praziquantel should be administered with meals.  Administration with grapefruit juice may further increase pharmacologic effects of praziquantel, including adverse e...More",Metabolism,,DDInter1510
2,alcohol,The concurrent use of ethanol and alpha-1 adrenergic blockers may cause increased hypotensive effects.  Patients with aldehyde dehydrogenase deficiencies (primarily Asians) may be at a higher risk of this interaction.,Patients who develop  a flushing reaction after ethanol ingestion (indicates a possible aldehyde dehydrogenase deficiency) should be advised to avoid ethanol or limit their intake.  All patients shoul...More,Synergy,,DDInter1511
No matching records,,,,,,DDInter1512
No matching records,,,,,,DDInter1513
No matching records,,,,,,DDInter1514
No matching records,,,,,,DDInter1515
2,alcohol,"Alcohol may potentiate some of the pharmacologic effects of CNS-active agents.  Use in combination may result in additive central nervous system depression and/or impairment of judgment, thinking, and psychomotor skills.",Patients receiving CNS-active agents should be warned of this interaction and advised to avoid or limit consumption of alcohol.  Ambulatory patients should be counseled to avoid hazardous activities r...More,Synergy,,DDInter1516
2,high-fat foods,"Food enhances the oral bioavailability of pretomanid.  The mechanism has not been reported.  Compared with the fasted state, oral administration of pretomanid with a high-fat, high-calorie meal (approximately 150, 250, and 500 to 600 calories from protein, carbohydrate, and fat, respectively) increased mean systemic exposure (AUC) and peak plasma concentration (Cmax) of pretomanid by 88% and 76%, respectively.","To ensure maximal oral absorption, pretomanid should be administered with food.  Tablets should be swallowed whole.",Absorption,,DDInter1517
No matching records,,,,,,DDInter1518
No matching records,,,,,,DDInter1519
No matching records,,,,,,DDInter1520
3,alcohol,"Concurrent acute use of barbiturates and ethanol may result in additive CNS effects,  including impaired coordination, sedation, and death.  Tolerance of these agents may occur with chronic use.  The mechanism is related to inhibition of microsomal enzymes acutely and induction of hepatic microsomal enzymes chronically.",The combination of ethanol and barbiturates should be avoided.,Metabolism,,DDInter1521
No matching records,,,,,,DDInter1522
No matching records,,,,,,DDInter1523
1,alcohol,"Ethanol may increase the acetylation of procainamide.  Subtherapeutic plasma levels of procainamide may result in some patients.  Because the acetylated metabolite of procainamide also possesses antiarrhythmic properties, the clinical effects are unclear.","To ensure the therapeutic effect of Procainamide, we do not recommend that patients consume alcohol while on the medication.",Metabolism,,DDInter1524
No matching records,,,,,,DDInter1525
3,Tyrosine-rich foods,"Foods that contain large amounts of tyramine may precipitate a hypertensive crisis in patients treated with monoamine oxidase inhibitors (MAOIs).  The mechanism is inhibition of MAO-A, the enzyme responsible for metabolizing exogenous amines such as tyramine in the gut and preventing them from being absorbed intact.  Once absorbed, tyramine is metabolized to octopamine, a substance that is believed to displace norepinephrine from storage granules.","In general, patients treated with MAOIs or other agents that possess MAOI activity (e.g., furazolidone, linezolid, procarbazine) should avoid consumption of products that contain large amounts of amin...More",Synergy,,DDInter1526
2,alcohol,"Concurrent use of ethanol and phenothiazines may result in additive CNS depression and psychomotor impairment.  Also, ethanol may precipitate dystonic reactions in patients who are taking phenothiazines.",Patients should be advised to avoid alcohol during phenothiazine therapy.,Synergy,,DDInter1527
2,alcohol,"Use of anticholinergic agents with alcohol may result in sufficient impairment of attention so as to render driving and operating machinery more hazardous.  In addition, the potential for abuse may be increased with the combination.  The mechanism of interaction is not established but may involve additive depressant effects on the central nervous system.",Alcohol should generally be avoided during therapy with anticholinergic agents.  Patients should be counseled to avoid activities requiring mental alertness until they know how these agents affect the...More,Synergy,,DDInter1528
2,grapefruit juice,Grapefruit juice may increase the plasma concentrations of orally administered drugs that are substrates of the CYP450 3A4 isoenzyme.  The proposed mechanism is inhibition of CYP450 3A4-mediated first-pass metabolism in the gut wall by certain compounds present in grapefruit.,Patients who regularly consume grapefruit or grapefruit juice should be monitored for adverse effects and altered plasma concentrations of drugs that undergo significant presystemic metabolism by CYP4...More,Metabolism,,DDInter1529
No matching records,,,,,,DDInter1530
No matching records,,,,,,DDInter1531
No matching records,,,,,,DDInter1532
2,alcohol,"Concurrent use of ethanol and phenothiazines may result in additive CNS depression and psychomotor impairment.  Also, ethanol may precipitate dystonic reactions in patients who are taking phenothiazines.  The two drugs probably act on different sites in the brain, although the exact mechanism of the interaction is not known.",Patients should be advised to avoid alcohol during phenothiazine therapy.,Synergy,,DDInter1533
No matching records,,,,,,DDInter1534
2,alcohol,"Use of anticholinergic agents with alcohol may result in sufficient impairment of attention so as to render driving and operating machinery more hazardous.  In addition, the potential for abuse may be increased with the combination.  The mechanism of interaction is not established but may involve additive depressant effects on the central nervous system.",Alcohol should generally be avoided during therapy with anticholinergic agents.  Patients should be counseled to avoid activities requiring mental alertness until they know how these agents affect the...More,Synergy,,DDInter1535
No matching records,,,,,,DDInter1536
No matching records,,,,,,DDInter1537
2,alcohol,"Alcohol may potentiate some of the pharmacologic effects of CNS-active agents.  Use in combination may result in additive central nervous system depression and/or impairment of judgment, thinking, and psychomotor skills.",Patients receiving CNS-active agents should be warned of this interaction and advised to avoid or limit consumption of alcohol.  Ambulatory patients should be counseled to avoid hazardous activities r...More,Synergy,,DDInter1538
2,alcohol,"Many psychotherapeutic and CNS-active agents (e.g., anxiolytics, sedatives, hypnotics, antidepressants, antipsychotics, opioids, alcohol, muscle relaxants) exhibit hypotensive effects, especially during initiation of therapy and dose escalation.  Coadministration with antihypertensives and other hypotensive agents, in particular vasodilators and alpha-blockers, may result in additive effects on blood pressure and orthostasis.",Caution and close monitoring for development of hypotension is advised during coadministration of these agents.  Some authorities recommend avoiding alcohol in patients receiving vasodilating antihype...More,Synergy,,DDInter1539
2,food,The bioavailability of propranolol may be enhanced by food.,"Patients may be instructed to take propranolol at the same time each day, preferably with or immediately following meals.",Absorption,,DDInter1539
No matching records,,,,,,DDInter1540
No matching records,,,,,,DDInter1541
No matching records,,,,,,DDInter1542
2,alcohol,"Concomitant use of ethanol and a tricyclic antidepressant (TCA) may result altered TCA plasma levels and efficacy, and additive impairment of motor skills, especially driving skills.  Acute ethanol ingestion may inhibit TCA metabolism, while chronic ingestion of large amounts of ethanol may induce hepatic TCA metabolism.",Patients should be advised to avoid alcohol during TCA therapy.  Alcoholics who have undergone detoxification should be monitored for decreased TCA efficacy.  Dosage adjustments may be required.,Metabolism,,DDInter1543
No matching records,,,,,,DDInter1544
No matching records,,,,,,DDInter1545
No matching records,,,,,,DDInter1546
No matching records,,,,,,DDInter1547
No matching records,,,,,,DDInter1548
No matching records,,,,,,DDInter1549
No matching records,,,,,,DDInter1550
No matching records,,,,,,DDInter1551
2,alcohol,Acute alcohol ingestion may potentiate the CNS depression and other CNS effects of many benzodiazepines.  Tolerance may develop with chronic ethanol use.  The mechanism may be decreased clearance of the benzodiazepines because of CYP450 hepatic enzyme inhibition.,Patients should be advised to avoid alcohol during benzodiazepine therapy.  Patients who regularly consume grapefruit or grapefruit juice should be monitored for adverse effects and altered plasma con...More,Metabolism,,DDInter1552
1,alcohol,Quetiapine has been reported to potentiate the cognitive and motor effects of alcohol.,Alcohol should be avoided by patients who are receiving quetiapine.,Synergy,,DDInter1553
2,alcohol,"Many psychotherapeutic and CNS-active agents (e.g., anxiolytics, sedatives, hypnotics, antidepressants, antipsychotics, opioids, alcohol, muscle relaxants) exhibit hypotensive effects, especially during initiation of therapy and dose escalation.  Coadministration with antihypertensives and other hypotensive agents, in particular vasodilators and alpha-blockers, may result in additive effects on blood pressure and orthostasis.",Caution and close monitoring for development of hypotension is advised during coadministration of these agents.  Some authorities recommend avoiding alcohol in patients receiving vasodilating antihype...More,Synergy,,DDInter1554
2,Food High in Potassium,"Moderate-to-high dietary intake of potassium can cause hyperkalemia in some patients who are using angiotensin converting enzyme (ACE) inhibitors.  In some cases, affected patients were using a potassium-rich salt substitute.  ACE inhibitors can promote hyperkalemia through inhibition of the renin-aldosterone-angiotensin (RAA) system.",It is recommended that patients who are taking ACE inhibitors be advised to avoid moderately high or high potassium dietary intake.  Particular attention should be paid to the potassium content of sal...More,Synergy,,DDInter1554
No matching records,,,,,,DDInter1555
2,grapefruit juice,"In a small, randomized, crossover study, the administration of quinidine with grapefruit juice (compared to water) to healthy volunteers significantly prolonged the time to reach peak plasma quinidine concentrations and decreased the plasma concentrations of its major metabolite, 3-hydroxyquinidine.  These changes were associated pharmacodynamically with both a delay and a reduction in the maximal effect on QTc interval.  The proposed mechanism is delay of gastric emptying as well as inhibition of CYP450 3A4-mediated first-pass metabolism in the gut wall induced by certain compounds present in grapefruits.","Given the drug's narrow therapeutic index, patients receiving quinidine therapy should avoid the consumption of grapefruits and grapefruit juice to prevent any undue fluctuations in plasma drug levels...More",Metabolism,,DDInter1556
1,food,"Coadministration with grapefruit juice does not appear to affect the pharmacokinetics of quinine in a clinically relevant manner.  Although grapefruit juice is an inhibitor of CYP450 3A4 and quinine is metabolized by this pathway to its major metabolite, 3-hydroxyquinine, a study of ten healthy volunteers found no significant differences in quinine peak plasma concentration (Cmax), time to reach Cmax (Tmax), terminal elimination half-life, systemic exposure (AUC), or apparent oral clearance (Cl/F) when a single 600 mg oral dose of quinine sulfate was administered in combination with 200 mL of orange juice (control), half-strength grapefruit juice, and full-strength grapefruit juice twice daily for 6 days each, separated by a 2-week washout period.  Relative to the control period, the apparent renal clearance of quinine was markedly increased by 81% during treatment with half-strength grapefruit juice.  However, since renal clearance accounts for approximately 6% of the total clearance of quinine, this change would likely have minimal clinical impact.  The lack of a significant interaction is probably due to the fact that grapefruit juice primarily inhibits intestinal rather than hepatic CYP450 3A4, and quinine is not known to undergo significant presystemic metabolism as evidenced by its relatively high oral bioavailability (76% to 88%).  Nevertheless, excessive consumption of grapefruit juice and tonic water (which contains quinine) was suspected as the cause of torsade de pointes arrhythmia in a patient with a history of asymptomatic long QT syndrome.  Treatment with magnesium sulfate and metoprolol had no effect, but the arrhythmia resolved spontaneously 48 hours after discontinuation of the drinks.","Based on current data, moderate grapefruit juice consumption is probably safe for the majority of patients taking quinine.",Others,,DDInter1557
No matching records,,,,,,DDInter1558
No matching records,,,,,,DDInter1559
No matching records,,,,,,DDInter1560
No matching records,,,,,,DDInter1561
No matching records,,,,,,DDInter1562
No matching records,,,,,,DDInter1563
2,alcohol,"Alcohol may potentiate some of the pharmacologic effects of ramelteon.  Use in combination may result in additive central nervous system depression and/or impairment of judgment, thinking, and psychomotor skills.","Patients receiving ramelteon should be advised to avoid the consumption of alcohol.  For faster sleep onset, ramelteon should not be administered with or immediately after a high-fat/heavy meal.",Synergy,,DDInter1564
2,alcohol,"Many psychotherapeutic and CNS-active agents (e.g., anxiolytics, sedatives, hypnotics, antidepressants, antipsychotics, opioids, alcohol, muscle relaxants) exhibit hypotensive effects, especially during initiation of therapy and dose escalation.  Coadministration with antihypertensives and other hypotensive agents, in particular vasodilators and alpha-blockers, may result in additive effects on blood pressure and orthostasis.",Caution and close monitoring for development of hypotension is advised during coadministration of these agents.  Some authorities recommend avoiding alcohol in patients receiving vasodilating antihype...More,Synergy,,DDInter1565
2,Food High in Potassium,"Moderate-to-high dietary intake of potassium can cause hyperkalemia in some patients who are using angiotensin converting enzyme (ACE) inhibitors.  In some cases, affected patients were using a potassium-rich salt substitute.  ACE inhibitors can promote hyperkalemia through inhibition of the renin-aldosterone-angiotensin (RAA) system.",It is recommended that patients who are taking ACE inhibitors be advised to avoid moderately high or high potassium dietary intake.  Particular attention should be paid to the potassium content of sal...More,Synergy,,DDInter1565
No matching records,,,,,,DDInter1566
No matching records,,,,,,DDInter1567
No matching records,,,,,,DDInter1568
No matching records,,,,,,DDInter1569
3,grapefruit juice,"Grapefruit and grapefruit juice may significantly increase the plasma concentrations of orally administered ranolazine.  The proposed mechanism is inhibition of CYP450 3A4-mediated first-pass metabolism in the gut wall by certain compounds present in grapefruit.  Because ranolazine prolongs QT interval in a dose-dependent manner, high plasma levels of ranolazine may increase the risk of ventricular arrhythmias such as ventricular tachycardia, ventricular fibrillation, and torsade de pointes.","Patients treated with ranolazine should avoid consumption of grapefruit juice and other grapefruit products if possible.  Otherwise, the dosage of ranolazine should be limited to 500 mg twice a day.",Metabolism,,DDInter1570
No matching records,,,,,,DDInter1571
2,alcohol,"Alcohol may potentiate some of the pharmacologic effects of central nervous system (CNS)-active agents.  Use in combination may result in additive CNS depression and/or impairment of judgment, thinking, and psychomotor skills.","Patients receiving CNS-active agents should be advised to avoid or limit consumption of alcohol.  Ambulatory patients should be counseled against driving, operating machinery, or engaging in potential...More",Synergy,,DDInter1572
2,Tyrosine-rich foods,"Foods that contain large amounts of tyramine may precipitate a hypertensive crisis in patients treated with monoamine oxidase (MAO) inhibitors.  The mechanism involves inhibition of MAO-A, the enzyme responsible for metabolizing exogenous amines such as tyramine in the gut and preventing them from being absorbed intact.  Once absorbed, tyramine is metabolized to octopamine, a substance that is believed to displace norepinephrine from storage granules.","Dietary restriction is not ordinarily required during rasagiline treatment with respect to most foods and beverages that may contain tyramine such as air-dried and fermented meats or fish, aged cheese...More",Synergy,,DDInter1572
No matching records,,,,,,DDInter1573
No matching records,,,,,,DDInter1574
2,coffee,"Caffeine and other xanthine derivatives are nonspecific, competitive antagonists of adenosine receptors.  As such, they may interfere with the vasodilating effect of regadenoson, an adenosine receptor agonist.",Patients should avoid consumption of caffeine-containing products for at least 12 hours prior to administration of regadenoson for myocardial perfusion imaging.,Antagonism,,DDInter1575
2,high-fat foods,"Depending on the amount of fat, food may enhance the oral bioavailability of both regorafenib and its active metabolites, M-2 and M-5.","To ensure optimal oral absorption, regorafenib should be administered with a low-fat breakfast that contains less than 30% fat.  Examples of a low-fat breakfast include:  2 slices of white toast with ...More",Absorption,,DDInter1576
2,grapefruit juice,"Depending on the amount of fat, food may enhance the oral bioavailability of both regorafenib and its active metabolites, M-2 and M-5.","To ensure optimal oral absorption, regorafenib should be administered with a low-fat breakfast that contains less than 30% fat.  Examples of a low-fat breakfast include:  2 slices of white toast with ...More",Others,,DDInter1576
No matching records,,,,,,DDInter1577
2,alcohol,Concomitant use of remdesivir with other agents that are known to induce hepatotoxicity may theoretically increase the risk of liver injury.  Data from investigational use and clinical studies suggest that remdesivir may be associated with hepatotoxic effects.,"Until more information is available, concomitant use of remdesivir with known hepatotoxic drugs should be avoided when possible.  Liver function should be evaluated prior to starting remdesivir and mo...More",Synergy,,DDInter1578
2,alcohol,"Ethanol may potentiate the central nervous system (CNS) depressant effects of opioid analgesics.  Concomitant use may result in additive CNS depression and impairment of judgment, thinking, and psychomotor skills.  In more severe cases, hypotension, respiratory depression, profound sedation, coma, or even death may occur.",Concomitant use of opioid analgesics with ethanol should be avoided.,Synergy,,DDInter1579
2,alcohol,"Alcohol may potentiate some of the pharmacologic effects of CNS-active agents.  Use in combination may result in additive central nervous system depression and/or impairment of judgment, thinking, and psychomotor skills.",Patients receiving CNS-active agents should be warned of this interaction and advised to avoid or limit consumption of alcohol.  Ambulatory patients should be counseled to avoid hazardous activities r...More,Synergy,,DDInter1580
2,alcohol,"Alcohol may cause hypoglycemia or hyperglycemia in patients with diabetes.  Hypoglycemia most frequently occurs during acute consumption of alcohol.  Even modest amounts can lower blood sugar significantly, especially when the alcohol is ingested on an empty stomach or following exercise.  The mechanism involves inhibition of both gluconeogenesis as well as the counter-regulatory response to hypoglycemia.","Patients with diabetes should avoid consuming alcohol if their blood glucose is not well controlled, or if they have hypertriglyceridemia, neuropathy, or pancreatitis.  Patients with well controlled d...More",Others,,DDInter1581
2,grapefruit juice,Grapefruit juice may increase the plasma concentrations of orally administered drugs that are substrates of the CYP450 3A4 isoenzyme.  The proposed mechanism is inhibition of CYP450 3A4-mediated first-pass metabolism in the gut wall by certain compounds present in grapefruit.,Patients who regularly consume grapefruit or grapefruit juice should be monitored for adverse effects and altered plasma concentrations of drugs that undergo significant presystemic metabolism by CYP4...More,Metabolism,,DDInter1581
2,alcohol,"Many psychotherapeutic and CNS-active agents (e.g., anxiolytics, sedatives, hypnotics, antidepressants, antipsychotics, opioids, alcohol, muscle relaxants) exhibit hypotensive effects, especially during initiation of therapy and dose escalation.  Coadministration with antihypertensives and other hypotensive agents, in particular vasodilators and alpha-blockers, may result in additive effects on blood pressure and orthostasis.",Caution and close monitoring for development of hypotension is advised during coadministration of these agents.  Some authorities recommend avoiding alcohol in patients receiving vasodilating antihype...More,Synergy,,DDInter1582
No matching records,,,,,,DDInter1583
No matching records,,,,,,DDInter1584
No matching records,,,,,,DDInter1585
No matching records,,,,,,DDInter1586
2,high-fat foods,Food enhances the oral absorption and bioavailability of ribavirin.  Administration of a single oral dose of ribavirin following a high-fat meal delayed absorption (Tmax was doubled) but increased the mean peak plasma concentration (Cmax) and area under the concentration-time curve (AUC) by up to 70% compared to administration in the fasting state.,"To ensure maximal oral absorption, ribavirin should be administered with or immediately after a meal.",Absorption,,DDInter1587
2,grapefruit juice,Pomegranates and grapefruit may increase the systemic exposure to ribociclib.  The proposed mechanism is inhibition of CYP450 3A4-mediated first-pass metabolism in the gut wall by certain compounds present in these fruits.,Patients receiving ribociclib should avoid consumption of pomegranates or pomegranate juice and grapefruit or grapefruit juice during treatment.,Metabolism,,DDInter1588
2,pomegranates,Pomegranates and grapefruit may increase the systemic exposure to ribociclib.  The proposed mechanism is inhibition of CYP450 3A4-mediated first-pass metabolism in the gut wall by certain compounds present in these fruits.,Patients receiving ribociclib should avoid consumption of pomegranates or pomegranate juice and grapefruit or grapefruit juice during treatment.,Metabolism,,DDInter1588
No matching records,,,,,,DDInter1589
No matching records,,,,,,DDInter1590
No matching records,,,,,,DDInter1591
No matching records,,,,,,DDInter1592
No matching records,,,,,,DDInter1593
No matching records,,,,,,DDInter1594
2,grapefruit juice,Coadministration with grapefruit or grapefruit juice may increase the plasma concentrations of rilpivirine.  The proposed mechanism is inhibition of CYP450 3A4-mediated first-pass metabolism in the gut wall induced by certain compounds present in grapefruit.,"Coadministration of grapefruit or grapefruit juice with rilpivirine should preferably be avoided.  For optimal absorption, it is recommended to take rilpivirine on a regular schedule with a meal.",Metabolism,,DDInter1595
No matching records,,,,,,DDInter1596
No matching records,,,,,,DDInter1597
2,grapefruit juice,Coadministration with grapefruit or grapefruit juice may increase the plasma concentrations of rimegepant.  The proposed mechanism is inhibition of CYP450 3A4-mediated first-pass metabolism in the gut wall induced by certain compounds present in grapefruit.,"Rimegepant may be administered with or without food.  Until more information is available, patients receiving rimegepant may want to avoid the regular consumption of grapefruits and grapefruit juice t...More",Metabolism,,DDInter1598
No matching records,,,,,,DDInter1599
2,cigarette,Smoking may decrease the plasma concentrations of riociguat.  The proposed mechanism is induction of the CYP450 1A1-mediated metabolism of riociguat by polycyclic aromatic hydrocarbons present in cigarette smoke.,"Riociguat dosages higher than 2.5 mg three times a day may be considered in cigarette smokers, if tolerated, so as to match the exposure seen in nonsmoking patients.  However, safety and effectiveness...More",Metabolism,,DDInter1600
2,grapefruit juice,"Grapefruit juice may increase the plasma concentrations of orally administered drugs that are substrates of the CYP450 3A4 isoenzyme.  The proposed mechanism is inhibition of CYP450 3A4-mediated first-pass metabolism in the gut wall by certain compounds present in grapefruit.  Because grapefruit juice inhibits primarily intestinal rather than hepatic CYP450 3A4, the magnitude of interaction is greatest for those drugs that undergo significant presystemic metabolism by CYP450 3A4 (i.e., drugs with low oral bioavailability).  In general, the effect of grapefruit juice is concentration-, dose- and preparation-dependent, and can vary widely among brands.",Patients who regularly consume grapefruit or grapefruit juice should be monitored for adverse effects and altered plasma concentrations of drugs that undergo significant presystemic metabolism by CYP4...More,Metabolism,,DDInter1601
2,orange juice,"Grapefruit juice may increase the plasma concentrations of orally administered drugs that are substrates of the CYP450 3A4 isoenzyme.  The proposed mechanism is inhibition of CYP450 3A4-mediated first-pass metabolism in the gut wall by certain compounds present in grapefruit.  Because grapefruit juice inhibits primarily intestinal rather than hepatic CYP450 3A4, the magnitude of interaction is greatest for those drugs that undergo significant presystemic metabolism by CYP450 3A4 (i.e., drugs with low oral bioavailability).  In general, the effect of grapefruit juice is concentration-, dose- and preparation-dependent, and can vary widely among brands.",Patients who regularly consume grapefruit or grapefruit juice should be monitored for adverse effects and altered plasma concentrations of drugs that undergo significant presystemic metabolism by CYP4...More,Metabolism,,DDInter1601
No matching records,,,,,,DDInter1602
No matching records,,,,,,DDInter1603
2,food,"Food significantly decreases the bioavailability of risedronate, possibly to negligible levels.","Risedronate should be administered with 180 to 240 mL (6 to 8 ounces) of plain water, at least 30 minutes before the first food, beverage, or medication of the day.  Patients should remain upright for...More",Absorption,,DDInter1604
2,alcohol,"Risperidone oral solution is not compatible with either tea or cola.  In addition, alcohol may potentiate some of the pharmacologic effects of risperidone.  Use in combination may result in additive central nervous system depression and/or impairment of judgment, thinking, and psychomotor skills.","Risperidone oral solution should not be mixed with tea or cola.  It may be taken with water, coffee, orange juice, or lowfat milk.  Patients should also be advised to avoid consumption of alcohol.",Synergy,,DDInter1605
2,cola,"Risperidone oral solution is not compatible with either tea or cola.  In addition, alcohol may potentiate some of the pharmacologic effects of risperidone.  Use in combination may result in additive central nervous system depression and/or impairment of judgment, thinking, and psychomotor skills.","Risperidone oral solution should not be mixed with tea or cola.  It may be taken with water, coffee, orange juice, or lowfat milk.",Others,,DDInter1605
2,green tea,"Risperidone oral solution is not compatible with either tea or cola.  In addition, alcohol may potentiate some of the pharmacologic effects of risperidone.  Use in combination may result in additive central nervous system depression and/or impairment of judgment, thinking, and psychomotor skills.","Risperidone oral solution should not be mixed with tea or cola.  It may be taken with water, coffee, orange juice, or lowfat milk.",Others,,DDInter1605
No matching records,,,,,,DDInter1606
2,high-fat foods,"Administration with food may modestly affect the bioavailability of ritonavir from the various available formulations.  When the oral solution was given under nonfasting conditions, peak ritonavir concentrations decreased 23% and the extent of absorption decreased 7% relative to fasting conditions.  Dilution of the oral solution (within one hour of dosing) with 240 mL of chocolate milk or a nutritional supplement (Advera or Ensure) did not significantly affect the extent and rate of ritonavir absorption.  When a single 100 mg dose of the tablet was administered with a high-fat meal (907 kcal; 52% fat, 15% protein, 33% carbohydrates), approximately 20% decreases in mean peak concentration (Cmax) and systemic exposure (AUC) were observed relative to administration after fasting.  Similar decreases in Cmax and AUC were reported when the tablet was administered with a moderate-fat meal.  In contrast, the extent of absorption of ritonavir from the soft gelatin capsule formulation was 13% higher when administered with a meal (615 KCal; 14.5% fat, 9% protein, and 76% carbohydrate) relative to fasting.",Ritonavir should be taken with meals to enhance gastrointestinal tolerability.,Absorption,,DDInter1607
No matching records,,,,,,DDInter1608
No matching records,,,,,,DDInter1609
No matching records,,,,,,DDInter1610
No matching records,,,,,,DDInter1611
No matching records,,,,,,DDInter1612
No matching records,,,,,,DDInter1613
1,food,"Food intake does not affect the total exposure to roflumilast and its pharmacologically active N-oxide metabolite, but delays the time to maximum concentration (Tmax) of roflumilast by one hour and reduces its peak plasma concentration (Cmax) by approximately 40%.",Roflumilast may be taken with or without food.,Others,,DDInter1614
No matching records,,,,,,DDInter1615
No matching records,,,,,,DDInter1616
No matching records,,,,,,DDInter1617
No matching records,,,,,,DDInter1618
2,alcohol,"Alcohol may potentiate some of the pharmacologic effects of CNS-active agents.  Use in combination may result in additive central nervous system depression and/or impairment of judgment, thinking, and psychomotor skills.",Patients receiving CNS-active agents should be warned of this interaction and advised to avoid or limit consumption of alcohol.  Ambulatory patients should be counseled to avoid hazardous activities r...More,Synergy,,DDInter1619
No matching records,,,,,,DDInter1620
2,alcohol,"Alcohol may cause hypoglycemia or hyperglycemia in patients with diabetes.  Hypoglycemia most frequently occurs during acute consumption of alcohol.  Even modest amounts can lower blood sugar significantly, especially when the alcohol is ingested on an empty stomach or following exercise.  The mechanism involves inhibition of both gluconeogenesis as well as the counter-regulatory response to hypoglycemia.  Episodes of hypoglycemia may last for 8 to 12 hours after ethanol ingestion.  By contrast, chronic alcohol abuse can cause impaired glucose tolerance and hyperglycemia.  Moderate alcohol consumption generally does not affect blood glucose levels in patients with well controlled diabetes.  A disulfiram-like reaction (e.g., flushing, headache, and nausea) to alcohol has been reported frequently with the use of chlorpropamide and very rarely with other sulfonylureas.","Patients with diabetes should avoid consuming alcohol if their blood glucose is not well controlled, or if they have hypertriglyceridemia, neuropathy, or pancreatitis.  Patients with well controlled d...More",Synergy,,DDInter1621
2,alcohol,Concomitant use of statin medication with substantial quantities of alcohol may increase the risk of hepatic injury.,Patients should be counseled to avoid substantial quantities of alcohol in combination with statin medications and clinicians should be aware of the increased risk for hepatotoxicity in these patients...More,Synergy,,DDInter1622
No matching records,,,,,,DDInter1623
2,alcohol,"Alcohol may potentiate some of the pharmacologic effects of CNS-active agents.  Use in combination may result in additive central nervous system depression and/or impairment of judgment, thinking, and psychomotor skills.",Patients receiving CNS-active agents should be warned of this interaction and advised to avoid or limit consumption of alcohol.  Ambulatory patients should be counseled to avoid hazardous activities r...More,Synergy,,DDInter1624
No matching records,,,,,,DDInter1625
No matching records,,,,,,DDInter1626
2,alcohol,"Alcohol may potentiate some of the pharmacologic effects of rufinamide.  Use in combination may result in additive central nervous system depression and/or impairment of judgment, thinking, and psychomotor skills.","To ensure maximal oral absorption, it is preferable to administer rufinamide with food.  Patients receiving rufinamide should be advised to avoid consumption of alcohol.  Ambulatory patients should be...More",Synergy,,DDInter1627
2,grapefruit juice,Grapefruit juice may increase the plasma concentrations of ruxolitinib.  The proposed mechanism is inhibition of CYP450 3A4-mediated first-pass metabolism in the gut wall by certain compounds present in grapefruits.,"Patients treated with ruxolitinib should avoid consumption of grapefruit, grapefruit juice, and any supplement containing grapefruit extract.  Ruxolitinib may be administered with or without food.",Metabolism,,DDInter1628
No matching records,,,,,,DDInter1629
No matching records,,,,,,DDInter1630
2,alcohol,"Alcohol may potentiate some of the pharmacologic effects of central nervous system (CNS)-active agents.  Use in combination may result in additive CNS depression and/or impairment of judgment, thinking, and psychomotor skills.","Patients receiving CNS-active agents should be advised to avoid or limit consumption of alcohol.  Ambulatory patients should be counseled against driving, operating machinery, or engaging in potential...More",Synergy,,DDInter1631
3,Tyrosine-rich foods,"Foods that contain large amounts of tyramine may precipitate a hypertensive crisis in patients treated with monoamine oxidase inhibitors (MAOIs).  The mechanism is inhibition of MAO-A, the enzyme responsible for metabolizing exogenous amines such as tyramine in the gut and preventing them from being absorbed intact.  Once absorbed, tyramine is metabolized to octopamine, a substance that is believed to displace norepinephrine from storage granules.  Although safinamide is considered a selective inhibitor of MAO-B, the selectivity may not be absolute even at recommended dosages.",Patients treated with safinamide should avoid consumption of products that contain large amounts of amines and protein foods in which aging or breakdown of protein is used to increase flavor.  These f...More,Synergy,,DDInter1631
No matching records,,,,,,DDInter1632
No matching records,,,,,,DDInter1633
No matching records,,,,,,DDInter1634
No matching records,,,,,,DDInter1635
No matching records,,,,,,DDInter1636
2,alcohol,The concurrent use of aspirin or nonsteroidal anti-inflammatory drugs (NSAIDs) and ethanol may lead to gastrointestinal (GI) blood loss.  The mechanism may be due to a combined local effect as well as inhibition of prostaglandins leading to decreased integrity of the GI lining.,Patients should be counseled on this potential interaction and advised to refrain from alcohol consumption while taking aspirin or NSAIDs.,Synergy,,DDInter1637
No matching records,,,,,,DDInter1638
2,food,Food increases the gastrointestinal absorption of sapropterin.,"Sapropterin should be administered with food, preferably at the same time each day.  Sapropterin tablets should be dissolved in 4 to 8 ounces (120 to 240 mL) of water or apple juice and taken within 1...More",Absorption,,DDInter1639
2,food,Food significantly increases the absorption of saquinavir.,Saquinavir mesylate should be taken with meals or within 2 hours after eating to enhance bioavailability.  Patients should be advised to avoid the consumption of large amounts of grapefruit and grapef...More,Absorption,,DDInter1640
2,grapefruit juice,Food significantly increases the absorption of saquinavir.,Saquinavir mesylate should be taken with meals or within 2 hours after eating to enhance bioavailability.  Patients should be advised to avoid the consumption of large amounts of grapefruit and grapef...More,Metabolism,,DDInter1640
No matching records,,,,,,DDInter1641
No matching records,,,,,,DDInter1642
No matching records,,,,,,DDInter1643
No matching records,,,,,,DDInter1644
No matching records,,,,,,DDInter1645
2,alcohol,"Alcohol may cause hypoglycemia or hyperglycemia in patients with diabetes.  Hypoglycemia most frequently occurs during acute consumption of alcohol.  Even modest amounts can lower blood sugar significantly, especially when the alcohol is ingested on an empty stomach or following exercise.  The mechanism involves inhibition of both gluconeogenesis as well as the counter-regulatory response to hypoglycemia.","Patients with diabetes should avoid consuming alcohol if their blood glucose is not well controlled, or if they have hypertriglyceridemia, neuropathy, or pancreatitis.  Patients with well controlled d...More",Others,,DDInter1646
2,alcohol,"Use of anticholinergic agents with alcohol may result in sufficient impairment of attention so as to render driving and operating machinery more hazardous.  In addition, the potential for abuse may be increased with the combination.  The mechanism of interaction is not established but may involve additive depressant effects on the central nervous system.",Alcohol should generally be avoided during therapy with anticholinergic agents.  Patients should be counseled to avoid activities requiring mental alertness until they know how these agents affect the...More,Synergy,,DDInter1647
1,food,The coadministration with grapefruit juice may delay the absorption and increase the bioavailability of oral scopolamine.  The proposed mechanism is delay of gastric emptying as well as inhibition of CYP450 3A4-mediated first-pass metabolism in the gut wall induced by certain compounds present in grapefruits.,"Based on these findings, grapefruit juice is unlikely to affect the overall safety of scopolamine, but may delay its onset of action after oral administration. Therefore, we recommend taking scopolami...More",Absorption,,DDInter1647
No matching records,,,,,,DDInter1648
No matching records,,,,,,DDInter1649
3,alcohol,"Concurrent acute use of barbiturates and ethanol may result in additive CNS effects,  including impaired coordination, sedation, and death.  Tolerance of these agents may occur with chronic use.  The mechanism is related to inhibition of microsomal enzymes acutely and induction of hepatic microsomal enzymes chronically.",The combination of ethanol and barbiturates should be avoided.,Metabolism,,DDInter1650
No matching records,,,,,,DDInter1651
No matching records,,,,,,DDInter1652
2,alcohol,"Alcohol may potentiate some of the pharmacologic effects of central nervous system (CNS)-active agents.  Use in combination may result in additive CNS depression and/or impairment of judgment, thinking, and psychomotor skills.","Patients receiving CNS-active agents should be advised to avoid or limit consumption of alcohol.  Ambulatory patients should be counseled against driving, operating machinery, or engaging in potential...More",Synergy,,DDInter1653
3,Tyrosine-rich foods,"Foods that contain large amounts of tyramine may precipitate a hypertensive crisis in patients treated with monoamine oxidase inhibitors (MAOIs).  The mechanism is inhibition of MAO-A, the enzyme responsible for metabolizing exogenous amines such as tyramine in the gut and preventing them from being absorbed intact.  Once absorbed, tyramine is metabolized to octopamine, a substance that is believed to displace norepinephrine from storage granules.  Although selegiline is considered a selective inhibitor of MAO-B, the selectivity may not be absolute even at recommended dosages.",Patients treated with oral selegiline and transdermal selegiline (greater than 6 mg/24 hour) should preferably avoid consumption of products that contain large amounts of amines and protein foods in w...More,Synergy,,DDInter1653
No matching records,,,,,,DDInter1654
No matching records,,,,,,DDInter1655
1,food,"Food prolongs the gastrointestinal absorption of selexipag.  When taken with food, the time to peak concentration (Tmax) was delayed and peak plasma concentration (Cmax) was approximately 30% lower.",Selexipag may be taken with or without food.  Tolerability may be improved when taken with food.,Absorption,,DDInter1656
No matching records,,,,,,DDInter1657
3,grapefruit juice,Grapefruit juice may increase the plasma concentrations of selpercatinib.  The proposed mechanism is inhibition of CYP450 3A4-mediated first-pass metabolism in the gut wall by certain compounds present in grapefruit.  Inhibition of hepatic CYP450 3A4 may also contribute.,Patients should limit or avoid consumption of grapefruit and grapefruit juice during treatment with selpercatinib.,Metabolism,,DDInter1658
3,grapefruit juice,"Grapefruit juice may increase the plasma concentrations of selumetinib, which undergoes metabolism primarily by CYP450 3A4 and to a lesser extent by CYP450 2C19, 1A2, 2C9, 2E1 and 3A5, as well as glucuronidation by UGT1A1 and UGT1A3.  The proposed mechanism is inhibition of CYP450 3A4-mediated first-pass metabolism in the gut wall by certain compounds present in grapefruit.  Inhibition of hepatic CYP450 3A4 may also contribute.","Selumetinib should be administered on an empty stomach at least 1 hour before or 2 hours after a meal.  Patients should avoid consumption of grapefruit, grapefruit juice, or supplements that contain g...More",Metabolism,,DDInter1659
2,alcohol,"Alcohol may cause hypoglycemia or hyperglycemia in patients with diabetes.  Hypoglycemia most frequently occurs during acute consumption of alcohol.  Even modest amounts can lower blood sugar significantly, especially when the alcohol is ingested on an empty stomach or following exercise.  The mechanism involves inhibition of both gluconeogenesis as well as the counter-regulatory response to hypoglycemia.","Patients with diabetes should avoid consuming alcohol if their blood glucose is not well controlled, or if they have hypertriglyceridemia, neuropathy, or pancreatitis.  Patients with well controlled d...More",Synergy,,DDInter1660
No matching records,,,,,,DDInter1661
2,grapefruit juice,Limited clinical data suggest that consumption of grapefruit juice during treatment with sertraline may result in increased plasma concentrations of sertraline.  The proposed mechanism is inhibition of CYP450 3A4-mediated metabolism by certain compounds present in grapefruit.,Patients receiving sertraline should be advised to avoid or limit consumption of alcohol.  Ambulatory patients should be counseled to avoid hazardous activities requiring complete mental alertness and...More,Metabolism,,DDInter1662
2,alcohol,"Alcohol may potentiate some of the pharmacologic effects of sertraline.  Use in combination may result in additive central nervous system depression and/or impairment of judgment, thinking, and psychomotor skills.",Patients receiving sertraline should be advised to avoid or limit consumption of alcohol.  Ambulatory patients should be counseled to avoid hazardous activities requiring complete mental alertness and...More,Synergy,,DDInter1662
No matching records,,,,,,DDInter1663
No matching records,,,,,,DDInter1664
2,alcohol,Alcohol may potentiate the central nervous system and cardiovascular effects of centrally-acting appetite suppressants.,"Concomitant use of centrally-acting appetite suppressants and alcohol should be avoided if possible, especially in patients with a history of cardiovascular disease.  Patients should be counselled to ...More",Synergy,,DDInter1665
2,alcohol,"Additive hypotensive effects may occur when phosphodiesterase-5 (PDE5) inhibitors are used with alcohol, as both are mild systemic vasodilators.","Patients taking PDE5 inhibitors should avoid consuming large amounts of alcohol, which may increase the potential for orthostatic signs and symptoms including increase in heart rate, decrease in stand...More",Synergy,,DDInter1666
2,grapefruit juice,Coadministration with grapefruit juice may slightly increase the oral bioavailability and delay the onset of action of sildenafil.  The proposed mechanism is inhibition of CYP450 3A4-mediated first-pass metabolism in the gut wall by certain compounds present in grapefruits.,It may be advisable to avoid administration of sildenafil with grapefruit juice to prevent potential toxicity and delay in onset of action.,Metabolism,,DDInter1666
2,alcohol,The concurrent use of ethanol and alpha-1 adrenergic blockers may cause increased hypotensive effects.  Patients with aldehyde dehydrogenase deficiencies (primarily Asians) may be at a higher risk of this interaction.,Patients who develop  a flushing reaction after ethanol ingestion (indicates a possible aldehyde dehydrogenase deficiency) should be advised to avoid ethanol or limit their intake.  All patients shoul...More,Synergy,,DDInter1667
2,high-fat foods,"Food may reduce the oral bioavailability of silodosin.  The effect of a moderate-fat, moderate-calorie meal on silodosin pharmacokinetics was variable and decreased silodosin maximum plasma concentration (Cmax) by approximately 18% to 43% and systemic exposure (AUC) by 4% to 49% across three different studies.  The maximum effect of food (i.e., coadministration with a high-fat, high-calorie meal) on the pharmacokinetics of silodosin was not evaluated.",Patients should be instructed to take silodosin with a meal to reduce the risk of adverse events.,Absorption,,DDInter1667
No matching records,,,,,,DDInter1668
No matching records,,,,,,DDInter1669
No matching records,,,,,,DDInter1670
No matching records,,,,,,DDInter1671
No matching records,,,,,,DDInter1672
2,high-fat foods,"Food significantly enhances the oral bioavailability of simeprevir, although the type of food does not seem to matter.  In healthy study subjects, administration of simeprevir after a high-fat, high-caloric (928 kcal) breakfast increased systemic exposure (AUC) by 61% and delayed absorption by 1 hour, while administration after a normal caloric (533 kcal) breakfast increased AUC by 69% and delayed absorption by 1.5 hours.","To ensure maximal oral absorption, simeprevir should be administered with food.",Absorption,,DDInter1673
No matching records,,,,,,DDInter1674
2,alcohol,"Concomitant use of statin medication with substantial quantities of alcohol may increase the risk of hepatic injury.  Transient increases in serum transaminases have been reported with statin use and while these increases generally resolve or improve with continued therapy or a brief interruption in therapy, there have been rare postmarketing reports of fatal and non-fatal hepatic failure in patients taking statins.  Patients who consume substantial quantities of alcohol and/or have a history of liver disease may be at increased risk for hepatic injury.  Active liver disease or unexplained transaminase elevations are contraindications to statin use.",Patients should be counseled to avoid substantial quantities of alcohol in combination with statin medications and clinicians should be aware of the increased risk for hepatotoxicity in these patients...More,Synergy,,DDInter1675
3,grapefruit juice,Coadministration with grapefruit juice may significantly increase the plasma concentrations of lovastatin and simvastatin and their active acid metabolites.  The proposed mechanism is inhibition of CYP450 3A4-mediated first-pass metabolism in the gut wall by certain compounds present in grapefruit.,"Patients receiving therapy with lovastatin, simvastatin, or red yeast rice (which contains lovastatin) should be advised to avoid the consumption of grapefruit and grapefruit juice.  Fluvastatin, prav...More",Metabolism,,DDInter1675
No matching records,,,,,,DDInter1676
No matching records,,,,,,DDInter1677
2,grapefruit juice,"Consumption of food can decrease the rate and extent of gastrointestinal absorption of sirolimus.   Also, the consumption of grapefruit juice may result in increased sirolimus trough concentrations.",Experts recommend that this drug be taken either at least one hour prior to eating or consistently with or without food to avoid variations in sirolimus blood levels.  The manufacturer recommends agai...More,Others,,DDInter1678
2,alcohol,"Alcohol may cause hypoglycemia or hyperglycemia in patients with diabetes.  Hypoglycemia most frequently occurs during acute consumption of alcohol.  Even modest amounts can lower blood sugar significantly, especially when the alcohol is ingested on an empty stomach or following exercise.  The mechanism involves inhibition of both gluconeogenesis as well as the counter-regulatory response to hypoglycemia.","Patients with diabetes should avoid consuming alcohol if their blood glucose is not well controlled, or if they have hypertriglyceridemia, neuropathy, or pancreatitis.  Patients with well controlled d...More",Others,,DDInter1679
No matching records,,,,,,DDInter1680
No matching records,,,,,,DDInter1681
No matching records,,,,,,DDInter1682
No matching records,,,,,,DDInter1683
No matching records,,,,,,DDInter1684
No matching records,,,,,,DDInter1685
No matching records,,,,,,DDInter1686
No matching records,,,,,,DDInter1687
No matching records,,,,,,DDInter1688
No matching records,,,,,,DDInter1689
3,alcohol,"Alcohol may potentiate the central nervous system and respiratory depressant effects of sodium oxybate, which is the sodium salt of gamma hydroxybutyrate (GHB).  An increased risk of serious adverse reactions such as respiratory depression, hypotension, profound sedation, syncope, coma, and even death should be anticipated.",The concomitant use of sodium oxybate with alcohol is considered contraindicated.  The first dose of sodium oxybate should be taken at least 2 hours after a meal to ensure maximal absorption.,Synergy,,DDInter1690
No matching records,,,,,,DDInter1691
No matching records,,,,,,DDInter1692
No matching records,,,,,,DDInter1693
No matching records,,,,,,DDInter1694
No matching records,,,,,,DDInter1695
No matching records,,,,,,DDInter1696
No matching records,,,,,,DDInter1697
No matching records,,,,,,DDInter1698
No matching records,,,,,,DDInter1699
No matching records,,,,,,DDInter1700
2,high-fat foods,"Grapefruit juice may increase the plasma concentrations of orally administered drugs that are substrates of the CYP450 3A4 isoenzyme.  The proposed mechanism is inhibition of CYP450 3A4-mediated first-pass metabolism in the gut wall by certain compounds present in grapefruit.  Because grapefruit juice inhibits primarily intestinal rather than hepatic CYP450 3A4, the magnitude of interaction is greatest for those drugs that undergo significant presystemic metabolism by CYP450 3A4 (i.e., drugs with low oral bioavailability).  In general, the effect of grapefruit juice is concentration-, dose- and preparation-dependent, and can vary widely among brands.  Certain preparations of grapefruit juice (e.g., high dose, double strength) have sometimes demonstrated potent inhibition of CYP450 3A4, while other preparations (e.g., low dose, single strength) have typically demonstrated moderate inhibition.  Pharmacokinetic interactions involving grapefruit juice are also subject to a high degree of interpatient variability, thus the extent to which a given patient may be affected is difficult to predict.","Sonidegib should be administered on an empty stomach, at least 1 hour before or 2 hours after a meal.  Patients should avoid consumption of grapefruit or grapefruit juice during treatment with sonideg...More",Metabolism,,DDInter1701
2,high-fat foods,"Food may reduce the oral absorption and bioavailability of sorafenib.  According to the product labeling, sorafenib bioavailability was reduced by 29% when administered with a high-fat meal compared to administration in the fasted state.  When given with a moderate-fat meal, bioavailability was similar to that in the fasted state.","To ensure maximal and consistent oral absorption, sorafenib should be taken at least one hour before or two hours after eating.",Absorption,,DDInter1702
No matching records,,,,,,DDInter1703
2,alcohol,"Many psychotherapeutic and CNS-active agents (e.g., anxiolytics, sedatives, hypnotics, antidepressants, antipsychotics, opioids, alcohol, muscle relaxants) exhibit hypotensive effects, especially during initiation of therapy and dose escalation.  Coadministration with antihypertensives and other hypotensive agents, in particular vasodilators and alpha-blockers, may result in additive effects on blood pressure and orthostasis.",Caution and close monitoring for development of hypotension is advised during coadministration of these agents.  Some authorities recommend avoiding alcohol in patients receiving vasodilating antihype...More,Synergy,,DDInter1704
No matching records,,,,,,DDInter1705
No matching records,,,,,,DDInter1706
2,alcohol,"Many psychotherapeutic and CNS-active agents (e.g., anxiolytics, sedatives, hypnotics, antidepressants, antipsychotics, opioids, alcohol, muscle relaxants) exhibit hypotensive effects, especially during initiation of therapy and dose escalation.  Coadministration with antihypertensives and other hypotensive agents, in particular vasodilators and alpha-blockers, may result in additive effects on blood pressure and orthostasis.",Caution and close monitoring for development of hypotension is advised during coadministration of these agents.  Some authorities recommend avoiding alcohol in patients receiving vasodilating antihype...More,Synergy,,DDInter1707
2,Tyrosine-rich foods,An isolated case report suggests that foods containing large amounts of tyramine may precipitate a hypertensive crisis in patients treated with St. John's wort.,"Until further information is available, patients treated with St. John's wort should consider avoiding consumption of protein foods in which aging or breakdown of protein is used to increase flavor.  ...More",Synergy,,DDInter1708
2,alcohol,An isolated case report suggests that foods containing large amounts of tyramine may precipitate a hypertensive crisis in patients treated with St. John's wort.,"Until further information is available, patients treated with St. John's wort should consider avoiding consumption of protein foods in which aging or breakdown of protein is used to increase flavor.  ...More",Synergy,,DDInter1708
2,coffee,An isolated case report suggests that foods containing large amounts of tyramine may precipitate a hypertensive crisis in patients treated with St. John's wort.,"Until further information is available, patients treated with St. John's wort should consider avoiding consumption of protein foods in which aging or breakdown of protein is used to increase flavor.  ...More",Synergy,,DDInter1708
No matching records,,,,,,DDInter1709
No matching records,,,,,,DDInter1710
2,dairy products,Taking stiripentol on an empty stomach may reduce its oral bioavailability.  Stiripentol degrades rapidly when exposed to gastric acid in an empty stomach.,"Stiripentol should be taken during a meal for optimal absorption; however, it should not be taken with milk, dairy products (e.g., yogurt, soft cream cheese), fruit juice, or carbonated beverages.  Pa...More",Absorption,,DDInter1711
2,coffee,Taking stiripentol on an empty stomach may reduce its oral bioavailability.  Stiripentol degrades rapidly when exposed to gastric acid in an empty stomach.,"Stiripentol should be taken during a meal for optimal absorption; however, it should not be taken with milk, dairy products (e.g., yogurt, soft cream cheese), fruit juice, or carbonated beverages.  Pa...More",Absorption,,DDInter1711
2,cola,Taking stiripentol on an empty stomach may reduce its oral bioavailability.  Stiripentol degrades rapidly when exposed to gastric acid in an empty stomach.,"Stiripentol should be taken during a meal for optimal absorption; however, it should not be taken with milk, dairy products (e.g., yogurt, soft cream cheese), fruit juice, or carbonated beverages.  Pa...More",Absorption,,DDInter1711
2,alcohol,Taking stiripentol on an empty stomach may reduce its oral bioavailability.  Stiripentol degrades rapidly when exposed to gastric acid in an empty stomach.,"Stiripentol should be taken during a meal for optimal absorption; however, it should not be taken with milk, dairy products (e.g., yogurt, soft cream cheese), fruit juice, or carbonated beverages.  Pa...More",Absorption,,DDInter1711
No matching records,,,,,,DDInter1712
No matching records,,,,,,DDInter1713
No matching records,,,,,,DDInter1714
No matching records,,,,,,DDInter1715
2,food,"The administration of sucralfate with enteral nutrition may result in precipitation and the formation of bezoars that may obstruct feeding tubes.  The proposed mechanism is the formation of an insoluble aluminum-protein complex between the aluminum in the sucralfate and the protein in the enteral feeding.  In addition, sucralfate may not become activated due to the alkaline pH of enteral nutrition products.","Some experts recommend separating the sucralfate doses from enteral feedings by at least 1 hour.  Alternatively, consideration may be given to proton pump inhibitors or H2 antagonists.",Antagonism,,DDInter1717
2,alcohol,"Ethanol may potentiate the central nervous system (CNS) depressant effects of opioid analgesics.  Concomitant use may result in additive CNS depression and impairment of judgment, thinking, and psychomotor skills.  In more severe cases, hypotension, respiratory depression, profound sedation, coma, or even death may occur.",Concomitant use of opioid analgesics with ethanol should be avoided.,Synergy,,DDInter1718
No matching records,,,,,,DDInter1719
No matching records,,,,,,DDInter1720
No matching records,,,,,,DDInter1721
No matching records,,,,,,DDInter1722
No matching records,,,,,,DDInter1723
No matching records,,,,,,DDInter1724
No matching records,,,,,,DDInter1725
No matching records,,,,,,DDInter1726
No matching records,,,,,,DDInter1727
No matching records,,,,,,DDInter1728
2,alcohol,The concurrent use of aspirin or nonsteroidal anti-inflammatory drugs (NSAIDs) and ethanol may lead to gastrointestinal (GI) blood loss.  The mechanism may be due to a combined local effect as well as inhibition of prostaglandins leading to decreased integrity of the GI lining.,Patients should be counseled on this potential interaction and advised to refrain from alcohol consumption while taking aspirin or NSAIDs.,Synergy,,DDInter1729
No matching records,,,,,,DDInter1730
2,grapefruit juice,Consumption of grapefruit or grapefruit juice during sunitinib therapy may increase the plasma concentrations of sunitinib.  The proposed mechanism is inhibition of CYP450 3A4-mediated metabolism by certain compounds present in grapefruit.,"Although clinical data are lacking, it may be advisable to avoid the consumption of large amounts of grapefruit or grapefruit juice during sunitinib therapy.",Metabolism,,DDInter1731
No matching records,,,,,,DDInter1732
2,alcohol,"Alcohol may potentiate some of the pharmacologic effects of suvorexant.  Use in combination may result in additive central nervous system depression and/or impairment of judgment, thinking, and psychomotor skills.  In addition, alcohol may increase the risk of cognitive and complex behavioral changes associated with the use of hypnotics including suvorexant, such as amnesia, anxiety, hallucinations, sleep-driving, and other neuropsychiatric symptoms.",Concomitant use of suvorexant with alcohol should be avoided.  Patients should be advised not to use suvorexant if they had alcohol that evening or before bed.  Grapefruit juice should preferably be a...More,Synergy,,DDInter1733
No matching records,,,,,,DDInter1734
2,grapefruit juice,Consumption of food has led to a 27% decrease in the bioavailability of orally administered tacrolimus.,The clinician may want to recommend that the patient avoid ingesting large amounts of grapefruit juice while taking tacrolimus.,Absorption,,DDInter1735
2,alcohol,"Additive hypotensive effects may occur when phosphodiesterase-5 (PDE5) inhibitors such as tadalafil are used with alcohol, as both are mild systemic vasodilators.","Patients taking tadalafil should avoid consuming large amounts of alcohol, which may increase the potential for orthostatic signs and symptoms including increase in heart rate, decrease in standing bl...More",Synergy,,DDInter1736
No matching records,,,,,,DDInter1737
No matching records,,,,,,DDInter1738
2,high-fat foods,"Food enhances the oral bioavailability of tafenoquine.  According to the manufacturer, tafenoquine peak plasma concentration (Cmax) and systemic exposure (AUC) increased by 31% and 41%, respectively, when administered as an investigational capsule formulation with a high-calorie, high-fat meal (approximately 1000 calories; 15% protein, 25% carbohydrate, 60% fat) relative to the fasted state.",Tafenoquine should be administered with food.,Absorption,,DDInter1739
No matching records,,,,,,DDInter1740
No matching records,,,,,,DDInter1741
No matching records,,,,,,DDInter1742
No matching records,,,,,,DDInter1743
2,soybean,"Due to their estrogenic effect, isoflavones present in soy such as genistein and daidzein may stimulate breast tumor growth and antagonize the antiproliferative action of tamoxifen.","Until more information is available, patients treated with tamoxifen may consider avoiding or limiting the consumption of soy-containing products.  Consumption of green tea and green tea extracts duri...More",Antagonism,,DDInter1744
2,alcohol,"The concurrent use of ethanol and alpha-1 adrenergic blockers may cause increased hypotensive effects.  Patients with aldehyde dehydrogenase deficiencies (primarily Asians) may be at a higher risk of this interaction.  The mechanism has not been determined.  Data exist for prazosin and other alpha adrenergic blockers are expected to interact also.  In addition, any patients taking alpha adrenergic blockers may experience excessive orthostatic hypotension with ethanol ingestion, due to ethanol's unopposed vasodilatory effects in the presence of alpha adrenergic blockade.",Patients who develop  a flushing reaction after ethanol ingestion (indicates a possible aldehyde dehydrogenase deficiency) should be advised to avoid ethanol or limit their intake.  All patients shoul...More,Synergy,,DDInter1745
2,high-fat foods,"Food may delay the gastrointestinal absorption of tamsulosin.  The time to maximum plasma concentration (Tmax) is reached by 4 to 5 hours under fasted conditions and by 6 to 7 hours when tamsulosin is administered with food.  The delay in Tmax has the desirable effect of smoothing the tamsulosin plasma concentration profile, thereby reducing fluctuation of the plasma peak and trough concentrations with multiple dosing.  Food may also affect the extent of absorption of tamsulosin.  It has been reported that taking tamsulosin under fasted conditions results in a 30% increase in bioavailability (AUC) and 40% to 70% increase in peak plasma concentration (Cmax) compared to fed conditions.  The effects of food on the pharmacokinetics of tamsulosin are consistent regardless of whether tamsulosin is taken with a light meal or a high-fat meal.","To ensure uniformity of absorption, tamsulosin should be administered approximately one-half hour following the same meal each day.",Absorption,,DDInter1745
2,alcohol,"Alcohol may potentiate some of the pharmacologic effects of CNS-active agents.  Use in combination may result in additive central nervous system depression and/or impairment of judgment, thinking, and psychomotor skills.",Patients receiving CNS-active agents should be warned of this interaction and advised to avoid or limit consumption of alcohol.  Ambulatory patients should be counseled to avoid hazardous activities r...More,Synergy,,DDInter1746
2,alcohol,"Alcohol may potentiate some of the pharmacologic effects of tasimelteon.  Use in combination may result in additive central nervous system depression and/or impairment of judgment, thinking, and psychomotor skills.",Patients receiving tasimelteon should be advised to avoid or limit consumption of alcohol.  Tasimelteon should be taken without food.  Patients who smoke may have a reduced therapeutic response to tas...More,Synergy,,DDInter1747
No matching records,,,,,,DDInter1748
No matching records,,,,,,DDInter1749
3,grapefruit juice,"Consumption of grapefruit or grapefruit juice during tazemetostat therapy may significantly increase the plasma concentrations of tazemetostat.  The proposed mechanism is inhibition of the CYP450 3A4-mediated metabolism of tazemetostat by certain compounds in grapefruit.  Because grapefruit juice inhibits primarily intestinal rather than hepatic CYP450 3A4, the magnitude of interaction is greatest for those drugs that undergo significant presystemic metabolism by CYP450 3A4 (i.e., drugs with low oral bioavailability)",The manufacturer advises that patients treated with tazemetostat should avoid consumption of grapefruit or grapefruit juice.,Metabolism,,DDInter1750
No matching records,,,,,,DDInter1751
No matching records,,,,,,DDInter1752
No matching records,,,,,,DDInter1753
2,food,Food reduces the bioavailability of tegaserod by 40 to 65% and the maximum plasma concentration (Cmax) by 20 to 40%.,Tegaserod should be taken before meals.,Absorption,,DDInter1754
2,high-fat foods,"Food significantly enhances the oral bioavailability of telaprevir.  When given with a meal containing 533 kcal and 21 g fat, telaprevir systemic exposure (AUC) increased by 237% compared to administration under fasting conditions.  The type of meal also affects the exposure to telaprevir.  Relative to fasting, telaprevir AUC increased by approximately 117% with a low-fat meal (249 kcal; 3.6 g fat) and 330% with a high-fat meal (928 kcal; 56 g fat).",Telaprevir should be administered with food containing approximately 20 grams of fat.  Patients should be advised that the fat content of the meal or snack is critical to the absorption of telaprevir....More,Absorption,,DDInter1755
No matching records,,,,,,DDInter1756
No matching records,,,,,,DDInter1757
No matching records,,,,,,DDInter1758
2,alcohol,"Many psychotherapeutic and CNS-active agents (e.g., anxiolytics, sedatives, hypnotics, antidepressants, antipsychotics, opioids, alcohol, muscle relaxants) exhibit hypotensive effects, especially during initiation of therapy and dose escalation.  Coadministration with antihypertensives and other hypotensive agents, in particular vasodilators and alpha-blockers, may result in additive effects on blood pressure and orthostasis.",Caution and close monitoring for development of hypotension is advised during coadministration of these agents.  Some authorities recommend avoiding alcohol in patients receiving vasodilating antihype...More,Synergy,,DDInter1759
2,Food High in Potassium,"Moderate-to-high dietary intake of potassium, especially salt substitutes, may increase the risk of hyperkalemia in some patients who are using angiotensin II receptor blockers (ARBs).",Patients should receive dietary counseling and be advised to not use potassium-containing salt substitutes or over-the-counter potassium supplements without consulting their physician.  If salt substi...More,Synergy,,DDInter1759
2,high-fat foods,"Food increases the systemic exposure to both telotristat ethyl and its active metabolite, telotristat.  Following administration of a single 500 mg dose of telotristat ethyl (twice the recommended dose) with a high-fat meal, telotristat ethyl peak plasma concentration (Cmax) and systemic exposure (AUC) were 112% and 264% higher, respectively, compared to administration under fasted conditions.",Telotristat ethyl should be administered with food.,Absorption,,DDInter1760
2,alcohol,"Acute ethanol ingestion may potentiate the CNS effects of many benzodiazepines.  Tolerance may develop with chronic ethanol use.  The mechanism may be decreased clearance of the benzodiazepines because of CYP450 hepatic enzyme inhibition.  Also, it has been suggested that the cognitive deficits induced by benzodiazepines may be increased in patients who chronically consume large amounts of alcohol.",Patients should be advised to avoid alcohol during benzodiazepine therapy.,Metabolism,,DDInter1761
No matching records,,,,,,DDInter1762
2,grapefruit juice,"Coadministration of temsirolimus with grapefruit juice may increase the plasma concentrations of sirolimus, a major active metabolite of temsirolimus and known substrate of CYP450 3A4.  The proposed mechanism is inhibition of CYP450 3A4-mediated metabolism by certain compounds present in grapefruits.",Patients treated with temsirolimus should preferably avoid the consumption of grapefruit or grapefruit juice.,Metabolism,,DDInter1763
No matching records,,,,,,DDInter1764
No matching records,,,,,,DDInter1765
No matching records,,,,,,DDInter1766
2,alcohol,The concurrent use of ethanol and alpha-1 adrenergic blockers may cause increased hypotensive effects.  Patients with aldehyde dehydrogenase deficiencies (primarily Asians) may be at a higher risk of this interaction.,Patients who develop  a flushing reaction after ethanol ingestion (indicates a possible aldehyde dehydrogenase deficiency) should be advised to avoid ethanol or limit their intake.  All patients shoul...More,Synergy,,DDInter1767
No matching records,,,,,,DDInter1768
No matching records,,,,,,DDInter1769
3,grapefruit juice,The consumption of grapefruit juice has been associated with significantly increased plasma concentrations of terfenadine.  The mechanism is inhibition of CYP450 3A4-mediated first-pass metabolism in the gut wall induced by certain compounds present in grapefruits.,"Due to the risk of cardiotoxicity, patients receiving the drug should be advised to avoid consumption of grapefruit products.  Loratadine, cetirizine, and fexofenadine may be safer alternatives in pat...More",Metabolism,,DDInter1770
3,alcohol,"The recent, concomitant, or subsequent use (without the recommended leflunomide washout period or procedure) of other agents known to induce hepatotoxicity may potentiate the risk of liver injury associated with leflunomide.  The risk is thought to extend to teriflunomide, its principal active metabolite, because recommended dosages of both result in a similar range of plasma concentrations of teriflunomide.  Elevated liver transaminases, hepatitis, jaundice/cholestasis, hepatic failure, and acute hepatic necrosis have been reported with the use of leflunomide.  Liver enzyme elevations were generally mild (2 times the upper limit of normal or less) and resolved while continuing treatment.  Marked elevations (greater than 3-fold ULN) occurred infrequently and reversed with dose reduction or discontinuation of treatment in most cases.","Caution is advised if leflunomide or teriflunomide must be used in patients who are currently receiving or have recently received treatment with other hepatotoxic agents (e.g., acetaminophen; alcohol;...More",Synergy,,DDInter1771
No matching records,,,,,,DDInter1772
No matching records,,,,,,DDInter1773
No matching records,,,,,,DDInter1774
No matching records,,,,,,DDInter1775
No matching records,,,,,,DDInter1776
No matching records,,,,,,DDInter1777
2,alcohol,"Alcohol may potentiate some of the pharmacologic effects of CNS-active agents.  Use in combination may result in additive central nervous system depression and/or impairment of judgment, thinking, and psychomotor skills.",Patients receiving CNS-active agents should be warned of this interaction and advised to avoid or limit consumption of alcohol.  Ambulatory patients should be counseled to avoid hazardous activities r...More,Synergy,,DDInter1778
No matching records,,,,,,DDInter1779
No matching records,,,,,,DDInter1780
No matching records,,,,,,DDInter1781
No matching records,,,,,,DDInter1782
2,dairy products,"Administration with food, particularly dairy products, significantly reduces tetracycline absorption.  The calcium content of these foods forms nonabsorbable chelates with tetracycline.",Tetracycline should be administered one hour before or two hours after meals.,Absorption,,DDInter1783
No matching records,,,,,,DDInter1784
2,high-fat foods,"Consumption of high-fat food can limit the secretion of gastric acid, which is unfavorable to the absorption of iron","Ideally, iron products should be taken on an empty stomach (i.e., at least 1 hour before or 2 hours after meals), but if this is not possible, administer with meals and monitor the patient more closel...More",Absorption,,DDInter1785
No matching records,,,,,,DDInter1786
No matching records,,,,,,DDInter1787
No matching records,,,,,,DDInter1788
2,alcohol,"Alcohol may potentiate some of the pharmacologic effects of CNS-active agents.  Use in combination may result in additive central nervous system depression and/or impairment of judgment, thinking, and psychomotor skills.",Patients receiving CNS-active agents should be warned of this interaction and advised to avoid or limit consumption of alcohol.  Ambulatory patients should be counseled to avoid hazardous activities r...More,Synergy,,DDInter1789
No matching records,,,,,,DDInter1790
2,coffee,"Coadministration with caffeine may increase the serum concentrations of theophylline.  The proposed mechanism involves competitive inhibition of theophylline metabolism via CYP450 1A2, as well as metabolic conversion of caffeine to theophylline in vivo and saturation of theophylline metabolism at higher serum concentrations.","When administered to patients receiving continuous enteral nutrition , some experts recommend that the tube feeding should be interrupted for at least 1 hour before and 1 hour after the dose of theoph...More",Metabolism,,DDInter1791
No matching records,,,,,,DDInter1792
2,alcohol,Concurrent use of ethanol and phenothiazines may result in additive CNS depression and psychomotor impairment.,Patients should be advised to avoid alcohol during phenothiazine therapy.,Synergy,,DDInter1793
No matching records,,,,,,DDInter1794
3,alcohol,"Concurrent acute use of barbiturates and ethanol may result in additive CNS effects,  including impaired coordination, sedation, and death.  Tolerance of these agents may occur with chronic use.  The mechanism is related to inhibition of microsomal enzymes acutely and induction of hepatic microsomal enzymes chronically.",The combination of ethanol and barbiturates should be avoided.,Metabolism,,DDInter1795
2,alcohol,"Concurrent use of ethanol and phenothiazines may result in additive CNS depression and psychomotor impairment.  Also, ethanol may precipitate dystonic reactions in patients who are taking phenothiazines.",Patients should be advised to avoid alcohol during phenothiazine therapy.,Synergy,,DDInter1796
No matching records,,,,,,DDInter1797
2,alcohol,"Alcohol may potentiate some of the pharmacologic effects of CNS-active agents.  Use in combination may result in additive central nervous system depression and/or impairment of judgment, thinking, and psychomotor skills.",Patients receiving CNS-active agents should be warned of this interaction and advised to avoid or limit consumption of alcohol.  Ambulatory patients should be counseled to avoid hazardous activities r...More,Synergy,,DDInter1798
No matching records,,,,,,DDInter1799
No matching records,,,,,,DDInter1800
2,alcohol,"Alcohol may potentiate some of the pharmacologic effects of CNS-active agents.  Use in combination may result in additive central nervous system depression and/or impairment of judgment, thinking, and psychomotor skills.",Patients receiving CNS-active agents should be warned of this interaction and advised to avoid or limit consumption of alcohol.  Ambulatory patients should be counseled to avoid hazardous activities r...More,Synergy,,DDInter1801
No matching records,,,,,,DDInter1802
No matching records,,,,,,DDInter1803
2,food,The bioavailability and gastrointestinal tolerance of ticlopidine is enhanced by food.,Patients may be advised to take ticlopidine with meals.,Absorption,,DDInter1804
No matching records,,,,,,DDInter1805
No matching records,,,,,,DDInter1806
No matching records,,,,,,DDInter1807
2,food,"Food significantly decreases the bioavailability of tiludronate.  The manufacturer reports up to a 90% decrease in bioavailability when administered with or 2 hours after a standard breakfast.  Clinical efficacy, however, was demonstrated when tiludronate was taken 2 hours before or after meals.",Tiludronate should be administered with 6 to 8 ounces of plain water at least 2 hours before or 2 hours after food.,Absorption,,DDInter1808
2,alcohol,"Many psychotherapeutic and CNS-active agents (e.g., anxiolytics, sedatives, hypnotics, antidepressants, antipsychotics, opioids, alcohol, muscle relaxants) exhibit hypotensive effects, especially during initiation of therapy and dose escalation.  Coadministration with antihypertensives and other hypotensive agents, in particular vasodilators and alpha-blockers, may result in additive effects on blood pressure and orthostasis.",Caution and close monitoring for development of hypotension is advised during coadministration of these agents.  Some authorities recommend avoiding alcohol in patients receiving vasodilating antihype...More,Synergy,,DDInter1809
No matching records,,,,,,DDInter1810
2,alcohol,Use of alcohol or products containing alcohol during nitroimidazole therapy may result in a disulfiram-like reaction in some patients.,"Because clear evidence is lacking concerning the safety of ethanol use during nitroimidazole therapy, patients should be apprised of the potential for interaction and instructed to avoid alcoholic bev...More",Metabolism,,DDInter1811
No matching records,,,,,,DDInter1812
No matching records,,,,,,DDInter1813
2,alcohol,The concomitant or sequential use of other agents known to induce hepatotoxicity may potentiate the risk of liver injury associated with thioguanine.,"The risk of hepatic injury should be considered when thioguanine is used with other potentially hepatotoxic agents (e.g., acetaminophen; alcohol; androgens and anabolic steroids; antituberculous agent...More",Synergy,,DDInter1814
No matching records,,,,,,DDInter1815
No matching records,,,,,,DDInter1816
2,high-fat foods,"Food does not appear to substantially alter the pharmacokinetics of tipranavir.  When tipranavir capsules or oral solution was coadministered with ritonavir capsules at steady-state, no clinically significant changes in tipranavir peak plasma concentration (Cmax) and systemic exposure (AUC) were observed under fed conditions (500 to 682 kcal, 23% to 25% calories from fat) relative to fasted conditions.  The effect of food on tipranavir exposure during coadministration with ritonavir tablets has not been evaluated.  High-fat foods may enhance the gastrointestinal absorption of tipranavir.  In a multiple-dose study, administration of tipranavir capsules with a high-fat meal (868 kcal, 53% from fat, 31% from carbohydrates) increased the oral bioavailability of tipranavir by 31% compared to administration with toast and skimmed milk, but did not significantly affect tipranavir Cmax.  Thus, tipranavir may be safely taken with standard or high-fat meals.","Tipranavir coadministered with low-dose ritonavir should be taken with food to improve the gastrointestinal tolerability of ritonavir.  According to the product labeling, tipranavir coadministered wit...More",Absorption,,DDInter1817
No matching records,,,,,,DDInter1818
No matching records,,,,,,DDInter1819
No matching records,,,,,,DDInter1820
2,alcohol,"The sedative effect of tizanidine may be potentiated by concomitant use of other agents with central nervous system (CNS) depressant effects.  In addition, tizanidine and many of these agents (e.g., alcohol, anxiolytics, sedatives, hypnotics, antidepressants, antipsychotics, opioids, muscle relaxants) also can exhibit hypotensive effects, which may be additive during coadministration and may increase the risk of symptomatic hypotension and orthostasis, particularly during initiation of therapy or dose escalation.","Caution is advised and more gradual dose titration may be appropriate when tizanidine is used with other substances that can cause CNS depression and/or hypotension, particularly in elderly or debilit...More",Synergy,,DDInter1821
No matching records,,,,,,DDInter1822
No matching records,,,,,,DDInter1823
No matching records,,,,,,DDInter1824
No matching records,,,,,,DDInter1825
2,alcohol,"Alcohol may cause hypoglycemia or hyperglycemia in patients with diabetes.  Hypoglycemia most frequently occurs during acute consumption of alcohol.  Even modest amounts can lower blood sugar significantly, especially when the alcohol is ingested on an empty stomach or following exercise.  The mechanism involves inhibition of both gluconeogenesis as well as the counter-regulatory response to hypoglycemia.  Episodes of hypoglycemia may last for 8 to 12 hours after ethanol ingestion.  By contrast, chronic alcohol abuse can cause impaired glucose tolerance and hyperglycemia.  Moderate alcohol consumption generally does not affect blood glucose levels in patients with well controlled diabetes.  A disulfiram-like reaction (e.g., flushing, headache, and nausea) to alcohol has been reported frequently with the use of chlorpropamide and very rarely with other sulfonylureas.","Patients with diabetes should avoid consuming alcohol if their blood glucose is not well controlled, or if they have hypertriglyceridemia, neuropathy, or pancreatitis.  Patients with well controlled d...More",Others,,DDInter1826
No matching records,,,,,,DDInter1827
2,alcohol,"Alcohol may cause hypoglycemia or hyperglycemia in patients with diabetes.  Hypoglycemia most frequently occurs during acute consumption of alcohol.  Even modest amounts can lower blood sugar significantly, especially when the alcohol is ingested on an empty stomach or following exercise.  The mechanism involves inhibition of both gluconeogenesis as well as the counter-regulatory response to hypoglycemia.  Episodes of hypoglycemia may last for 8 to 12 hours after ethanol ingestion.  By contrast, chronic alcohol abuse can cause impaired glucose tolerance and hyperglycemia.  Moderate alcohol consumption generally does not affect blood glucose levels in patients with well controlled diabetes.  A disulfiram-like reaction (e.g., flushing, headache, and nausea) to alcohol has been reported frequently with the use of chlorpropamide and very rarely with other sulfonylureas.","Patients with diabetes should avoid consuming alcohol if their blood glucose is not well controlled, or if they have hypertriglyceridemia, neuropathy, or pancreatitis.  Patients with well controlled d...More",Others,,DDInter1828
2,alcohol,"Alcohol may potentiate some of the pharmacologic effects of CNS-active agents.  Use in combination may result in additive central nervous system depression and/or impairment of judgment, thinking, and psychomotor skills.",Patients receiving CNS-active agents should be warned of this interaction and advised to avoid or limit consumption of alcohol.  Ambulatory patients should be counseled to avoid hazardous activities r...More,Synergy,,DDInter1829
2,Food High in Potassium,Potassium in foods can bind to the cation exchange resin and interfere with potassium removal in the treatment of hyperkalemia.,"To minimize the risk of interaction, patients should be advised to separate the dosing of the cation exchange resin from other orally administered medications by at least 3 hours.  The dosing interval...More",Antagonism,,DDInter1830
2,alcohol,The concurrent use of aspirin or nonsteroidal anti-inflammatory drugs (NSAIDs) and ethanol may lead to gastrointestinal (GI) blood loss.  The mechanism may be due to a combined local effect as well as inhibition of prostaglandins leading to decreased integrity of the GI lining.,Patients should be counseled on this potential interaction and advised to refrain from alcohol consumption while taking aspirin or NSAIDs.,Synergy,,DDInter1831
2,alcohol,"Use of anticholinergic agents with alcohol may result in sufficient impairment of attention so as to render driving and operating machinery more hazardous.  In addition, the potential for abuse may be increased with the combination.  The mechanism of interaction is not established but may involve additive depressant effects on the central nervous system.",Alcohol should generally be avoided during therapy with anticholinergic agents.  Patients should be counseled to avoid activities requiring mental alertness until they know how these agents affect the...More,Synergy,,DDInter1832
2,grapefruit juice,Grapefruit juice may significantly increase the plasma concentrations of tolvaptan.  The proposed mechanism is inhibition of CYP450 3A4-mediated first-pass metabolism in the gut wall by certain compounds present in grapefruits.,Patients treated with tolvaptan should avoid consumption of grapefruits and grapefruit juice.,Metabolism,,DDInter1833
2,alcohol,"Topiramate, when coadministered with other CNS depressants including alcoholic beverages, may lead to excessive somnolence and other forms of nervous system depression.","The patient should be informed to avoid alcohol or to use caution if these agents are coadministered, especially if performing hazardous tasks such as driving or operating machinery.",Synergy,,DDInter1834
No matching records,,,,,,DDInter1835
2,alcohol,"Many psychotherapeutic and CNS-active agents (e.g., anxiolytics, sedatives, hypnotics, antidepressants, antipsychotics, opioids, alcohol, muscle relaxants) exhibit hypotensive effects, especially during initiation of therapy and dose escalation.  Coadministration with antihypertensives and other hypotensive agents, in particular vasodilators and alpha-blockers, may result in additive effects on blood pressure and orthostasis.",Caution and close monitoring for development of hypotension is advised during coadministration of these agents.  Some authorities recommend avoiding alcohol in patients receiving vasodilating antihype...More,Synergy,,DDInter1836
2,grapefruit juice,Coadministration with grapefruit juice may theoretically increase the plasma concentrations of toremifene.  The proposed mechanism is inhibition of CYP450 3A4-mediated metabolism by certain compounds present in grapefruit.,"Until more information is available, patients treated with toremifene should consider avoiding the consumption of grapefruit juice and soy-containing products.  Patients should be advised to contact t...More",Metabolism,,DDInter1837
No matching records,,,,,,DDInter1838
No matching records,,,,,,DDInter1839
2,grapefruit juice,Coadministration with grapefruit juice may increase the plasma concentrations of trabectedin.  The proposed mechanism is inhibition of CYP450 3A4-mediated first-pass metabolism in the gut wall by certain compounds present in grapefruit.,Consumption of grapefruit or grapefruit juice during treatment with trabectedin should be avoided.  Excessive use of alcohol is also not recommended.  Patients should be advised to seek medical attent...More,Metabolism,,DDInter1840
2,alcohol,"Alcohol may potentiate some of the pharmacologic effects of CNS-active agents.  Use in combination may result in additive central nervous system depression and/or impairment of judgment, thinking, and psychomotor skills.",Patients receiving CNS-active agents should be warned of this interaction and advised to avoid or limit consumption of alcohol.  Ambulatory patients should be counseled to avoid hazardous activities r...More,Synergy,,DDInter1841
2,high-fat foods,"Food may reduce as well as delay the absorption of trametinib.  In study subjects, administration of a single dose of trametinib with a high-fat, high-calorie meal decreased peak plasma concentration (Cmax) and systemic exposure (AUC) by 70% and 24%, respectively, and delayed Tmax by approximately 4 hours compared to administration in the fasted state.",Trametinib should be taken at least 1 hour before or 2 hours after a meal.,Absorption,,DDInter1842
2,alcohol,"Many psychotherapeutic and CNS-active agents (e.g., anxiolytics, sedatives, hypnotics, antidepressants, antipsychotics, opioids, alcohol, muscle relaxants) exhibit hypotensive effects, especially during initiation of therapy and dose escalation.  Coadministration with antihypertensives and other hypotensive agents, in particular vasodilators and alpha-blockers, may result in additive effects on blood pressure and orthostasis.",Caution and close monitoring for development of hypotension is advised during coadministration of these agents.  Some authorities recommend avoiding alcohol in patients receiving vasodilating antihype...More,Synergy,,DDInter1843
2,Food High in Potassium,"Moderate-to-high dietary intake of potassium can cause hyperkalemia in some patients who are using angiotensin converting enzyme (ACE) inhibitors.  In some cases, affected patients were using a potassium-rich salt substitute.  ACE inhibitors can promote hyperkalemia through inhibition of the renin-aldosterone-angiotensin (RAA) system.",It is recommended that patients who are taking ACE inhibitors be advised to avoid moderately high or high potassium dietary intake.  Particular attention should be paid to the potassium content of sal...More,Synergy,,DDInter1843
No matching records,,,,,,DDInter1844
3,Tyrosine-rich foods,"Foods that contain large amounts of tyramine may precipitate a hypertensive crisis in patients treated with monoamine oxidase inhibitors (MAOIs).  The mechanism is inhibition of MAO-A, the enzyme responsible for metabolizing exogenous amines such as tyramine in the gut and preventing them from being absorbed intact.  Once absorbed, tyramine is metabolized to octopamine, a substance that is believed to displace norepinephrine from storage granules.","In general, patients treated with MAOIs or other agents that possess MAOI activity (e.g., furazolidone, linezolid, procarbazine) should avoid consumption of products that contain large amounts of amin...More",Synergy,,DDInter1845
No matching records,,,,,,DDInter1846
No matching records,,,,,,DDInter1847
No matching records,,,,,,DDInter1848
No matching records,,,,,,DDInter1849
No matching records,,,,,,DDInter1850
2,alcohol,"Alcohol may potentiate some of the pharmacologic effects of CNS-active agents.  Use in combination may result in additive central nervous system depression and/or impairment of judgment, thinking, and psychomotor skills.",Patients receiving CNS-active agents should be warned of this interaction and advised to avoid or limit consumption of alcohol.  Ambulatory patients should be counseled to avoid hazardous activities r...More,Synergy,,DDInter1851
No matching records,,,,,,DDInter1852
No matching records,,,,,,DDInter1853
No matching records,,,,,,DDInter1854
No matching records,,,,,,DDInter1855
No matching records,,,,,,DDInter1856
No matching records,,,,,,DDInter1857
No matching records,,,,,,DDInter1858
2,alcohol,"Many psychotherapeutic and CNS-active agents (e.g., anxiolytics, sedatives, hypnotics, antidepressants, antipsychotics, opioids, alcohol, muscle relaxants) exhibit hypotensive effects, especially during initiation of therapy and dose escalation.  Coadministration with antihypertensives and other hypotensive agents, in particular vasodilators and alpha-blockers, may result in additive effects on blood pressure and orthostasis.",Caution and close monitoring for development of hypotension is advised during coadministration of these agents.  Some authorities recommend avoiding alcohol in patients receiving vasodilating antihype...More,Synergy,,DDInter1859
2,grapefruit juice,"The pharmacologic activity of oral midazolam, triazolam, and alprazolam may be increased if taken after drinking grapefruit juice.  The proposed mechanism is CYP450 3A4 enzyme inhibition.","The manufacturer recommends that grapefruit juice should not be taken with oral midazolam.  Patients taking triazolam or alprazolam should be monitored for excessive sedation.  Alternatively, the pati...More",Metabolism,,DDInter1860
2,alcohol,"Acute alcohol ingestion may potentiate CNS depression and other CNS effects of many benzodiazepines.  Tolerance may develop with chronic ethanol use.  The mechanism may be decreased clearance of the benzodiazepines because of CYP450 hepatic enzyme inhibition.  Also, it has been suggested that the cognitive deficits induced by benzodiazepines may be increased in patients who chronically consume large amounts of alcohol.","The manufacturer recommends that grapefruit juice should not be taken with oral midazolam.  Patients taking triazolam or alprazolam should be monitored for excessive sedation.  Alternatively, the pati...More",Metabolism,,DDInter1860
No matching records,,,,,,DDInter1861
No matching records,,,,,,DDInter1862
No matching records,,,,,,DDInter1863
2,food,"The gastrointestinal absorption of trientine may be decreased in the presence of food, resulting in reduced therapeutic effects.","Trientine should be administered on an empty stomach, at least one hour before or two hours after meals and at least one hour apart from any other food, drug, or milk.",Absorption,,DDInter1864
No matching records,,,,,,DDInter1865
2,alcohol,"Concurrent use of ethanol and phenothiazines may result in additive CNS depression and psychomotor impairment.  Also, ethanol may precipitate dystonic reactions in patients who are taking phenothiazines.",Patients should be advised to avoid alcohol during phenothiazine therapy.,Synergy,,DDInter1866
No matching records,,,,,,DDInter1867
No matching records,,,,,,DDInter1868
No matching records,,,,,,DDInter1869
2,alcohol,"Use of anticholinergic agents with alcohol may result in sufficient impairment of attention so as to render driving and operating machinery more hazardous.  In addition, the potential for abuse may be increased with the combination.  The mechanism of interaction is not established but may involve additive depressant effects on the central nervous system.",Alcohol should generally be avoided during therapy with anticholinergic agents.  Patients should be counseled to avoid activities requiring mental alertness until they know how these agents affect the...More,Synergy,,DDInter1870
2,alcohol,"Alcohol may potentiate some of the pharmacologic effects of CNS-active agents.  Use in combination may result in additive central nervous system depression and/or impairment of judgment, thinking, and psychomotor skills.",Patients receiving CNS-active agents should be warned of this interaction and advised to avoid or limit consumption of alcohol.  Ambulatory patients should be counseled to avoid hazardous activities r...More,Synergy,,DDInter1871
No matching records,,,,,,DDInter1872
2,alcohol,"Alcohol may potentiate some of the pharmacologic effects of CNS-active agents.  Use in combination may result in additive central nervous system depression and/or impairment of judgment, thinking, and psychomotor skills.",Patients receiving CNS-active agents should be warned of this interaction and advised to avoid or limit consumption of alcohol.  Ambulatory patients should be counseled to avoid hazardous activities r...More,Synergy,,DDInter1873
No matching records,,,,,,DDInter1874
No matching records,,,,,,DDInter1875
2,alcohol,"Concomitant use of ethanol and a tricyclic antidepressant (TCA) may result altered TCA plasma levels and efficacy, and additive impairment of motor skills, especially driving skills.  Acute ethanol ingestion may inhibit TCA metabolism, while chronic ingestion of large amounts of ethanol may induce hepatic TCA metabolism.",Patients should be advised to avoid alcohol during TCA therapy.  Alcoholics who have undergone detoxification should be monitored for decreased TCA efficacy.  Dosage adjustments may be required.,Metabolism,,DDInter1876
No matching records,,,,,,DDInter1877
No matching records,,,,,,DDInter1878
2,alcohol,"Alcohol may potentiate some of the pharmacologic effects of CNS-active agents.  Use in combination may result in additive central nervous system depression and/or impairment of judgment, thinking, and psychomotor skills.",Patients receiving CNS-active agents should be warned of this interaction and advised to avoid or limit consumption of alcohol.  Ambulatory patients should be counseled to avoid hazardous activities r...More,Synergy,,DDInter1879
No matching records,,,,,,DDInter1880
No matching records,,,,,,DDInter1881
No matching records,,,,,,DDInter1882
No matching records,,,,,,DDInter1883
No matching records,,,,,,DDInter1884
No matching records,,,,,,DDInter1885
2,alcohol,"Use of anticholinergic agents with alcohol may result in sufficient impairment of attention so as to render driving and operating machinery more hazardous.  In addition, the potential for abuse may be increased with the combination.  The mechanism of interaction is not established but may involve additive depressant effects on the central nervous system.",Alcohol should generally be avoided during therapy with anticholinergic agents.  Patients should be counseled to avoid activities requiring mental alertness until they know how these agents affect the...More,Synergy,,DDInter1886
2,high-fat foods,"Food may reduce the oral absorption and bioavailability of trospium chloride.  According to the product labeling, administration of trospium chloride with a high fat meal reduced the peak plasma concentration (Cmax) and area under the concentration-time curve (AUC) by 70% to 80% compared to administration while fasting.","To ensure maximal oral absorption, trospium chloride should be administered at least 1 hour before meals or on an empty stomach.",Absorption,,DDInter1886
No matching records,,,,,,DDInter1887
No matching records,,,,,,DDInter1888
No matching records,,,,,,DDInter1889
No matching records,,,,,,DDInter1890
No matching records,,,,,,DDInter1891
No matching records,,,,,,DDInter1892
No matching records,,,,,,DDInter1893
No matching records,,,,,,DDInter1894
No matching records,,,,,,DDInter1895
No matching records,,,,,,DDInter1896
No matching records,,,,,,DDInter1897
No matching records,,,,,,DDInter1898
No matching records,,,,,,DDInter1899
No matching records,,,,,,DDInter1900
No matching records,,,,,,DDInter1901
No matching records,,,,,,DDInter1902
No matching records,,,,,,DDInter1903
No matching records,,,,,,DDInter1904
No matching records,,,,,,DDInter1905
No matching records,,,,,,DDInter1906
No matching records,,,,,,DDInter1907
No matching records,,,,,,DDInter1908
3,grapefruit juice,Coadministration with grapefruit juice may increase the plasma concentration of valbenazine.  The mechanism is inhibition of CYP450 3A4-mediated first-metabolism in the gut wall by certain compounds present in grapefruits.,Pharmacologic response to valbenazine should be monitored more closely whenever a strong inhibitor of CYP450 3A4 is added to or withdrawn from therapy.  Assessment of baseline QT interval and periodic...More,Metabolism,,DDInter1909
No matching records,,,,,,DDInter1910
2,alcohol,"Alcohol may potentiate some of the pharmacologic effects of CNS-active agents.  Use in combination may result in additive central nervous system depression and/or impairment of judgment, thinking, and psychomotor skills.",Patients receiving CNS-active agents should be warned of this interaction and advised to avoid or limit consumption of alcohol.  Ambulatory patients should be counseled to avoid hazardous activities r...More,Synergy,,DDInter1911
2,high-fat foods,"Food increases the bioavailability of ganciclovir from the prodrug, valganciclovir.  In 16 HIV-positive subjects, the administration of valganciclovir 875 mg once daily with a high-fat meal containing approximately 600 calories resulted in a 30% increase in the steady-state area under the plasma concentration-time curve (AUC) and a 14% increase in the peak plasma concentration (Cmax) of ganciclovir, with no delay in the time to reach peak plasma concentration (Tmax).",The manufacturer recommends that valganciclovir be taken with meals.,Absorption,,DDInter1912
2,alcohol,"Alcohol may potentiate some of the pharmacologic effects of CNS-active agents.  Use in combination may result in additive central nervous system depression and/or impairment of judgment, thinking, and psychomotor skills.",Patients receiving CNS-active agents should be warned of this interaction and advised to avoid or limit consumption of alcohol.  Ambulatory patients should be counseled to avoid hazardous activities r...More,Synergy,,DDInter1913
No matching records,,,,,,DDInter1914
2,alcohol,"Many psychotherapeutic and CNS-active agents (e.g., anxiolytics, sedatives, hypnotics, antidepressants, antipsychotics, opioids, alcohol, muscle relaxants) exhibit hypotensive effects, especially during initiation of therapy and dose escalation.  Coadministration with antihypertensives and other hypotensive agents, in particular vasodilators and alpha-blockers, may result in additive effects on blood pressure and orthostasis.",Caution and close monitoring for development of hypotension is advised during coadministration of these agents.  Some authorities recommend avoiding alcohol in patients receiving vasodilating antihype...More,Synergy,,DDInter1915
2,Food High in Potassium,"Moderate-to-high dietary intake of potassium, especially salt substitutes, may increase the risk of hyperkalemia in some patients who are using angiotensin II receptor blockers (ARBs).  ARBs can promote hyperkalemia through inhibition of angiotensin II-induced aldosterone secretion.",Patients should receive dietary counseling and be advised to not use potassium-containing salt substitutes or over-the-counter potassium supplements without consulting their physician.  If salt substi...More,Synergy,,DDInter1915
No matching records,,,,,,DDInter1916
No matching records,,,,,,DDInter1917
2,alcohol,"Additive hypotensive effects may occur when phosphodiesterase-5 (PDE5) inhibitors are used with alcohol, as both are mild systemic vasodilators.","Patients taking PDE5 inhibitors should avoid consuming large amounts of alcohol, which may increase the potential for orthostatic signs and symptoms including increase in heart rate, decrease in stand...More",Synergy,,DDInter1918
2,grapefruit juice,"Grapefruit juice may increase the plasma concentrations of orally administered drugs that are substrates of the CYP450 3A4 isoenzyme.  The proposed mechanism is inhibition of CYP450 3A4-mediated first-pass metabolism in the gut wall by certain compounds present in grapefruit.  Because grapefruit juice inhibits primarily intestinal rather than hepatic CYP450 3A4, the magnitude of interaction is greatest for those drugs that undergo significant presystemic metabolism by CYP450 3A4 (i.e., drugs with low oral bioavailability). In general, the effect of grapefruit juice is concentration-, dose- and preparation-dependent, and can vary widely among brands.",Patients who regularly consume grapefruit or grapefruit juice should be monitored for adverse effects and altered plasma concentrations of drugs that undergo significant presystemic metabolism by CYP4...More,Metabolism,,DDInter1918
2,alcohol,"Varenicline may enhance the effects of alcohol as well as alter the way an individual reacts to alcohol.  During postmarketing use, some patients have reported experiencing increased intoxicating effects of alcohol while taking varenicline.","Patients should be advised to limit their consumption of alcohol until they know whether varenicline affects their tolerance for alcohol, and to exercise caution driving or operating machinery until t...More",Synergy,,DDInter1919
No matching records,,,,,,DDInter1920
2,alcohol,Alcohol may decrease the antidiuretic effect of vasopressin.,Patients should be advised to abstain from alcohol during vasopressin treatment.  Hemodynamic monitoring is suggested for patients known to drink alcohol while receiving vasopressin.,Antagonism,,DDInter1921
No matching records,,,,,,DDInter1922
No matching records,,,,,,DDInter1923
No matching records,,,,,,DDInter1924
No matching records,,,,,,DDInter1925
3,high-fat foods,"Food enhances the oral bioavailability of venetoclax.  Relative to fasting conditions, venetoclax systemic exposure (AUC) increased by approximately 3.4-fold when administered with a low-fat meal and by 5.1- to 5.3-fold when administered with a high-fat meal.","Venetoclax should be administered with a meal and water at approximately the same time each day.  Patients should avoid consumption of grapefruit products, Seville oranges, and starfruit during treatm...More",Absorption,,DDInter1926
2,alcohol,"Alcohol may potentiate some of the pharmacologic effects of CNS-active agents.  Use in combination may result in additive central nervous system depression and/or impairment of judgment, thinking, and psychomotor skills.",Patients receiving CNS-active agents should be warned of this interaction and advised to avoid or limit consumption of alcohol.  Ambulatory patients should be counseled to avoid hazardous activities r...More,Synergy,,DDInter1927
2,alcohol,Verapamil may increase the blood concentrations and intoxicating effects of ethanol.  The exact mechanism of interaction is unknown but may involve verapamil inhibition of ethanol metabolism.,Patients treated with verapamil should be counseled to avoid alcohol consumption.,Metabolism,,DDInter1928
2,grain,Consumption of large quantities of grapefruit juice may be associated with significantly increased plasma concentrations of oral verapamil.  The mechanism is inhibition of CYP450 3A4-mediated first-pass metabolism in the gut wall by certain compounds present in grapefruits.,Patients treated with oral verapamil should avoid the consumption of large amounts of grapefruit or grapefruit juice to prevent any undue fluctuations in serum drug levels.  Patients should be advised...More,Metabolism,,DDInter1928
2,grapefruit juice,Consumption of large quantities of grapefruit juice may be associated with significantly increased plasma concentrations of oral verapamil.  The mechanism is inhibition of CYP450 3A4-mediated first-pass metabolism in the gut wall by certain compounds present in grapefruits.,Patients treated with oral verapamil should avoid the consumption of large amounts of grapefruit or grapefruit juice to prevent any undue fluctuations in serum drug levels.  Patients should be advised...More,Metabolism,,DDInter1928
2,alcohol,Drugs that quench active oxygen species or scavenge radicals are expected to decrease the therapeutic effect of verteporfin.,The clinician should carefully assess the patient for desired benefits and risks before beginning verteporfin therapy.,Antagonism,,DDInter1929
No matching records,,,,,,DDInter1930
No matching records,,,,,,DDInter1931
2,food,There are no data regarding the concurrent administration of cholera oral vaccine with food or beverages.,The manufacturer recommends that patients avoid eating or drinking for 60 minutes before and after administration of cholera oral vaccine.,Others,,DDInter1932
2,alcohol,"Alcohol may potentiate some of the pharmacologic effects of CNS-active agents.  Use in combination may result in additive central nervous system depression and/or impairment of judgment, thinking, and psychomotor skills.",Patients receiving CNS-active agents should be warned of this interaction and advised to avoid or limit consumption of alcohol.  Ambulatory patients should be counseled to avoid hazardous activities r...More,Synergy,,DDInter1933
No matching records,,,,,,DDInter1934
2,alcohol,"Alcohol may potentiate some of the pharmacologic effects of CNS-active agents.  Use in combination may result in additive central nervous system depression and/or impairment of judgment, thinking, and psychomotor skills.",Patients receiving vilazodone should be advised to avoid consumption of alcohol.  Ambulatory patients should be counseled to avoid hazardous activities requiring complete mental alertness and motor co...More,Synergy,,DDInter1935
No matching records,,,,,,DDInter1936
No matching records,,,,,,DDInter1937
No matching records,,,,,,DDInter1938
No matching records,,,,,,DDInter1939
No matching records,,,,,,DDInter1940
No matching records,,,,,,DDInter1941
No matching records,,,,,,DDInter1942
No matching records,,,,,,DDInter1943
No matching records,,,,,,DDInter1944
No matching records,,,,,,DDInter1945
2,high-fat foods,"Food reduces the oral absorption and bioavailability of voriconazole.  According to the product labeling, administration of multiple doses of voriconazole with high-fat meals decreased the mean peak plasma concentration (Cmax) and area under the concentration-time curve (AUC) by 34% and 24%, respectively, when the drug is administered as a tablet, and by 58% and 37%, respectively, when administered as the oral suspension.","To ensure maximal oral absorption, voriconazole tablets and oral suspension should be taken at least one hour before or after a meal.",Absorption,,DDInter1946
No matching records,,,,,,DDInter1947
2,alcohol,"Alcohol may potentiate some of the pharmacologic effects of CNS-active agents.  Use in combination may result in additive central nervous system depression and/or impairment of judgment, thinking, and psychomotor skills.",Patients receiving CNS-active agents should be warned of this interaction and advised to avoid or limit consumption of alcohol.  Ambulatory patients should be counseled to avoid hazardous activities r...More,Synergy,,DDInter1948
2,grapefruit juice,"Grapefruit juice may increase the plasma concentrations of orally administered drugs that are substrates of the CYP450 3A4 isoenzyme.  The proposed mechanism is inhibition of CYP450 3A4-mediated first-pass metabolism in the gut wall by certain compounds present in grapefruit.  Because grapefruit juice inhibits primarily intestinal rather than hepatic CYP450 3A4, the magnitude of interaction is greatest for those drugs that undergo significant presystemic metabolism by CYP450 3A4 (i.e., drugs with low oral bioavailability).  In general, the effect of grapefruit juice is concentration-, dose- and preparation-dependent, and can vary widely among brands.  Certain preparations of grapefruit juice (e.g., high dose, double strength) have sometimes demonstrated potent inhibition of CYP450 3A4, while other preparations (e.g., low dose, single strength) have typically demonstrated moderate inhibition.",Patients who regularly consume grapefruit or grapefruit juice should be monitored for adverse effects and altered plasma concentrations of drugs that undergo significant presystemic metabolism by CYP4...More,Metabolism,,DDInter1949
No matching records,,,,,,DDInter1950
2,alcohol,Enhanced hypoprothrombinemic response to warfarin has been reported in patients with acute alcohol intoxication and/or liver disease.  The proposed mechanisms are inhibition of warfarin metabolism and decreased synthesis of clotting factors.  Binge drinking may exacerbate liver impairment and its metabolic ability in patients with liver dysfunction.,"Patients taking oral anticoagulants should be counseled to avoid large amounts of ethanol, but moderate consumption (one to two drinks per day) are not likely to affect the response to the anticoagula...More",Synergy,,DDInter1951
2,food high in vitamin K,"Vitamin K may antagonize the hypoprothrombinemic effect of oral anticoagulants.  Vitamin K is a cofactor in the synthesis of blood clotting factors that are inhibited by oral anticoagulants, thus intake of vitamin K through supplements or diet can reverse the action of oral anticoagulants.  Resistance to oral anticoagulants has been associated with consumption of foods or enteral feedings high in vitamin K content.  Likewise, a reduction of vitamin K intake following stabilization of anticoagulant therapy may result in elevation of the INR and bleeding complications.  Foods rich in vitamin K include beef liver, broccoli, Brussels sprouts, cabbage, collard greens, endive, kale, lettuce, mustard greens, parsley, soy beans, spinach, Swiss chard, turnip greens, watercress, and other green leafy vegetables.  Moderate to high levels of vitamin K are also found in other foods such as asparagus, avocados, dill pickles, green peas, green tea, canola oil, margarine, mayonnaise, olive oil, and soybean oil.  Snack foods containing the fat substitute, olestra, are fortified with 80 mcg of vitamin K per each one ounce serving so as to offset any depletion of vitamin K that may occur due to olestra interference with its absorption.  Whether these foods can alter the effect of oral anticoagulants has not been extensively studied.  One small study found that moderate consumption (1.5 servings/day) does not significantly affect the INR after one week in patients receiving long-term anticoagulation.","Intake of vitamin K through supplements or diet should not vary significantly during oral anticoagulant therapy.  The diet in general should remain consistent, as other foods containing little or no v...More",Antagonism,,DDInter1951
No matching records,,,,,,DDInter1952
No matching records,,,,,,DDInter1953
2,high-fat foods,"Food may reduce the oral absorption and bioavailability of zafirlukast.  In two separate studies, one using a high-fat and the other a high-protein meal, administration of zafirlukast with food reduced the mean bioavailability by approximately 40%.","To ensure maximal oral absorption, zafirlukast should be administered at least 1 hour before or 2 hours after meals.",Unknown,,DDInter1955
No matching records,,,,,,DDInter1956
2,alcohol,"Alcohol may potentiate some of the pharmacologic effects of zaleplon.  Use in combination may result in additive central nervous system depression and/or impairment of judgment, thinking, and psychomotor skills.","Patients receiving zaleplon should be advised to avoid the consumption of alcohol.  For faster sleep onset, zaleplon should not be administered with or immediately after a high-fat or heavy meal.",Synergy,,DDInter1957
No matching records,,,,,,DDInter1958
3,grapefruit juice,Grapefruit and/or grapefruit juice may increase the plasma concentrations of zanubrutinib.  The proposed mechanism is inhibition of CYP450 3A4-mediated first-pass metabolism in the gut wall by certain compounds present in grapefruit.  Inhibition of hepatic CYP450 3A4 may also contribute.,"Zanubrutinib may be administered with or without food.  Patients should avoid consumption of grapefruit, grapefruit juice, Seville oranges, and Seville orange juice during treatment with zanubrutinib.",Metabolism,,DDInter1959
2,alcohol,"Alcohol may potentiate some of the pharmacologic effects of CNS-active agents.  Use in combination may result in additive central nervous system depression and/or impairment of judgment, thinking, and psychomotor skills.",Patients receiving CNS-active agents should be warned of this interaction and advised to avoid or limit consumption of alcohol.  Ambulatory patients should be counseled to avoid hazardous activities r...More,Synergy,,DDInter1960
1,high-fat foods,Food may have variable effects on the oral bioavailability of zidovudine.  Fatty foods have been reported to decrease the rate and extent of zidovudine absorption following oral administration.,Food may have variable effects on the oral bioavailability of zidovudine.  Fatty foods have been reported to decrease the rate and extent of zidovudine absorption following oral administration.  In a ...More,Absorption,,DDInter1961
2,bran,"The presence of certain foods (e.g., bread, bran, hard boiled eggs, coffee, and milk) may significantly delay the absorption of zinc acetate.  Fibres, phytates, and other substances in food prevent zinc from entering intestinal cells by binding with it.  Protein does not appear to interfere with its absorption.","Zinc acetate should preferably be taken on an empty stomach, at least one hour before or two to three hours after meals.  It may be taken with small amounts of protein such as meat.",Absorption,,DDInter1963
2,coffee,"The presence of certain foods (e.g., bread, bran, hard boiled eggs, coffee, and milk) may significantly delay the absorption of zinc acetate.  Fibres, phytates, and other substances in food prevent zinc from entering intestinal cells by binding with it.  Protein does not appear to interfere with its absorption.","Zinc acetate should preferably be taken on an empty stomach, at least one hour before or two to three hours after meals.  It may be taken with small amounts of protein such as meat.",Absorption,,DDInter1963
2,dairy products,"The presence of certain foods (e.g., bread, bran, hard boiled eggs, coffee, and milk) may significantly delay the absorption of zinc acetate.  Fibres, phytates, and other substances in food prevent zinc from entering intestinal cells by binding with it.  Protein does not appear to interfere with its absorption.","Zinc acetate should preferably be taken on an empty stomach, at least one hour before or two to three hours after meals.  It may be taken with small amounts of protein such as meat.",Absorption,,DDInter1963
No matching records,,,,,,DDInter1964
No matching records,,,,,,DDInter1965
No matching records,,,,,,DDInter1966
2,alcohol,"Alcohol may potentiate some of the pharmacologic effects of CNS-active agents.  Use in combination may result in additive central nervous system depression and/or impairment of judgment, thinking, and psychomotor skills.",Patients receiving CNS-active agents should be warned of this interaction and advised to avoid or limit consumption of alcohol.  Ambulatory patients should be counseled to avoid hazardous activities r...More,Synergy,,DDInter1967
No matching records,,,,,,DDInter1968
2,alcohol,"Alcohol may potentiate some of the pharmacologic effects of CNS-active agents.  Use in combination may result in additive central nervous system depression and/or impairment of judgment, thinking, and psychomotor skills.",Patients receiving CNS-active agents should be warned of this interaction and advised to avoid or limit consumption of alcohol.  Ambulatory patients should be counseled to avoid hazardous activities r...More,Synergy,,DDInter1969
2,alcohol,"Alcohol may potentiate some of the pharmacologic effects of zolpidem.  Use in combination may result in additive central nervous system depression and/or impairment of judgment, thinking, and psychomotor skills.","Patients receiving zolpidem should be advised to avoid the consumption of alcohol.  For faster sleep onset, zolpidem should not be administered with or immediately after a meal.",Synergy,,DDInter1970
2,alcohol,"Alcohol may potentiate some of the pharmacologic effects of CNS-active agents.  Use in combination may result in additive central nervous system depression and/or impairment of judgment, thinking, and psychomotor skills.",Patients receiving CNS-active agents should be warned of this interaction and advised to avoid or limit consumption of alcohol.  Ambulatory patients should be counseled to avoid hazardous activities r...More,Synergy,,DDInter1971
No matching records,,,,,,DDInter1972
No matching records,,,,,,DDInter1973
No matching records,,,,,,DDInter1974
No matching records,,,,,,DDInter1975
No matching records,,,,,,DDInter1976
No matching records,,,,,,DDInter1977
No matching records,,,,,,DDInter1978
No matching records,,,,,,DDInter1979
No matching records,,,,,,DDInter1980
2,alcohol,"Use of alcohol or products containing alcohol during nitroimidazole therapy may result in a disulfiram-like reaction in some patients.  There have been a few case reports involving metronidazole, although data overall are not convincing.  The presumed mechanism is inhibition of aldehyde dehydrogenase (ALDH) by metronidazole in a manner similar to disulfiram.  Following ingestion of alcohol, inhibition of ALDH results in increased concentrations of acetaldehyde, the accumulation of which can produce an unpleasant physiologic response referred to as the 'disulfiram reaction'.  Symptoms include flushing, throbbing in head and neck, throbbing headache, respiratory difficulty, nausea, vomiting, sweating, thirst, chest pain, palpitation, dyspnea, hyperventilation, tachycardia, hypotension, syncope, weakness, vertigo, blurred vision, and confusion.  Severe reactions may result in respiratory depression, cardiovascular collapse, arrhythmia, myocardial infarction, acute congestive heart failure, unconsciousness, convulsions, and death.","To ensure maximal oral absorption, fexinidazole should be administered with food each day at about the same time of day (e.g., during or immediately after the main meal of the day).  Coadministration ...More",Synergy,,DDInter1981
No matching records,,,,,,DDInter1982
No matching records,,,,,,DDInter1983
No matching records,,,,,,DDInter1984
No matching records,,,,,,DDInter1985
No matching records,,,,,,DDInter1986
No matching records,,,,,,DDInter1987
No matching records,,,,,,DDInter1988
No matching records,,,,,,DDInter1989
3,grapefruit juice,"Adagrasib can cause concentration-dependent, prolongation of the QT interval.  Theoretically, coadministration with grapefruit juice before adagrasib has reached steady-state may significantly increase the plasma concentrations of adagrasib, which is primarily metabolized by CYP450 3A4.  The proposed mechanism is inhibition of CYP450 3A4-mediated first-pass metabolism in the gut wall by certain compounds present in grapefruit.","Although clinical data are lacking, it may be advisable to avoid the consumption of grapefruit or grapefruit juice until adagrasib concentrations have reached steady state (after approximately 8 days)...More",Metabolism,,DDInter1990
2,alcohol,"Topically administered alpha-2 adrenergic receptor agonists such as apraclonidine and brimonidine are systemically absorbed, with the potential for producing rare but clinically significant systemic effects.  Although the interaction has not been specifically studied, the possibility of an additive or potentiating effect with central nervous system (CNS) depressants such as alcohol, barbiturates, opiates, anxiolytics, sedatives, and anesthetics should be considered.  Additive hypotensive effects and orthostasis may also occur with some CNS depressants and other agents that have these effects, particularly during initial dosing and/or parenteral administration.",Patients receiving topical alpha-2 adrenergic receptor agonists in combination with agents that can cause CNS depression should be made aware of the potential for increased adverse effects such as dro...More,Synergy,,DDInter1991
2,alcohol,"Alcohol may cause hypoglycemia or hyperglycemia in patients with diabetes.  Hypoglycemia most frequently occurs during acute consumption of alcohol.  Even modest amounts can lower blood sugar significantly, especially when the alcohol is ingested on an empty stomach or following exercise.  The mechanism involves inhibition of both gluconeogenesis as well as the counter-regulatory response to hypoglycemia.  Episodes of hypoglycemia may last for 8 to 12 hours after ethanol ingestion.  By contrast, chronic alcohol abuse can cause impaired glucose tolerance and hyperglycemia.  Moderate alcohol consumption generally does not affect blood glucose levels in patients with well controlled diabetes.  A disulfiram-like reaction (e.g., flushing, headache, and nausea) to alcohol has been reported frequently with the use of chlorpropamide and very rarely with other sulfonylureas.","Patients with diabetes should avoid consuming alcohol if their blood glucose is not well controlled, or if they have hypertriglyceridemia, neuropathy, or pancreatitis.  Patients with well controlled d...More",Others,,DDInter1992
2,alcohol,Concomitant use of black cohosh (Cimicifuga racemosa rhizome) with other agents that are known to induce hepatotoxicity may theoretically increase the risk of liver injury.,"Until more information is available, patients should consider avoiding the use of black cohosh if they are receiving other potentially hepatotoxic agents (e.g., acetaminophen; alcohol; androgens and a...More",Synergy,,DDInter1993
2,alcohol,Coadministration of daclizumab with other agents known to induce hepatotoxicity may increase the risk of liver injury.,"Caution is advised if daclizumab is used with other potentially hepatotoxic agents, including non-prescription products and herbal supplements.  Patients treated with daclizumab should have serum tran...More",Synergy,,DDInter1994
2,alcohol,"Alcohol may potentiate some of the pharmacologic effects of central nervous system (CNS)-active agents.  Use in combination may result in additive CNS depression and/or impairment of judgment, thinking, and psychomotor skills.","Patients receiving CNS-active agents should be advised to avoid or limit consumption of alcohol.  Ambulatory patients should be counseled against driving, operating machinery, or engaging in potential...More",Synergy,,DDInter1995
2,grapefruit juice,"Grapefruit juice may increase the plasma concentrations of daridorexant, which is primarily metabolized by CYP450 3A4.  The proposed mechanism is inhibition of CYP450 3A4-mediated first-pass metabolism in the gut wall by certain compounds present in grapefruit.  Inhibition of hepatic CYP450 3A4 may also contribute.","The manufacturer makes no recommendation regarding administration with food; however, the time to sleep onset may be delayed if taken with or soon after a meal.  It may be advisable for patients to av...More",Metabolism,,DDInter1995
2,alcohol,"Alcohol may potentiate some of the pharmacologic effects of CNS-active agents.  Use in combination may result in additive central nervous system depression and/or impairment of judgment, thinking, and psychomotor skills.",Patients receiving CNS-active agents should be warned of this interaction and advised to avoid or limit consumption of alcohol.  Ambulatory patients should be counseled to avoid hazardous activities r...More,Synergy,,DDInter1996
2,alcohol,"Alcohol may potentiate some of the pharmacologic effects of CNS-active agents.  Use in combination may result in additive central nervous system depression and/or impairment of judgment, thinking, and psychomotor skills.",Patients receiving CNS-active agents should be warned of this interaction and advised to avoid or limit consumption of alcohol.  Ambulatory patients should be counseled to avoid hazardous activities r...More,Synergy,,DDInter1997
2,high-fat foods,"Food may reduce the oral bioavailability of asciminib.  When a single 40 mg dose of asciminib was administered with a low-fat meal (400 calories; 25% fat) in healthy volunteers, asciminib peak plasma concentration (Cmax) and systemic exposure (AUC) decreased by 35% and 30%, respectively, compared to asciminib administered in the fasted state.","To ensure adequate asciminib exposures, food consumption should be avoided for at least 2 hours before and 1 hour after taking asciminib.",Absorption,,DDInter1998
2,high-fat foods,"Food significantly enhances the oral bioavailability of avacopan.  When a 30 mg capsule of avacopan was administered with a high-fat, high-calorie meal, avacopan peak plasma concentration (Cmax) and systemic exposure (AUC) increased by approximately 8% and 72%, respectively, while the time to reach peak concentration (Tmax) was delayed by approximately 4 hours (from 2.0 hours to 6.0 hours).","To ensure maximal oral absorption, avacopan should be administered with food.  Patients should preferably avoid or limit consumption of grapefruit, grapefruit juice, or any supplement containing grape...More",Absorption,,DDInter1999
2,grapefruit juice,"Food significantly enhances the oral bioavailability of avacopan.  When a 30 mg capsule of avacopan was administered with a high-fat, high-calorie meal, avacopan peak plasma concentration (Cmax) and systemic exposure (AUC) increased by approximately 8% and 72%, respectively, while the time to reach peak concentration (Tmax) was delayed by approximately 4 hours (from 2.0 hours to 6.0 hours).","To ensure maximal oral absorption, avacopan should be administered with food.  Patients should preferably avoid or limit consumption of grapefruit, grapefruit juice, or any supplement containing grape...More",Metabolism,,DDInter1999
No matching records,,,,,,DDInter2000
No matching records,,,,,,DDInter2001
No matching records,,,,,,DDInter2002
No matching records,,,,,,DDInter2003
No matching records,,,,,,DDInter2004
No matching records,,,,,,DDInter2005
No matching records,,,,,,DDInter2006
2,alcohol,Excessive use of alcohol or products containing alcohol together with levoketoconazole may potentiate the risk of liver injury.,"Levoketoconazole may be administered with or without food.  However, excessive consumption of alcohol should generally be avoided during levoketoconazole therapy.  Patients should preferably avoid or ...More",Synergy,,DDInter2007
2,grapefruit juice,Excessive use of alcohol or products containing alcohol together with levoketoconazole may potentiate the risk of liver injury.,"Levoketoconazole may be administered with or without food.  However, excessive consumption of alcohol should generally be avoided during levoketoconazole therapy.  Patients should preferably avoid or ...More",Metabolism,,DDInter2007
No matching records,,,,,,DDInter2008
3,grapefruit juice,"Grapefruit juice may increase the plasma concentrations of mavacamten.  The proposed mechanism is inhibition of CYP450 3A4-mediated first-pass metabolism in the gut wall by certain compounds present in grapefruit.  Inhibition of hepatic CYP450 3A4 may also contribute.  The interaction has not been studied with grapefruit juice, but has been reported for other CYP450 3A4 inhibitors.",Mavacamten may be administered with or without food.  Patients should avoid consumption of grapefruit and grapefruit juice during treatment with mavacamten.,Metabolism,,DDInter2009
No matching records,,,,,,DDInter2010
No matching records,,,,,,DDInter2011
No matching records,,,,,,DDInter2012
No matching records,,,,,,DDInter2013
3,grapefruit juice,"Theoretically, the coadministration with grapefruit juice may increase the plasma concentrations of mitapivat.  The proposed mechanism is inhibition of CYP450 3A4-mediated first-pass metabolism in the gut wall by certain compounds present in grapefruits.  The extent and clinical significance are unknown.  In general, the effect of grapefruit juice is concentration,-, dose- and preparation-dependent, and can vary widely among brands.  Certain preparations of grapefruit juice (e.g., high dose, double strength) have sometimes demonstrated potent inhibition of CYP450 3A4, while other preparations (e.g., low dose, single strength) have typically demonstrated moderate inhibition.  Moreover, pharmacokinetic alterations associated with interactions involving grapefruit juice are often subject to a high degree of interpatient variability.","Although clinical data are lacking, it may be advisable to avoid or limit consumption of grapefruit or grapefruit juice during therapy with mitapivat if possible.  If concomitant use is unavoidable, c...More",Metabolism,,DDInter2014
3,grapefruit juice,Grapefruit juice may increase the plasma concentrations of mobocertinib.  The mechanism may involve inhibition of CYP450 3A4-mediated first-pass metabolism in the gut wall by certain compounds present in grapefruit.  Inhibition of hepatic CYP450 3A4 may also contribute.  The interaction has not been studied with grapefruit juice.,Patients should avoid consumption of grapefruit and grapefruit juice during treatment with mobocertinib.,Metabolism,,DDInter2015
No matching records,,,,,,DDInter2016
2,high-fat foods,"Coadministration with a high-fat meal may increase the plasma concentrations of olutasidenib.  According to the product labeling, administration of a single 150 mg dose with a high-fat meal (approximately 800 to 1000 calories, with approximately 50% of those calories from fat) increased olutasidenib peak plasma concentration (Cmax) and systemic exposure (AUC) by 191% and 83%, respectively, in healthy subjects.","Olutasidenib should be administered at about the same time each day, on an empty stomach at least 1 hour before or 2 hours after a meal.",Others,,DDInter2017
No matching records,,,,,,DDInter2019
No matching records,,,,,,DDInter2020
No matching records,,,,,,DDInter2022
2,cigarette,Smoking during treatment with abrocitinib may increase the risk of major adverse cardiovascular events (MACE) and the risk of developing malignancies.,Caution is advised if abrocitinib is prescribed to current or past smokers.  Patients should be informed about the symptoms of serious cardiovascular events and the steps to take if they occur.  The m...More,Synergy,,DDInter2023
2,alcohol,"Many psychotherapeutic and CNS-active agents (e.g., anxiolytics, sedatives, hypnotics, antidepressants, antipsychotics, opioids, alcohol, muscle relaxants) exhibit hypotensive effects, especially during initiation of therapy and dose escalation.  Coadministration with antihypertensives and other hypotensive agents, in particular vasodilators and alpha-blockers, may result in additive effects on blood pressure and orthostasis.",Caution and close monitoring for development of hypotension is advised during coadministration of these agents.  Some authorities recommend avoiding alcohol in patients receiving vasodilating antihype...More,Synergy,,DDInter2025
2,Food High in Potassium,"Moderate-to-high dietary intake of potassium, especially salt substitutes, may increase the risk of hyperkalemia in some patients who are using angiotensin II receptor blockers (ARBs).  ARBs can promote hyperkalemia through inhibition of angiotensin II-induced aldosterone secretion.  Patients with diabetes, heart failure, dehydration, or renal insufficiency have a greater risk of developing hyperkalemia.",Patients should receive dietary counseling and be advised to not use potassium-containing salt substitutes or over-the-counter potassium supplements without consulting their physician.  If salt substi...More,Synergy,,DDInter2025
No matching records,,,,,,DDInter2026
No matching records,,,,,,DDInter2027
No matching records,,,,,,DDInter2028
2,food,"Administration with food decreases the oral bioavailability of brincidofovir.  According to the product labeling, administration of brincidofovir tablets with a low-fat meal (approximately 400 calories, 25% of calories from fat) was associated with a reduction in the systemic exposure (AUC) and peak plasma concentration (Cmax) of brincidofovir by 31% and 49%, respectively, compared to administration under fasting.","Brincidofovir oral tablets and suspension should be taken on an empty stomach.  If necessary, the oral tablets may be taken with a low-fat meal.",Absorption,,DDInter2029
No matching records,,,,,,DDInter2030
No matching records,,,,,,DDInter2031
No matching records,,,,,,DDInter2032
No matching records,,,,,,DDInter2033
No matching records,,,,,,DDInter2034
No matching records,,,,,,DDInter2035
No matching records,,,,,,DDInter2036
3,grapefruit juice,"Theoretically, coadministration with grapefruit juice may increase the plasma concentrations of pacritinib, which is primarily metabolized by CYP450 3A4.  The proposed mechanism is inhibition of CYP450 3A4-mediated first-pass metabolism in the gut wall by certain compounds present in grapefruit.  Inhibition of hepatic CYP450 3A4 may also contribute.  The interaction has not been studied with grapefruit juice but has been reported for the potent CYP450 3A4 inhibitor, clarithromycin.","Although clinical data are lacking, it may be advisable to avoid consumption of grapefruit or grapefruit juice during treatment with pacritinib.  Pacritinib may be administered with or without food.",Metabolism,,DDInter2037
3,grapefruit juice,"Grapefruit juice may increase the plasma concentrations of pirtobrutinib, which is primarily metabolized by CYP450 3A4.  The proposed mechanism is inhibition of CYP450 3A4-mediated first-pass metabolism in the gut wall by certain compounds present in grapefruit.  Inhibition of hepatic CYP450 3A4 may also contribute.","It may be advisable for patients to avoid consumption of grapefruit, grapefruit juice, or supplements that contain grapefruit during treatment with pirtobrutinib.",Metabolism,,DDInter2038
No matching records,,,,,,DDInter2039
No matching records,,,,,,DDInter2040
2,grapefruit juice,"Coadministration of protein-bound sirolimus intravenous suspension with grapefruit juice may increase the systemic exposure to sirolimus.  The proposed mechanism is inhibition of CYP450 3A4-mediated metabolism of sirolimus by certain compounds present in grapefruit.  However, grapefruit juice primarily inhibits CYP450 3A4-mediated first-pass metabolism in the gut wall and may have limited effects on medications that are not administered orally.  No formal studies evaluating the drug interaction potential of protein-bound sirolimus have been conducted.  In general, the effect of grapefruit juice is concentration-, dose- and preparation-dependent, and can vary widely among brands.  Certain preparations of grapefruit juice (e.g., high dose, double strength) have sometimes demonstrated potent inhibition of CYP450 3A4, while other preparations (e.g., low dose, single strength) have typically demonstrated moderate inhibition.",The manufacturer recommends avoiding grapefruit and grapefruit juice during treatment with protein-bound sirolimus.,Metabolism,,DDInter2041
No matching records,,,,,,DDInter2043
3,grapefruit juice,Grapefruit juice may increase the plasma concentrations of finerenone.  The proposed mechanism is inhibition of CYP450 3A4-mediated first-pass metabolism in the gut wall by certain compounds present in grapefruit.,"Patients receiving finerenone therapy should be instructed to avoid consumption of grapefruit or grapefruit juice.  In addition, patients should receive dietary counseling and be advised not to use po...More",Metabolism,,DDInter2044
2,high-fat foods,"Food enhances the oral bioavailability of ganaxolone.  When administered with a high-fat meal, ganaxolone peak plasma concentration (Cmax) and systemic exposure (AUC) increased by 3- and 2-fold, respectively, compared to administration under fasted conditions.  Ganaxolone was administered with food in the premarketing study population.  The efficacy of ganaxolone when administered in the fasted state is unknown.",Ganaxolone must be administered with food according to the manufacturer.  Patients should be advised to avoid or limit consumption of alcohol and to avoid activities requiring mental alertness such as...More,Absorption,,DDInter2045
3,high-fat foods,"Food may increase the oral bioavailability of infigratinib.  Coadministration with a high-fat, high-calorie meal (800 to 1,000 calories, with approximately 50% of total calories from fat) in healthy subjects increased mean infigratinib peak plasma concentration (Cmax) and total systemic exposure (AUC) by 60% to 80% and 80% to 120%, respectively, and increased the median time to Cmax from 4 hours to 6 hours.  When coadministered with a low-fat, low-calorie meal (approximately 330 calories, with 20% of total calories from fat), mean infigratinib Cmax and AUC increased by 90% and 70%, respectively, while the median time to Cmax did not change.","Infigratinib should be administered on an empty stomach at least one hour before or two hours after food.  Patients should avoid consumption of grapefruit, grapefruit juice, or supplements that contai...More",Absorption,,DDInter2046
No matching records,,,,,,DDInter2047
2,alcohol,"Many psychotherapeutic and CNS-active agents (e.g., anxiolytics, sedatives, hypnotics, antidepressants, antipsychotics, opioids, alcohol, muscle relaxants) exhibit hypotensive effects, especially during initiation of therapy and dose escalation.  Coadministration with antihypertensives and other hypotensive agents, in particular vasodilators and alpha-blockers, may result in additive effects on blood pressure and orthostasis.",Caution and close monitoring for development of hypotension is advised during coadministration of these agents.  Some authorities recommend avoiding alcohol in patients receiving vasodilating antihype...More,Synergy,,DDInter2048
3,grapefruit juice,"Grapefruit juice may increase the plasma concentrations of sparsentan, which is primarily metabolized by CYP450 3A4.  The proposed mechanism is inhibition of CYP450 3A4-mediated first-pass metabolism in the gut wall by certain compounds present in grapefruit.","It may be advisable for patients to avoid the consumption of grapefruit, grapefruit juice, or supplements that contain grapefruit during treatment with sparsentan.  Patients should receive dietary cou...More",Metabolism,,DDInter2048
No matching records,,,,,,DDInter2049
2,high-fat foods,"Food enhances the oral bioavailability of tepotinib.  When tepotinib was administered after a high-fat, high-calorie meal (approximately 800 to 1000 calories; 150 calories from protein, 250 calories from carbohydrate, 500 to 600 calories from fat), tepotinib peak plasma concentration (Cmax) and systemic exposure (AUC) increased by 2-fold and 1.6-fold, respectively, compared to administration under fasted conditions.",Tepotinib should be administered with food at approximately the same time each day.,Absorption,,DDInter2050
No matching records,,,,,,DDInter2051
No matching records,,,,,,DDInter2052
No matching records,,,,,,DDInter2053
3,grapefruit juice,"Grapefruit juice may increase the plasma concentrations of elacestrant, which is primarily metabolized by CYP450 3A4.  The proposed mechanism is inhibition of CYP450 3A4-mediated first-pass metabolism in the gut wall by certain compounds present in grapefruit.","It may be advisable for patients to avoid consumption of grapefruit, grapefruit juice, or supplements that contain grapefruit during treatment with elacestrant.  Elacestrant should be taken with food ...More",Metabolism,,DDInter2054
2,grapefruit juice,"Grapefruit juice may increase the plasma concentrations of orally administered drugs that are substrates of the CYP450 3A4 isoenzyme.  The proposed mechanism is inhibition of CYP450 3A4-mediated first-pass metabolism in the gut wall by certain compounds present in grapefruit.  Because grapefruit juice inhibits primarily intestinal rather than hepatic CYP450 3A4, the magnitude of interaction is greatest for those drugs that undergo significant presystemic metabolism by CYP450 3A4 (i.e., drugs with low oral bioavailability).  In general, the effect of grapefruit juice is concentration-, dose- and preparation-dependent, and can vary widely among brands.  Certain preparations of grapefruit juice (e.g., high dose, double strength) have sometimes demonstrated potent inhibition of CYP450 3A4, while other preparations (e.g., low dose, single strength) have typically demonstrated moderate inhibition.",Patients who regularly consume grapefruit or grapefruit juice should be monitored for adverse effects and altered plasma concentrations of drugs that undergo significant presystemic metabolism by CYP4...More,Metabolism,,DDInter2055
2,grapefruit juice,"Coadministration with grapefruit juice may increase the plasma concentrations of ibrexafungerp.  The mechanism is inhibition of CYP450 3A4-mediated first-pass metabolism in the gut wall by certain compounds present in grapefruits.  In general, the effect of grapefruit juice is concentration-, dose- and preparation-dependent, and can vary widely among brands.","Ibrexafungerp may be administered with or without food.  However, avoiding consumption of grapefruit or grapefruit juice during treatment with ibrexafungerp may be advisable.",Metabolism,,DDInter2056
No matching records,,,,,,DDInter2057
No matching records,,,,,,DDInter2058
2,food,"Concomitant use of some food may reduce the bioavailability of orally administered iron, and vice versa.","Ideally, iron products should be taken on an empty stomach (i.e., at least 1 hour before or 2 hours after meals), but if this is not possible, administer with meals and monitor the patient more closel...More",Absorption,,DDInter2059
No matching records,,,,,,DDInter2060
No matching records,,,,,,DDInter2061
No matching records,,,,,,DDInter2062
No matching records,,,,,,DDInter2063
3,Tyrosine-rich foods,"Foods that contain large amounts of tyramine may precipitate a hypertensive crisis in patients treated with monoamine oxidase inhibitors (MAOIs).  The mechanism is inhibition of MAO-A, the enzyme responsible for metabolizing exogenous amines such as tyramine in the gut and preventing them from being absorbed intact.  Once absorbed, tyramine is metabolized to octopamine, a substance that is believed to displace norepinephrine from storage granules.","In general, patients treated with MAOIs or other agents that possess MAOI activity (e.g., furazolidone, linezolid, procarbazine) should avoid consumption of products that contain large amounts of amin...More",Synergy,,DDInter2064
No matching records,,,,,,DDInter2065
2,alcohol,"Many psychotherapeutic and CNS-active agents (e.g., anxiolytics, sedatives, hypnotics, antidepressants, antipsychotics, opioids, alcohol, muscle relaxants) exhibit hypotensive effects, especially during initiation of therapy and dose escalation.  Coadministration with antihypertensives and other hypotensive agents, in particular vasodilators and alpha-blockers, may result in additive effects on blood pressure and orthostasis.",Caution and close monitoring for development of hypotension is advised during coadministration of these agents.  Some authorities recommend avoiding alcohol in patients receiving vasodilating antihype...More,Synergy,,DDInter2066
No matching records,,,,,,DDInter2067
No matching records,,,,,,DDInter2068
No matching records,,,,,,DDInter2069
2,alcohol,The concurrent use of aspirin or nonsteroidal anti-inflammatory drugs (NSAIDs) and ethanol may lead to gastrointestinal (GI) blood loss.  The mechanism may be due to a combined local effect as well as inhibition of prostaglandins leading to decreased integrity of the GI lining.,Patients should be counseled on this potential interaction and advised to refrain from alcohol consumption while taking aspirin or NSAIDs.,Synergy,,DDInter2070
2,food,"Since sublingual preparations of pollen allergen extracts are meant to be absorbed directly from tissues under the tongue into the blood stream, consuming food or beverage during or immediately after administration may reduce the systemic bioavailability of the medication.","Food or beverage should not be taken with, or for at least 5 minutes after, the administration of sublingual allergen extracts.  Patients should also avoid swallowing for about 1 minute following plac...More",Absorption,,DDInter2071
No matching records,,,,,,DDInter2072
No matching records,,,,,,DDInter2073
No matching records,,,,,,DDInter2074
No matching records,,,,,,DDInter2075
No matching records,,,,,,DDInter2076
No matching records,,,,,,DDInter2077
No matching records,,,,,,DDInter2078
No matching records,,,,,,DDInter2079
No matching records,,,,,,DDInter2080
No matching records,,,,,,DDInter2081
No matching records,,,,,,DDInter2082
No matching records,,,,,,DDInter2083
No matching records,,,,,,DDInter2084
No matching records,,,,,,DDInter2085
No matching records,,,,,,DDInter2086
No matching records,,,,,,DDInter2088
3,grapefruit juice,Coadministration with grapefruit juice may increase the plasma concentrations of voclosporin.  The mechanism is inhibition of CYP450 3A4-mediated first-pass metabolism in the gut wall by certain compounds present in grapefruits.,Patients receiving voclosporin therapy should be advised to avoid consumption of grapefruit or grapefruit juice.  Voclosporin therapy should be administered at least 1 hour before or 2 hours after mea...More,Metabolism,,DDInter2089
No matching records,,,,,,DDInter2090
No matching records,,,,,,DDInter2091
No matching records,,,,,,DDInter2092
No matching records,,,,,,DDInter2093
No matching records,,,,,,DDInter2094
No matching records,,,,,,DDInter2095
No matching records,,,,,,DDInter2096
No matching records,,,,,,DDInter2097
No matching records,,,,,,DDInter2098
No matching records,,,,,,DDInter2099
No matching records,,,,,,DDInter2100
No matching records,,,,,,DDInter2101
2,alcohol,Smoking and alcohol consumption during therapy with daprodustat may increase the risk of gastric or esophageal erosions.,Caution is advised if daprodustat is prescribed to current tobacco smokers or alcohol drinkers.  Patients should be advised to contact their physician if they develop potential signs and symptoms of g...More,Synergy,,DDInter2102
2,cigarette,Smoking and alcohol consumption during therapy with daprodustat may increase the risk of gastric or esophageal erosions.,Caution is advised if daprodustat is prescribed to current tobacco smokers or alcohol drinkers.  Patients should be advised to contact their physician if they develop potential signs and symptoms of g...More,Synergy,,DDInter2102
No matching records,,,,,,DDInter2103
No matching records,,,,,,DDInter2104
No matching records,,,,,,DDInter2105
No matching records,,,,,,DDInter2106
No matching records,,,,,,DDInter2107
3,grapefruit juice,"Grapefruit juice may increase the plasma concentrations of futibatinib.  The proposed mechanism is inhibition of CYP450 3A4-mediated first-pass metabolism in the gut wall by certain compounds present in grapefruit.  In general, the effect of grapefruit juice is concentration-, dose- and preparation-dependent, and can vary widely among brands.",Patients should be advised to avoid consumption of grapefruit or grapefruit juice during treatment with futibatinib.,Metabolism,,DDInter2108
No matching records,,,,,,DDInter2109
No matching records,,,,,,DDInter2110
No matching records,,,,,,DDInter2111
No matching records,,,,,,DDInter2112
No matching records,,,,,,DDInter2113
No matching records,,,,,,DDInter2114
1,high-fat foods,"Food does not appear to have a clinically significant effect on the oral bioavailability of sotorasib.  When a 960 mg dose of sotorasib was administered to study patients with a high-fat, high-calorie meal (approximately 800 to 1000 calories; 150, 250, and 500 to 600 calories from protein, carbohydrate, and fat, respectively), sotorasib peak plasma concentration (Cmax) did not change while systemic exposure (AUC 0-24 hours) increased by 25% compared to administration under fasted conditions.  Sotorasib can be administered with or without food at approximately the same time each day.","Sotorasib should be administered on an empty stomach, at least 2 hours after or 1 hour before a meal.  Patients should avoid consumption of high-fat foods during treatment with Sotorasib.",Absorption,,DDInter2115
2,high-fat foods,"Food enhances the oral bioavailability of oteseconazole.  When administered with a high-fat, high-calorie meal (800 to 1000 calories; 50% fat), oteseconazole peak plasma concentration (Cmax) and systemic exposure (AUC 0-72h) increased by 45% and 36%, respectively.  However, no significant differences were observed with a low-fat, low-calorie meal.",Oteseconazole should be administered with food.,Absorption,,DDInter2116
No matching records,,,,,,DDInter2117
No matching records,,,,,,DDInter2118
No matching records,,,,,,DDInter2119
No matching records,,,,,,DDInter2120
No matching records,,,,,,DDInter2121
No matching records,,,,,,DDInter2122
No matching records,,,,,,DDInter2123
No matching records,,,,,,DDInter2124
No matching records,,,,,,DDInter2125
No matching records,,,,,,DDInter2126
No matching records,,,,,,DDInter2127
No matching records,,,,,,DDInter2128
No matching records,,,,,,DDInter2129
No matching records,,,,,,DDInter2130
No matching records,,,,,,DDInter2131
2,food,"Since sublingual preparations of pollen allergen extracts are meant to be absorbed directly from tissues under the tongue into the blood stream, consuming food or beverage during or immediately after administration may reduce the systemic bioavailability of the medication.","Food or beverage should not be taken with, or for at least 5 minutes after, the administration of sublingual allergen extracts.  Patients should also avoid swallowing for about 1 minute following plac...More",Absorption,,DDInter2132
No matching records,,,,,,DDInter2133
No matching records,,,,,,DDInter2134
No matching records,,,,,,DDInter2135
No matching records,,,,,,DDInter2136
No matching records,,,,,,DDInter2137
No matching records,,,,,,DDInter2138
No matching records,,,,,,DDInter2139
No matching records,,,,,,DDInter2140
No matching records,,,,,,DDInter2141
No matching records,,,,,,DDInter2142
No matching records,,,,,,DDInter2143
2,alcohol,"Alcohol may cause hypoglycemia or hyperglycemia in patients with diabetes.  Hypoglycemia most frequently occurs during acute consumption of alcohol.  Even modest amounts can lower blood sugar significantly, especially when the alcohol is ingested on an empty stomach or following exercise.  The mechanism involves inhibition of both gluconeogenesis as well as the counter-regulatory response to hypoglycemia.","Patients with diabetes should avoid consuming alcohol if their blood glucose is not well controlled, or if they have hypertriglyceridemia, neuropathy, or pancreatitis.  Patients with well controlled d...More",Others,,DDInter2144
2,food,Food may increase the extent of tecovirimat absorption following oral administration.,Oral tecovirimat should be taken within 30 minutes after a full meal containing moderate or high fat (approximately 600 calories and 25 g of fat) with 6 to 8 ounces of water.,Absorption,,DDInter2145
No matching records,,,,,,DDInter2146
No matching records,,,,,,DDInter2147
No matching records,,,,,,DDInter2148
No matching records,,,,,,DDInter2149
No matching records,,,,,,DDInter2150
No matching records,,,,,,DDInter2151
No matching records,,,,,,DDInter2152
No matching records,,,,,,DDInter2153
No matching records,,,,,,DDInter2154
No matching records,,,,,,DDInter2155
No matching records,,,,,,DDInter2156
No matching records,,,,,,DDInter2157
No matching records,,,,,,DDInter2158
No matching records,,,,,,DDInter2159
No matching records,,,,,,DDInter2160
No matching records,,,,,,DDInter2161
No matching records,,,,,,DDInter2162
No matching records,,,,,,DDInter2164
No matching records,,,,,,DDInter2165
No matching records,,,,,,DDInter2166
No matching records,,,,,,DDInter2167
No matching records,,,,,,DDInter2168
No matching records,,,,,,DDInter2169
No matching records,,,,,,DDInter2170
No matching records,,,,,,DDInter2171
No matching records,,,,,,DDInter2172
No matching records,,,,,,DDInter2173
No matching records,,,,,,DDInter2174
No matching records,,,,,,DDInter2175
No matching records,,,,,,DDInter2176
No matching records,,,,,,DDInter2177
No matching records,,,,,,DDInter2178
No matching records,,,,,,DDInter2179
No matching records,,,,,,DDInter2180
No matching records,,,,,,DDInter2181
No matching records,,,,,,DDInter2182
No matching records,,,,,,DDInter2183
No matching records,,,,,,DDInter2184
No matching records,,,,,,DDInter2185
No matching records,,,,,,DDInter2186
No matching records,,,,,,DDInter2187
No matching records,,,,,,DDInter2188
No matching records,,,,,,DDInter2189
No matching records,,,,,,DDInter2190
No matching records,,,,,,DDInter2191
No matching records,,,,,,DDInter2192
No matching records,,,,,,DDInter2193
No matching records,,,,,,DDInter2194
No matching records,,,,,,DDInter2195
No matching records,,,,,,DDInter2196
No matching records,,,,,,DDInter2197
No matching records,,,,,,DDInter2198
No matching records,,,,,,DDInter2199
No matching records,,,,,,DDInter2200
2,high-fat foods,"Administration of vericiguat with food reduces its pharmacokinetic variability and increases its exposure.  Vericiguat is less soluble at neutral pH than at acidic pH.  Administration of vericiguat with a high-fat, high-calorie meal or low-fat, high-carbohydrate meal increased time to reach peak plasma concentration (Tmax) from about 1 hour (fasted) to about 4 hours (fed) and increased vericiguat systemic exposure (AUC) by 19% and peak plasma concentration (Cmax) by 9% for the 5 mg tablet and by 44% (AUC) and 41% (Cmax) for the 10 mg tablet as compared with the fasted state.  Concurrent treatment with drugs that increase gastric pH, such as proton pump inhibitors or antacids, decrease vericiguat AUC by about 30%.  Co-treatment with drugs that increase gastric pH did not affect vericiguat exposure in patients with heart failure when vericiguat was taken as directed with food.",Administer vericiguat with food to ensure maximal exposure and decrease pharmacokinetic variability.,Absorption,,DDInter2201
2,food,"Vosoritide may cause transient decreases in blood pressure.  In clinical trials, 13% of patients treated with vosoritide experienced a transient decrease in blood pressure compared to 5% of patients on placebo.","To reduce the risk of low blood pressure and its associated signs and symptoms, patients should have adequate food intake before vosoritide administration and should drink approximately 240 to 300 mL ...More",Others,,DDInter2202
No matching records,,,,,,DDInter2203
No matching records,,,,,,DDInter2204
No matching records,,,,,,DDInter2205
No matching records,,,,,,DDInter2206
No matching records,,,,,,DDInter2207
No matching records,,,,,,DDInter2208
No matching records,,,,,,DDInter2209
No matching records,,,,,,DDInter2210
No matching records,,,,,,DDInter2211
No matching records,,,,,,DDInter2212
No matching records,,,,,,DDInter2213
No matching records,,,,,,DDInter2214
No matching records,,,,,,DDInter2215
No matching records,,,,,,DDInter2216
No matching records,,,,,,DDInter2217
No matching records,,,,,,DDInter2218
No matching records,,,,,,DDInter2219
No matching records,,,,,,DDInter2220
No matching records,,,,,,DDInter2221
No matching records,,,,,,DDInter2222
No matching records,,,,,,DDInter2223
No matching records,,,,,,DDInter2224
No matching records,,,,,,DDInter2225
No matching records,,,,,,DDInter2226
No matching records,,,,,,DDInter2227
No matching records,,,,,,DDInter2228
No matching records,,,,,,DDInter2229
No matching records,,,,,,DDInter2230
No matching records,,,,,,DDInter2231
No matching records,,,,,,DDInter2232
No matching records,,,,,,DDInter2233
No matching records,,,,,,DDInter2234
No matching records,,,,,,DDInter2235
No matching records,,,,,,DDInter2236
No matching records,,,,,,DDInter2237
No matching records,,,,,,DDInter2238
No matching records,,,,,,DDInter2239
No matching records,,,,,,DDInter2240
No matching records,,,,,,DDInter2241
No matching records,,,,,,DDInter2242
No matching records,,,,,,DDInter2243
No matching records,,,,,,DDInter2244
No matching records,,,,,,DDInter2245
No matching records,,,,,,DDInter2246
No matching records,,,,,,DDInter2247
No matching records,,,,,,DDInter2248
No matching records,,,,,,DDInter2249
No matching records,,,,,,DDInter2250
No matching records,,,,,,DDInter2251
No matching records,,,,,,DDInter2252
No matching records,,,,,,DDInter2253
No matching records,,,,,,DDInter2254
No matching records,,,,,,DDInter2255
No matching records,,,,,,DDInter2256
No matching records,,,,,,DDInter2257
No matching records,,,,,,DDInter2258
No matching records,,,,,,DDInter2259
No matching records,,,,,,DDInter2260
No matching records,,,,,,DDInter2261
No matching records,,,,,,DDInter2262
No matching records,,,,,,DDInter2263
No matching records,,,,,,DDInter2264
No matching records,,,,,,DDInter2265
No matching records,,,,,,DDInter2266
No matching records,,,,,,DDInter2267
No matching records,,,,,,DDInter2268
No matching records,,,,,,DDInter2269
No matching records,,,,,,DDInter2270
No matching records,,,,,,DDInter2271
No matching records,,,,,,DDInter2272
No matching records,,,,,,DDInter2273
No matching records,,,,,,DDInter2274
No matching records,,,,,,DDInter2275
No matching records,,,,,,DDInter2276
No matching records,,,,,,DDInter2277
No matching records,,,,,,DDInter2278
No matching records,,,,,,DDInter2279
No matching records,,,,,,DDInter2280
No matching records,,,,,,DDInter2281
No matching records,,,,,,DDInter2282
No matching records,,,,,,DDInter2283
