Severity level,Disease name,Text,References,drug_id
2,Long QT Syndrome,"Patients treated with ivosidenib can develop QTc prolongation and ventricular arrhythmias.  Concomitant use of ivosidenib with drugs known to prolong the QTc interval (e.g., antiarrhythmic medicines, ...More",,DDInter1000
2,Liver Failure,"The pharmacokinetics of ivosidenib in patients with severe renal impairment (eGFR <30 mL/min/1.73m2,), renal impairment requiring dialysis, moderate hepatic impairment (total bilirubin 1.5 to 3.0 time...More",,DDInter1000
3,Pancytopenia,"Ixabepilone is contraindicated in patients who have a neutrophil count <1500 cells/mm3 or a platelet count <100,000 cells/mm3.",,DDInter1001
3,Liver Diseases,The use of ixabepilone in combination with capecitabine is contraindicated in patients with AST or ALT >2.5 x ULN or bilirubin >1 x ULN due to increased risk of toxicity and neutropenia-related death.,,DDInter1001
2,Cardiovascular Diseases,"The use of ixabepilone in combination with capecitabine may increase cardiac adverse reactions, such as myocardial ischemia and ventricular dysfunction.  Care should be exercised when using this agent...More",,DDInter1001
2,Peripheral Nervous System Diseases,The use of ixabepilone in combination with capecitabine may cause peripheral neuropathy.  Patients treated with ixabepilone in combination with capecitabine should be monitored for symptoms of neuropa...More,,DDInter1001
2,Gastrointestinal Diseases,"Ixazomib may cause diarrhea, constipation, nausea, and vomiting.  Care should be taken when using this agent in patients experiencing gastrointestinal complications.  It is recommended to adjust the d...More",,DDInter1002
2,Hepatic Insufficiency,"Pharmacokinetic studies of ixazomib in patients with moderate to severe hepatic impairment, showed an increase AUC when compared to patients with normal hepatic function.  The pharmacokinetic of ixazo...More",,DDInter1002
2,Peripheral Nervous System Diseases,"Peripheral neuropathy has been reported with the use of ixazomib.  Patients should be monitored for symptoms of neuropathy and if they are experiencing new or worsening peripheral neuropathy, it is re...More",,DDInter1002
2,Kidney Diseases,Population PK analysis in patients with severe renal impairment or ESRD requiring dialysis showed an increase AUC when compared to patients with normal renal function.  The pharmacokinetic of ixazomib...More,,DDInter1002
2,Thrombocytopenia,Thrombocytopenia has been reported with the use of ixazomib.  It is recommended to monitor platelet counts regularly during treatment and to considered withholding therapy or dosage modifications and ...More,,DDInter1002
2,Infections,"Upper respiratory tract infections, oral candidiasis, conjunctivitis, and tinea infections have occurred with the use of ixekizumab.  Close monitoring or discontinuation of therapy is recommended in p...More",,DDInter1003
2,Inflammatory Bowel Diseases,"Crohn's disease and ulcerative colitis, including exacerbations have occurred during ixekizumab treatment.  Caution and close monitoring for onset or exacerbation of inflammatory bowel disease are rec...More",,DDInter1003
2,Tuberculosis,Patients should be evaluated for tuberculosis (TB) infection prior to ixekizumab treatment.  It is recommended to initiate treatment of latent TB prior to administering ixekizumab and to consider anti...More,,DDInter1003
1,Liver Diseases,No formal clinical studies of the effect of hepatic or renal impairment on the pharmacokinetics of ixekizumab have been conducted.  Care should be taken when prescribing this drug to these patients.,,DDInter1003
3,Dehydration,Adequate hydration is crucial to minimize the risk of oto- and nephrotoxicity associated with the use of aminoglycosides.  Dehydration should preferably be corrected prior to initiation of therapy.  I...More,,DDInter1004
3,Neuromuscular Diseases,"Aminoglycosides can cause dose-related neuromuscular blockade and muscle weakness, particularly in patients with neuromuscular disease or hypocalcemia and in patients receiving general anesthetics, ne...More",,DDInter1004
3,Ototoxicity,"Aminoglycosides can cause eighth cranial nerve damage, resulting in vestibular and/or auditory toxicities.  Symptoms include dizziness, nystagmus, vertigo, ataxia, tinnitus, and varying degrees of hea...More",,DDInter1004
3,Kidney Diseases,"Aminoglycosides are potentially oto- and nephrotoxic.  Eighth cranial nerve damage may manifest as vestibular and/or auditory toxicities, including dizziness, nystagmus, vertigo, ataxia, tinnitus, and...More",,DDInter1004
3,Intestinal Obstruction,The use of oral aminoglycosides is contraindicated in patients with intestinal obstruction.  Orally administered aminoglycosides are poorly absorbed from the gastrointestinal tract and primarily elimi...More,,DDInter1004
3,Colitis,"Clostridioides difficile-associated diarrhea (CDAD), formerly pseudomembranous colitis, has been reported with almost all antibacterial drugs and may range from mild diarrhea to fatal colitis.  The mo...More",,DDInter1004
3,Intestinal Obstruction,The use of kaolin is contraindicated in patients with intestinal obstruction.,,DDInter1005
2,Fever,"Patients with diarrhea and fever should be seen by a physician.  The potential for the diarrhea to be associated with ulcerative colitis, Crohn's disease, or amebiasis is increased in these patients.",,DDInter1005
No matching records,,,,DDInter1006
3,Hypertension,The use of ketamine is contraindicated in patients whom a significant elevation of blood pressure would constitute a serious hazard.  It is recommended to monitor cardiac function continually during a...More,,DDInter1007
2,Alcoholism,Ketamine should be used with caution in the chronic alcoholic and the acutely alcohol-intoxicated patient.,,DDInter1007
3,Liver Diseases,Serious hepatotoxicity including cases with a fatal outcome or requiring liver transplant have been reported.  Some patients had no obvious risk factors for liver disease.  Liver function tests should...More,,DDInter1008
2,Long QT Syndrome,Some azole antifungals have been associated with prolongation of the QT interval on the ECG.  Rare cases of QT prolongation and torsade de pointes have been reported during postmarketing experience; s...More,,DDInter1008
2,Achlorhydria,"Nizoral (brand of ketoconazole) tablets require acidity for proper dissolution and absorption.  Therefore, the drug may not be effective in patients with achlorhydria.  Taking the medication with an a...More",,DDInter1008
2,Adrenal Insufficiency,Ketoconazole tablets decrease adrenal corticosteroid secretion at doses of 400 mg and higher.  Adrenal function should be monitored in patients with adrenal insufficiency or with borderline adrenal fu...More,,DDInter1008
3,Asthma,"Nonsteroidal anti-inflammatory drugs (NSAIDs) are contraindicated in patients with history of asthma, urticaria, or other allergic-type reactions after taking aspirin or other NSAIDs; severe, sometime...More",,DDInter1009
3,Water-Electrolyte Imbalance,Fluid retention and edema have been reported in association with the use of nonsteroidal anti-inflammatory drugs (NSAIDs).  Therapy with NSAIDs should be administered cautiously in patients with preex...More,,DDInter1009
3,Peptic Ulcer,"Nonsteroidal anti-inflammatory drugs (NSAIDs) can cause serious gastrointestinal (GI) adverse events including inflammation, bleeding, ulceration, and perforation of the esophagus, stomach, small inte...More",,DDInter1009
3,Exanthema,"Nonsteroidal anti-inflammatory drugs (NSAIDs) can cause serious skin adverse reactions (e.g., Stevens-Johnson syndrome, toxic epidermal necrolysis, and exfoliative dermatitis), which can be fatal.  Th...More",,DDInter1009
3,Kidney Diseases,Long-term use of nonsteroidal anti-inflammatory drugs (NSAIDs) has resulted in renal papillary necrosis and other renal injury.  Renal toxicity has been seen in patients in whom renal prostaglandins h...More,,DDInter1009
3,Thrombosis,"Nonsteroidal anti-inflammatory drugs (NSAIDs) cause an increased risk of serious cardiovascular thrombotic events, including myocardial infarction and stroke, which can be fatal.  This risk may occur ...More",,DDInter1009
2,Anemia,"Anemia has been reported in patients treated with nonsteroidal anti-inflammatory drugs (NSAIDs).  This may be due to fluid retention, occult/gross blood loss, or an incompletely described effect on er...More",,DDInter1009
2,Heart Failure,"Fluid retention and edema have been observed in patients treated with nonsteroidal anti-inflammatory drugs (NSAIDs), including some topical formulations.  These drugs should be avoided in patients wit...More",,DDInter1009
2,Liver Diseases,"Borderline elevations of 1 or more liver tests may occur in up to 15% of patients treated with nonsteroidal anti-inflammatory drugs (NSAIDs).  These laboratory abnormalities may progress, remain uncha...More",,DDInter1009
2,Hyperkalemia,"Increases in serum potassium concentration (including hyperkalemia) have been reported with use of nonsteroidal anti-inflammatory drugs (NSAIDs), even in some patients without renal impairment.  In pa...More",,DDInter1009
3,Peptic Ulcer,"The use of ketorolac is contraindicated in patients with active peptic ulcers, recent gastrointestinal bleeding or perforation, or a history of peptic ulcer disease or gastrointestinal bleeding.  Keto...More",,DDInter1010
3,Blood Platelet Disorders,"The use of ketorolac is considered by the manufacturer to be contraindicated in patients with suspected or confirmed cerebrovascular bleeding, hemorrhagic diathesis, incomplete hemostasis, or a high r...More",,DDInter1010
3,Kidney Diseases,The use of ketorolac is contraindicated in patients with advanced renal impairment or increased risk for renal failure due to volume depletion.  Ketorolac is a potent nonsteroidal anti-inflammatory dr...More,,DDInter1010
3,Asthma,"Nonsteroidal anti-inflammatory drugs (NSAIDs) are contraindicated in patients with history of asthma, urticaria, or other allergic-type reactions after taking aspirin or other NSAIDs; severe, sometime...More",,DDInter1010
3,Water-Electrolyte Imbalance,Fluid retention and edema have been reported in association with the use of nonsteroidal anti-inflammatory drugs (NSAIDs).  Therapy with NSAIDs should be administered cautiously in patients with preex...More,,DDInter1010
3,Exanthema,"Nonsteroidal anti-inflammatory drugs (NSAIDs) can cause serious skin adverse reactions (e.g., Stevens-Johnson syndrome, toxic epidermal necrolysis, and exfoliative dermatitis), which can be fatal.  Th...More",,DDInter1010
3,Thrombosis,"Nonsteroidal anti-inflammatory drugs (NSAIDs) cause an increased risk of serious cardiovascular thrombotic events, including myocardial infarction and stroke, which can be fatal.  This risk may occur ...More",,DDInter1010
2,Anemia,"Anemia has been reported in patients treated with nonsteroidal anti-inflammatory drugs (NSAIDs).  This may be due to fluid retention, occult/gross blood loss, or an incompletely described effect on er...More",,DDInter1010
2,Heart Failure,"Fluid retention and edema have been observed in patients treated with nonsteroidal anti-inflammatory drugs (NSAIDs), including some topical formulations.  These drugs should be avoided in patients wit...More",,DDInter1010
2,Liver Diseases,"Borderline elevations of 1 or more liver tests may occur in up to 15% of patients treated with nonsteroidal anti-inflammatory drugs (NSAIDs).  These laboratory abnormalities may progress, remain uncha...More",,DDInter1010
3,Asthma,"Nonsteroidal anti-inflammatory drugs (NSAIDs) are contraindicated in patients with history of asthma, urticaria, or other allergic-type reactions after taking aspirin or other NSAIDs; severe, sometime...More",,DDInter1011
2,Blood Platelet Disorders,"Topically applied nonsteroidal anti-inflammatory drugs (NSAIDs) are systemically absorbed, with the potential for producing rare but clinically significant systemic effects.  NSAIDs have been shown to...More",,DDInter1011
No matching records,,,,DDInter1012
3,Atrioventricular Block,The use of beta-adrenergic receptor blocking agents (aka beta-blockers) is contraindicated in patients with sinus bradyarrhythmia or heart block greater than the first degree (unless a functioning pac...More,,DDInter1013
3,"Shock, Cardiogenic",The use of beta-adrenergic receptor blocking agents (aka beta-blockers) is contraindicated in patients with hypotension or cardiogenic shock.  Due to their negative inotropic and chronotropic effects ...More,,DDInter1013
3,Heart Failure,Beta-adrenergic receptor blocking agents (aka beta-blockers) in general should not be used in patients with overt congestive heart failure (CHF).  Sympathetic stimulation may be important in maintaini...More,,DDInter1013
3,Diabetes Mellitus,"Beta-adrenergic receptor blocking agents (aka beta-blockers) may mask symptoms of hypoglycemia such as tremors, tachycardia and blood pressure changes.  In addition, the nonselective beta-blockers (e....More",,DDInter1013
3,Diseases requiring hemodialysis,"Therapy with beta-adrenergic receptor blocking agents (aka beta-blockers) should be administered cautiously in patients requiring hemodialysis.  When given after dialysis, hemodynamic stability should...More",,DDInter1013
3,Hypersensitivity,The use of beta-adrenergic receptor blocking agents (aka beta-blockers) in patients with a history of allergic reactions or anaphylaxis may be associated with heightened reactivity to culprit allergen...More,,DDInter1013
3,Myocardial Ischemia,"Heightened sensitivity to catecholamines may occur after prolonged use of beta-adrenergic receptor blocking agents (aka beta-blockers).  Exacerbation of angina, myocardial infarction and ventricular a...More",,DDInter1013
3,Peripheral Vascular Diseases,"Due to their negative inotropic and chronotropic effects on the heart, beta-adrenergic receptor blocking agents (aka beta-blockers) reduce cardiac output and may precipitate or aggravate symptoms of a...More",,DDInter1013
3,Liver Diseases,"Labetalol is primarily metabolized by the liver.  Although its elimination half-life is not altered in patients with impaired hepatic function, the oral bioavailability is greater due to decreased fir...More",,DDInter1013
3,Asthma,"Some beta-adrenergic receptor blocking agents (i.e., non-cardioselective beta-blockers) are contraindicated in patients with bronchial asthma or with a history of bronchial asthma, or severe chronic o...More",,DDInter1013
3,Depressive Disorder,Antiepileptic drugs can increase depression and suicidal thoughts or behaviors in patients receiving these drugs for any indication.  Patients should be monitored for the emergence or worsening of dep...More,,DDInter1014
2,Cardiovascular Diseases,"Dose dependent prolongation in PR interval has been observed with the use of lacosamide.  This drug should be used with caution in patients with known conduction abnormalities (AV block, sick sinus sy...More",,DDInter1014
2,Hepatic Insufficiency,Patients with mild to moderate hepatic impairment should be observed closely during lacosamide dose titration.  A maximum dose of 300 mg/day is recommended for these patients.  Lacosamide has not been...More,,DDInter1014
2,Kidney Diseases,A maximum dose of 300 mg/day of lacosamide is recommended for patients with severe renal impairment (CrCl <30 mL/min) and in patients with end stage renal disease.  Lacosamide is effectively removed f...More,,DDInter1014
3,Water-Electrolyte Imbalance,"Alkalinizing agents containing sodium can induce sodium and water retention and result in hypernatremia, hypokalemia, hyperosmolality, edema and aggravation of congestive heart failure.  Therapy with ...More",,DDInter1015
3,"Acidosis, Lactic",Lactate metabolism results in production of bicarbonate.  Bicarbonate generation is impaired in patients with compromised liver function and/or disorders that decrease tissue perfusion and increase an...More,,DDInter1015
2,Acid-Base Imbalance,Alkalinizing agents act as proton acceptors and/or dissociate to provide bicarbonate ions.  Elimination of bicarbonate is decreased in patients with renal impairment and can result in metabolic alkalo...More,,DDInter1015
No matching records,,,,DDInter1016
2,IMMUNE SUPPRESSION,"Probiotics, especially those containing lactobacillus, should be used with caution in immunosuppressed patients.",,DDInter1017
3,Galactosemias,"Since lactulose solution contains galactose, use is contraindicated in patients who require a low galactose diet.",,DDInter1018
3,Inflammatory Bowel Diseases,The use of laxatives is contraindicated in patients with inflammatory bowel disease.  Patients with inflammatory bowel disease may experience colonic perforation with use of stimulant laxatives.,,DDInter1018
3,Intestinal Obstruction,The use of laxatives is contraindicated in patients with intestinal obstruction disorders.  Patients with intestinal obstruction disorders may need their underlying condition treated to correct the co...More,,DDInter1018
2,Diabetes Mellitus,"Since lactulose solution contains galactose and lactose, it should be used cautiously in patients with diabetes.",,DDInter1018
3,Liver Diseases,"Hepatotoxicity including lactic acidosis, severe hepatomegaly with steatosis, fulminant hepatitis, and hepatic failure has been associated with the use of some nucleoside reverse transcriptase inhibit...More",,DDInter1019
3,Pancreatitis,"The reverse transcriptase inhibitors, didanosine (ddI), zalcitabine (ddC), stavudine (d4T) and lamivudine (3TC), may cause pancreatitis.  The incidence is generally low but is approximately 7% with dd...More",,DDInter1019
3,Kidney Diseases,Patients with clinically significant renal impairment may be at greater risk for toxicities and adverse effects from nucleoside reverse transcriptase inhibitors (NRTIs) due to decreased drug clearance...More,,DDInter1019
2,Hepatic Insufficiency,"In clinical trials, a reduced clearance of lanreotide was observed in subjects with moderate to severe hepatic impairment.  Patients with moderate to severe hepatic impairment should begin treatment w...More",,DDInter1021
2,Kidney Diseases,"Lanreotide has not been studied in patients with mild, moderate and severe renal failure.  It is recommended to start patients with moderate and severe renal impairment at a lower dose as clinically a...More",,DDInter1021
2,Hypothyroidism,Slight decreases in thyroid function have been seen during treatment with lanreotide.  Care should be taken when using this agent in patients with thyroid dysfunctions and it is recommended to monitor...More,,DDInter1021
2,Adrenal Insufficiency,Treatment with somatostatin analogs may suppress the pituitary hormones other than GH/IGF-1.  It is recommended to monitor pituitary function prior to initiation of therapy and periodically during tre...More,,DDInter1021
2,Bradycardia,Bradycardia has been reported with the use of somatostatin analogs.  It is recommended to carefully monitor patients with cardiac disorders for the development of bradycardia.  Dose adjustments of bet...More,,DDInter1021
2,Cholelithiasis,Somatostatin analogs may reduce gallbladder motility and lead to gallstones formation.  It is recommended to assess the gallbladder prior to starting therapy and periodically thereafter.,,DDInter1021
2,Diabetes Mellitus,Elevations in blood glucose levels have been reported with the use of somatostatin analogs.  Cushing's disease patients with poor glycemic control may be at a higher risk of developing severe hypergly...More,,DDInter1021
3,Clostridium Infections,"Published observational studies suggest that proton pump inhibitor (PPI) use may be associated with an increased risk of Clostridium difficile-associated diarrhea (CDAD), especially in hospitalized pa...More",,DDInter1022
2,Liver Diseases,"Lansoprazole is primarily metabolized by the liver.  Although the drug is generally well-tolerated, dosage adjustments with cautious titration should be considered in patients with severe hepatic impa...More",,DDInter1022
2,"Fractures, Bone","Various published observational studies have reported that PPI therapy may be associated with an increased risk for osteoporosis related fractures of the hip, wrist or spine.  The risk was increased i...More",,DDInter1022
2,"Hypomagnesemia 1, Intestinal","Symptomatic and asymptomatic hypomagnesemia has been reported rarely in patients treated with PPIs for at least 3 months, in most cases after a year of therapy.  Serious adverse events can include tet...More",,DDInter1022
3,Ileus,"The use of lanthanum carbonate is contraindicated in patients with bowel obstruction, including ileus and fecal impaction.",,DDInter1023
2,Gastrointestinal Diseases,"Serious cases of gastrointestinal obstruction and perforation have been reported in patients taking lanthanum, some requiring surgery and hospitalization.  Risk factors identified from post marketing ...More",,DDInter1023
3,Cardiomyopathies,Cardiomyopathy was observed in clinical trials of certain EGFR inhibitors.  Assess Left Ventricular Ejection Fraction (LVEF) by echocardiogram or multigated acquisition (MUGA) scan before initiation o...More,,DDInter1024
3,Stevens-Johnson Syndrome,"Cutaneous reactions, in some cases severe, have been reported with the use of EGFR inhibitors.  Monitor patients who develop dermatologic or soft tissue toxicities while receiving these agents for the...More",,DDInter1024
3,Lung Diseases,"The use of certain EGFR inhibitors has been associated with pulmonary toxicity.  Serious cases of interstitial lung disease (ILD), including fatal cases and interstitial pneumonitis or pulmonary fibro...More",,DDInter1024
3,Long QT Syndrome,"QT prolongation was observed in patients treated with certain EGFR inhibitors.  These agents should be administered with caution in patients with congenital long QTc syndrome, congestive heart failure...More",,DDInter1024
3,Liver Diseases,Lapatinib undergoes extensive metabolism in the liver.  Hepatotoxicity has been associated with the use of lapatinib and it may be severe and fatal.  The hepatotoxicity may occur days to several month...More,,DDInter1024
2,Heart Failure,"Decreases in left ventricular ejection fraction (LVEF) have been reported with agents that block HER2 activity.  Patients who have received prior anthracyclines, those who received anthracycline after...More",,DDInter1024
2,Thrombocytopenia,Thrombocytopenia has been reported with the use of agents that block HER2 activity.  Monitor platelet counts prior to initiation of therapy and prior to each dose.  If appropriate modify the dose acco...More,,DDInter1024
2,Kidney Diseases,Lapatinib pharmacokinetics have not been specifically studied in patients with renal impairment or in patients undergoing hemodialysis.  Close monitoring is recommended.,,DDInter1024
3,Heart Diseases,Patients with compromised respiratory function or acute respiratory disease may be at risk of serious acute exacerbation of their respiratory compromise due to infusion reactions during laronidase the...More,,DDInter1025
2,Liver Failure,"Forty- five percent of the patients receiving larotrectinib had increased hepatic parameters, including Grade 3 increased AST or ALT in 6% of patients.  Monitor liver tests, including ALT and AST, eve...More",,DDInter1026
3,Liver Diseases,The use of lasmiditan is not recommended in patients with severe hepatic impairment.  No dosage adjustment is needed for patients with mild or moderate hepatic impairment.,,DDInter1027
2,Respiratory Insufficiency,"The use of lasmiditan may cause central nervous system (CNS) depression, including dizziness and sedation.  Because of the potential for lasmiditan to cause sedation, other cognitive or neuropsychiatr...More",,DDInter1027
2,Substance-Related Disorders,The use of lasmiditan has the potential to cause abuse.  It is recommended to evaluate patients for risk of drug abuse and observe them for signs of lasmiditan misuse or abuse.  Drug dependence was no...More,,DDInter1027
2,Serotonin Syndrome,The use of lasmiditan has been associated with reactions consistent with serotonin syndrome.  Serotonin syndrome may also occur with lasmiditan during coadministration with serotonergic drugs.  The on...More,,DDInter1027
No matching records,,,,DDInter1028
3,Herpes Simplex,Latanoprost should be used with caution in patients with a history of herpetic keratitis and it should be avoided in cases of active simplex keratitis because of the risk of reactivation and inflammat...More,,DDInter1029
2,Lung Diseases,"Latanoprost should be used with caution in patients with respiratory disorders as there have been reported post marketing cases of asthma and exacerbation of asthma, and dyspnea.",,DDInter1029
2,Macular Edema,"Macular edema, including cystoid macular edema, has been reported during treatment with ophthalmic prostaglandin analogues.  Most cases occurred in patients with aphakia, pseudophakia with a torn post...More",,DDInter1029
2,Uveitis,"Bimatoprost, latanoprost, and travoprost are synthetic prostaglandin analogues.  Theoretically, these agents may mimic endogenous prostaglandins and mediate ocular inflammatory responses.  In clinical...More",,DDInter1029
2,Liver Diseases,"Prostaglandin F2-alpha analogues are hydrolyzed by esterases in the cornea to their corresponding active free acid form, which is absorbed systemically and metabolized by the liver via fatty acid beta...More",,DDInter1029
No matching records,,,,DDInter1030
No matching records,,,,DDInter1031
No matching records,,,,DDInter1032
3,IMMUNE SUPPRESSION,"Pancytopenia, agranulocytosis and thrombocytopenia have been reported in patients receiving leflunomide.  Leflunomide is an immunomodulatory agent with antiproliferative activity.  The use of leflunom...More",,DDInter1033
3,Liver Diseases,"Severe liver injury, including fatal liver failure, has been reported in patients treated with leflunomide.  Leflunomide is contraindicated in patients with severe hepatic impairment.  Leflunomide has...More",,DDInter1033
3,Peripheral Nervous System Diseases,"Peripheral neuropathy has been reported during leflunomide therapy.  Patients older than 60 years, patients taking concomitant neurotoxic medications, and diabetics may be at an increased risk for per...More",,DDInter1033
3,Lung Diseases,"The use of leflunomide has been associated with pulmonary toxicity.  Serious cases of interstitial lung disease (ILD), and worsening of preexisting interstitial lung disease have been reported.  Cauti...More",,DDInter1033
3,Kidney Diseases,The active metabolite of leflunomide is elevated in the plasma of patients with renal impairment.  Therapy with leflunomide should be administered cautiously in patients with renal insufficiency.,,DDInter1033
3,Tuberculosis,"Patients should be evaluated for active and latent tuberculosis (TB) infection prior to leflunomide treatment.  Leflunomide has not been studied in patients with a positive tuberculosis screen, and th...More",,DDInter1033
2,Hypertension,Hypertension was reported as an adverse reaction in patients on leflunomide.  Blood pressure should be monitored during treatment and periodically thereafter as this agent can increase the blood press...More,,DDInter1033
2,Alcoholism,Patients treated with lemborexant should not consume alcohol as it can increase drowsiness and also the incidence of adverse effects.,,DDInter1034
2,"Pulmonary Disease, Chronic Obstructive",Lemborexant has not been studied in patients with moderate to severe obstructive sleep apnea (OSA) or in patients with chronic obstructive pulmonary disease.  Caution is advised if prescribing to pati...More,,DDInter1034
2,Depressive Disorder,Worsening of depression and suicidal thoughts and actions have been reported with the use of lemborexant.  Caution is advised in patients with depression.  Protective measures may be required in patie...More,,DDInter1034
2,Liver Failure,Lemborexant has not been studied in patients with severe liver dysfunction (Child-Pugh Class C).  Its use is not recommended in these patients.,,DDInter1034
2,Kidney Diseases,"Lenalidomide is primarily excreted unchanged by the kidney.  Adjustments to the starting dose are recommended in patients with moderate (CrCl 30-60 mL/min) or severe renal impairment (<30 mL/min), and...More",,DDInter1035
2,Thromboembolism,Venous thromboembolic events (deep venous thrombosis and pulmonary embolism) and arterial thromboses are increased in patients using lenalidomide.  Patients with known risk factors such as prior throm...More,,DDInter1035
2,Anemia,"Some miscellaneous antineoplastics such as azacitidine and lenalidomide cause anemia, neutropenia, and thrombocytopenia.  Patients with these preexisting conditions should be monitored carefully.  Mon...More",,DDInter1035
2,Thromboembolism,"In clinical trials, arterial thromboembolic events were reported in patients treated with lenvatinib.  It is recommended to discontinue lenvatinib following an arterial thrombotic event.  Care should ...More",,DDInter1036
2,Hemorrhage,"Hemorrhagic events, including fatal hemorrhagic events have been reported with the use of lenvatinib.  It is recommended to withhold treatment and to either resume at a reduced dose or discontinue tre...More",,DDInter1036
2,Heart Failure,"Cardiac dysfunctions, defined as decreased left or right ventricular function, cardiac failure, or pulmonary edema have been reported with the use of lenvatinib.  It is recommended to monitor patients...More",,DDInter1036
2,Diarrhea,"Cases of diarrhea have been reported with the use of lenvatinib, sometimes leading to interruption of therapy.  It is recommended to initiate prompt medical management for the development of diarrhea ...More",,DDInter1036
2,Peptic Ulcer Perforation,Cases of gastrointestinal perforation or fistula have been reported with the use of lenvatinib.  Discontinue the use of lenvatinib in patients who develop gastrointestinal perforation or life-threaten...More,,DDInter1036
2,Hepatic Insufficiency,"Hepatic failure, including fatal events have been reported with the use of lenvatinib.  No dose adjustment is recommended in patients with mild or moderate hepatic impairment.  Dose adjustment is need...More",,DDInter1036
2,Hypertension,The use of lenvatinib may cause hypertension.  It is recommended to control blood pressure prior to treatment with lenvatinib and monitor blood pressure regularly during treatment as medically indicat...More,,DDInter1036
2,Hypocalcemia,Cases of hypocalcemia have been reported with the use of lenvatinib.  It is recommended to monitor blood calcium levels at least monthly and replace calcium as necessary during treatment and to interr...More,,DDInter1036
2,Hypothyroidism,"The use of lenvatinib impairs exogenous thyroid suppression and may cause hypothyroidism.  It is recommended to monitor thyroid function before initiation of, and at least monthly throughout, treatmen...More",,DDInter1036
2,Proteinuria,"Proteinuria has been reported with the use of lenvatinib.  It is recommended to monitor for proteinuria before initiation of, and periodically throughout treatment.  Withhold lenvatinib for >=2 grams ...More",,DDInter1036
No matching records,,,,DDInter1037
No matching records,,,,DDInter1038
3,Liver Diseases,The use of letermovir is not recommended for patients with severe (Child-Pugh Class C) hepatic impairment.  No dosage adjustment of letermovir is required for patients with mild (Child-Pugh Class A) o...More,,DDInter1039
2,Kidney Diseases,Hydroxypropyl betadex present in the intravenous letermovir formulation is mainly eliminated by glomerular filtration.  Decreased elimination of hydroxypropyl betadex has been reported in the literatu...More,,DDInter1039
3,Liver Diseases,Letrozole is extensively metabolized by the liver.  The pharmacokinetic disposition of letrozole has not been assessed in patients with severe hepatic impairment.  No dosage modification is recommende...More,,DDInter1040
2,Hypercholesterolemia,In an adjuvant clinical trial hypercholesterolemia was reported in 52.3% of letrozole patients and 28.6% of tamoxifen patients.  CTC grade 3-4 hypercholesterolemia was reported in 0.4% of letrozole pa...More,,DDInter1040
2,Osteoporosis,"Use of letrozole tablets may cause decreases in bone mineral density (BMD).  Caution should exercise when prescribing this agent to patients with a risk of fractures, such as the elderly and patients ...More",,DDInter1040
3,Anemia,The use of leucovorin is inappropriate therapy for patients with undiagnosed anemia.  Leucovorin can obscure the diagnosis of pernicious anemia by alleviating the hematologic conditions and allowing p...More,,DDInter1041
3,Peptic Ulcer,"Leucovorin enhances the toxicity of 5-fluorouracil.  When these drugs are administered concurrently in the palliative therapy of advanced colorectal cancer, gastrointestinal toxicities, particularly s...More",,DDInter1041
2,Kidney Diseases,"Leucovorin is excreted by the kidney and the risk of toxic reactions to the drug may be greater in patients with impaired renal function.  Leucovorin should be used cautiously on these patients, and c...More",,DDInter1041
2,Seizures,"Seizures have occurred rarely during administration of leucovorin, primarily in patients receiving high dose leucovorin or leucovorin in combination with 5-fluorouracil, or in patients with a history ...More",,DDInter1041
2,Cardiovascular Diseases,"Increased risk of developing myocardial infarction, sudden cardiac death and stroke has been reported in association with the use of GnRH agonists such as leuprolide, and triptorelin.  Cardiovascular ...More",,DDInter1042
2,Diabetes Mellitus,Hyperglycemia and an increased risk of developing diabetes have been reported in men receiving GnRH agonists such as leuprolide and triptorelin.  Caution is advised in patients with diabetes as treatm...More,,DDInter1042
2,Long QT Syndrome,"Androgen deprivation therapy may prolong the QT/QTc interval.  Health care providers should consider if benefits of therapy outweigh the potential risks in patients with congenital long QT syndrome, c...More",,DDInter1042
2,"Bone Diseases, Metabolic",Decreased bone density has been reported in men who have had orchiectomy or who have been treated with a GnRH agonist analog as leuprolide.  It can be anticipated that long periods of medical castrati...More,,DDInter1042
2,Seizures,"Convulsions have been observed in patients taking leuprolide, including patients who have a history of seizures, epilepsy, or brain disorders, and in those taking medications associated with convulsio...More",,DDInter1042
No matching records,,,,DDInter1043
No matching records,,,,DDInter1044
3,"Shock, Cardiogenic","In general, calcium channel blockers (CCBs) should not be used in patients with hypotension (systolic pressure < 90 mm Hg) or cardiogenic shock.  Due to potential negative inotropic and peripheral vas...More",,DDInter1045
3,Coronary Artery Disease,"Increased frequency, duration, and/or severity of angina, as well as acute myocardial infarction, have rarely developed during initiation or dosage increase of calcium channel blockers (CCBs), particu...More",,DDInter1045
3,Liver Diseases,"Calcium channel blockers (CCBs) are extensively metabolized by the liver.  The half-lives of CCBs may be prolonged substantially in patients with severe hepatic impairment, with the potential for sign...More",,DDInter1045
No matching records,,,,DDInter1046
No matching records,,,,DDInter1047
No matching records,,,,DDInter1048
No matching records,,,,DDInter1049
3,Asthma,Ophthalmic beta-adrenergic receptor blocking agents (aka beta-blockers) in general should not be used in patients with a current or past history of bronchial asthma or chronic obstructive pulmonary di...More,,DDInter1050
3,Atrioventricular Block,The use of ophthalmic beta-adrenergic receptor blocking agents (aka beta-blockers) is considered by manufacturers to be contraindicated in patients with sinus bradyarrhythmia or heart block greater th...More,,DDInter1050
3,"Shock, Cardiogenic",The use of ophthalmic beta-adrenergic receptor blocking agents (aka beta-blockers) is considered by manufacturers to be contraindicated in patients with cardiogenic shock.  Topically applied beta-bloc...More,,DDInter1050
3,Heart Failure,The use of ophthalmic beta-adrenergic receptor blocking agents (aka beta-blockers) is considered by manufacturers to be contraindicated in patients with overt congestive heart failure (CHF).  Topicall...More,,DDInter1050
3,Diabetes Mellitus,"Beta-adrenergic receptor blocking agents (aka beta-blockers) may mask symptoms of hypoglycemia such as tremors, tachycardia and blood pressure changes.  In addition, the nonselective beta-blockers (e....More",,DDInter1050
3,Hypersensitivity,"Topically applied beta-adrenergic receptor blocking agents (aka beta-blockers) are systemically absorbed, with the potential for producing clinically significant systemic effects even at low or undete...More",,DDInter1050
3,Hyperthyroidism,"Beta-adrenergic receptor blocking agents (aka beta-blockers) may mask some symptoms of hyperthyroidism such as tachycardia, anxiety, tremor, and heat intolerance.  Abrupt withdrawal of beta-blocker th...More",,DDInter1050
3,Peripheral Vascular Diseases,"Due to their negative inotropic and chronotropic effects on the heart, beta-adrenergic receptor blocking agents (aka beta-blockers) reduce cardiac output and may precipitate or aggravate symptoms of a...More",,DDInter1050
2,Myasthenia Gravis,"Topically applied beta-adrenergic receptor blocking agents (aka beta-blockers) are systemically absorbed, with the potential for producing clinically significant systemic effects even at low or undete...More",,DDInter1050
No matching records,,,,DDInter1051
3,Kidney Diseases,"The use of levocetirizine is contraindicated in patients with end-stage renal disease (CrCl < 10 mL/min), and in patients undergoing hemodialysis.  It is also contraindicated in pediatric patients (ag...More",,DDInter1053
2,Urinary Retention,Urinary retention has been reported postmarketing in patients using levocetirizine.  Caution is advised in patients with predisposing factors of urinary retention such as patients with prostatic hyper...More,,DDInter1053
3,Heart Diseases,Cardiac irregularities occur infrequently in patients on dopamine agonists.  The initial administration and titration is recommended to occur under close cardiac monitoring in a facility equipped for ...More,,DDInter1054
3,Hypotension,"Dopamine agonists may impair the systemic regulation of blood pressure, with resultant orthostatic hypotension, especially during dose escalation.  Therapy with dopamine agonists should be monitored c...More",,DDInter1054
3,Neuroleptic Malignant Syndrome,"The use of dopamine agonists is contraindicated in patients with neuroleptic malignant syndrome (NMS).  NMS is characterized by hyperthermia, muscle rigidity, altered mental status, irregular pulse or...More",,DDInter1054
3,Psychotic Disorders,"The use of dopamine agonists has been associated with psychiatric effects such as hallucinations, psychosis, confusion, anxiety, mania, hypomania, depression, rapid mood cycling, nightmares, and hyper...More",,DDInter1054
3,Psychotic Disorders,"Ordinarily, patients with major psychotic disorder should not be treated with dopaminergic antiparkinson agents, because of the risk of exacerbating psychosis.  Hallucinations and psychotic-like behav...More",,DDInter1054
3,Glaucoma,The use of levodopa is contraindicated in patients with acute closed-angle glaucoma.  Levodopa (with or without carbidopa)  may be used in patients with open-angle glaucoma who are receiving appropria...More,,DDInter1054
3,Liver Diseases,The pharmacokinetics of levodopa have not been studied in patients with hepatic or renal impairment.  Therapy with levodopa should be administered cautiously in patients with liver or disease.  Period...More,,DDInter1054
3,Melanoma,"The use of levodopa is considered by manufacturers to be contraindicated in patients with a history of melanoma or in patients with suspicious, undiagnosed skin lesions.  Levodopa reportedly may activ...More",,DDInter1054
3,Lung Diseases,"Because of the risk of bronchospasm, use of levodopa in patients with asthma, COPD, or other chronic underlying lung disease is not recommended.",,DDInter1054
2,Peptic Ulcer Hemorrhage,"The use of levodopa, especially in combinations with carbidopa, has been associated with an increase in the frequency of gastrointestinal hemorrhage.  Therapy with levodopa should be administered caut...More",,DDInter1054
3,Colitis,"Clostridioides difficile-associated diarrhea (CDAD), formerly pseudomembranous colitis, has been reported with almost all antibacterial drugs and may range from mild diarrhea to fatal colitis.  The mo...More",,DDInter1055
3,Central Nervous System Diseases,"Quinolones may cause CNS stimulation manifested as tremors, agitation, restlessness, anxiety, confusion, hallucinations, paranoia, insomnia, toxic psychosis, and/or seizures.  Benign intracranial hype...More",,DDInter1055
3,Myasthenia Gravis,"Fluoroquinolones have neuromuscular blocking activity and may exacerbate muscle weakness in persons with myasthenia gravis.  Postmarketing serious adverse events, including deaths and requirement for ...More",,DDInter1055
3,Peripheral Nervous System Diseases,The use of quinolones has been associated with an increased risk of peripheral neuropathy.  Monitor closely and discontinue their use in patients experiencing symptoms of peripheral neuropathy.  It is...More,,DDInter1055
3,Long QT Syndrome,Quinolones have been reported to prolong the QT interval of the electrocardiogram in some patients.  QT prolongation may potentiate the risk of ventricular arrhythmias including ventricular tachycardi...More,,DDInter1055
3,Tendinopathy,"Tendonitis and ruptures of the shoulder, hand, and Achilles tendons have been reported in patients receiving quinolones, both during and after treatment.  Avoid the use of these agents in patients who...More",,DDInter1055
2,Crystalluria,"Crystalluria has been reported rarely during quinolone therapy.  Although it is not expected to occur under normal circumstances with usual recommended dosages, patients who are dehydrated (e.g., due ...More",,DDInter1055
2,Diabetes Mellitus,The use of certain quinolones has been associated with disturbances in blood glucose homeostasis possibly stemming from effects on pancreatic beta cell ATP-sensitive potassium channels that regulate i...More,,DDInter1055
2,Diseases requiring hemodialysis,"The following quinolones are known to be partially removed by hemodialysis and should be administered after dialysis: ciprofloxacin, enoxacin, gatifloxacin, levofloxacin, lomefloxacin, and ofloxacin.",,DDInter1055
2,Kidney Diseases,"Quinolones (except trovafloxacin, moxifloxacin, and nalidixic acid) and their metabolites are eliminated by the kidney.  Patients with renal impairment may be at greater risk for adverse effects from ...More",,DDInter1055
2,Seizures,"Levoleucovorin is the levo isomeric form of racemic d,l-leucovorin, present as the calcium salt.  Seizures and/or syncope have been reported rarely in cancer patients receiving d,l-leucovorin, usually...More",,DDInter1056
2,Bipolar Disorder,L-methylfolate should be used with caution in patients with a history of bipolar disorder.  Patients with depressive symptoms should be adequately screened to determine if they are at risk for bipolar...More,,DDInter1057
No matching records,,,,DDInter1058
3,Depressive Disorder,Adult and pediatric patients with depression and other psychiatric disorders may experience worsening of their symptoms and may have the emergence of suicidal thoughts and behavior.  Patients should b...More,,DDInter1059
3,Kidney Diseases,The clearance of SNRI antidepressants is decreased in subjects with renal impairment.  SNRIs should be used with caution in this group of patients and a dose adjustment is recommended in those with mo...More,,DDInter1059
2,Glaucoma,SNRI antidepressants cause pupillary dilation that may trigger an angle closure attack in patients with anatomically narrow angle without iridectomy.,,DDInter1059
2,Hypertension,Selective serotonin and norepinephrine reuptake inhibitor antidepressants (SNRIs) have been associated with sustained increases in blood pressure.  Therapy with SNRI antidepressants should be administ...More,,DDInter1059
2,Hyponatremia,"Treatment with SNRI antidepressants can cause hyponatremia.  Caution should be used when treating patients with hyponatremia or at greater risk of hyponatremia such as the elderly, patients taking diu...More",,DDInter1059
2,Mania,"Therapy with SNRI antidepressants can cause activation of mania and hypomania and should be used with caution in patients with personal or family history of mania, hypomania, bipolar disorder, and oth...More",,DDInter1059
2,Seizures,SNRI antidepressants may trigger seizures and should be administered with caution in patients with a seizure disorder.,,DDInter1059
2,Urethral Obstruction,"SNRI antidepressants have a noradrenergic effect and can affect urethral resistance.  Caution should be used in patients with a history of dysuria, prostatic hypertrophy, prostatitis, and other lower ...More",,DDInter1059
No matching records,,,,DDInter1060
3,Abnormal Genital Bleeding,The use of contraceptives is contraindicated when there is an undiagnosed abnormal genital bleeding.  Adequate diagnostic measures should be undertaken to rule out the presence of any malignancy.,,DDInter1061
3,Liver Neoplasms,"The use of oral contraceptives is contraindicated in patients with liver tumors.  An increased risk of benign hepatic adenomas and hepatocellular carcinomas has been associated with long-term, oral es...More",,DDInter1061
3,Intracranial Hypertension,"The use of levonorgestrel contraceptive implants is contraindicated in patients with a current or past history of idiopathic intracranial hypertension (pseudotumor cerebri, benign intracranial hyperte...More",,DDInter1061
3,Thromboembolism,The use of levonorgestrel is considered by manufacturers to be contraindicated in patients with active thrombophlebitis or thromboembolic disorders.  Some manufacturers also recommend not using proges...More,,DDInter1061
3,Breast Neoplasms,The use of progestogens is considered by manufacturers to be contraindicated in patients with existing or suspected malignancy of the breast.  Some supportive data are available for medroxyprogesteron...More,,DDInter1061
3,Liver Diseases,"The use of progestogens, in general, is contraindicated in patients with impaired hepatic function or liver disease.  There are little or no data concerning the pharmacokinetic disposition of the diff...More",,DDInter1061
2,Depressive Disorder,The use of oral contraceptives has been associated with an increased incidence of depression.  It is uncertain whether this effect is related to the estrogenic or the progestogenic component of the co...More,,DDInter1061
2,Water-Electrolyte Imbalance,"Estrogens and progestogens may cause fluid retention, particularly when given in high dosages or for prolonged periods.  Therapy with these agents should be administered cautiously in patients who hav...More",,DDInter1061
2,Glucose Intolerance,"Impaired glucose tolerance has been observed in some patients administered oral contraceptives and appears to be related primarily to the estrogen dose.  However, progestogens can increase insulin sec...More",,DDInter1061
2,Eye Diseases,Estrogens and progestogens may cause retinal thrombosis.  Oral contraceptives should be discontinued if there is unexplained partial or complete loss of vision; onset of proptosis or diplopia; papille...More,,DDInter1061
3,Gastrointestinal Diseases,"Narcotic (opioid) analgesic agents increase smooth muscle tone in the gastrointestinal tract and decrease peristalsis, which can lead to elevated intraluminal pressure, spasm, and constipation followi...More",,DDInter1062
3,Dysentery,"Narcotic (opioid) analgesic agents may prolong and/or worsen diarrhea associated with organisms that invade the intestinal mucosa, such as toxigenic E. coli, Salmonella, Shigella, and pseudomembranous...More",,DDInter1062
3,Liver Diseases,"Narcotic (opioid) analgesic agents are extensively metabolized by the liver, and several of them (e.g., codeine, hydrocodone, meperidine, methadone, morphine, propoxyphene) have active metabolites tha...More",,DDInter1062
3,Premature Birth,"The use of narcotic (opioid) analgesic agents is contraindicated in premature infants.  These agents may cross the immature blood-brain barrier to a greater extent than in adults, resulting in disprop...More",,DDInter1062
3,Alcoholic Intoxication,The use of opiate agonists is contraindicated in patients with acute alcohol intoxication exhibiting depressed vital signs.  The central nervous system depressant effects of opiate agonists may be add...More,,DDInter1062
3,Substance-Related Disorders,"Opiate agonists have the potential to cause dependence and abuse.  Tolerance as well as physical and psychological dependence can develop after prolonged use.  Abrupt cessation, reduction in dosage, o...More",,DDInter1062
3,Intestinal Obstruction,"Opioid agonists are contraindicated in patients with known or suspected gastrointestinal obstruction, including paralytic ileus.",,DDInter1062
3,Hypotension,"Opiate agonists can induce vasodilation and significant hypotension, particularly when given in high dosages and/or by rapid intravenous administration.  Opiate analgesics cause vasodilatation that ma...More",,DDInter1062
3,Intracranial Hypertension,"The hypoventilation associated with administration of opiate agonists, particularly by the intravenous route, can induce cerebral hypoxia and vasodilatation with resultant increase in intracranial pre...More",,DDInter1062
3,Respiratory Insufficiency,"Opiate agonists may produce significant central nervous system and respiratory depression of varying duration, particularly when given in high dosages and/or by rapid intravenous administration.  Apne...More",,DDInter1062
2,Cardiovascular Diseases,"Adrenergic bronchodilators can stimulate cardiovascular beta- 1 and beta- 2 receptors, resulting in adverse effects such as tachycardia, palpitation, peripheral vasodilation, blood pressure changes, a...More",,DDInter1063
2,Diabetes Mellitus,"Adrenergic bronchodilators may cause increases in blood glucose concentrations.  These effects are usually transient and slight, but may be significant with dosages higher than those normally recommen...More",,DDInter1063
2,Hypokalemia,"Adrenergic bronchodilators may cause decreases in serum potassium concentrations, primarily when given by nebulization or intravenous administration.  Although this effect is usually transient and doe...More",,DDInter1063
2,Seizures,Adrenergic bronchodilators may cause CNS stimulation.  Therapy with adrenergic bronchodilators should be administered cautiously in patients with seizure disorders.  Systemic adverse effects are minim...More,,DDInter1063
2,Kidney Diseases,"Levalbuterol is substantially excreted by the kidney, and the risk of toxic reactions may be greater in patients with impaired renal function.  Care should be taken in dose selection in patients with ...More",,DDInter1063
3,Adrenal Insufficiency,The use of thyroid hormones is contraindicated in patients with uncorrected adrenal insufficiency.  Thyroid hormones increase tissue demand for adrenocortical hormones and may precipitate acute adrena...More,,DDInter1064
3,Cardiovascular Diseases,Thyroid hormones cause increases in myocardial contractility and heart rate as a result of increased metabolic demands and oxygen consumption.  Therapy with thyroid hormones should be administered cau...More,,DDInter1064
3,Graves Disease,"The use of thyroid hormones is contraindicated in patients with untreated thyrotoxicosis of any etiology, since thyroid hormones may exacerbate the condition.",,DDInter1064
2,Diabetes Mellitus,"Since hypothyroidism often obscure or diminish the signs and symptoms of endocrine disorders such as diabetes mellitus or diabetes insipidus, thyroid replacement therapy may aggravate the intensity of...More",,DDInter1064
2,Seizures,Thyroid hormones may alter the seizure threshold.  Seizures have been reported rarely following the initiation of levothyroxine therapy.  Therapy with thyroid hormones should be administered cautiousl...More,,DDInter1064
No matching records,,,,DDInter1065
3,Cardiomyopathies,Antiarrhythmic agents can induce severe hypotension (particularly with IV administration) or induce or worsen congestive heart failure (CHF).  Patients with primary cardiomyopathy or inadequately comp...More,,DDInter1066
3,"Arrhythmias, Cardiac","Antiarrhythmic agents can induce or worsen ventricular arrhythmias.  Ventricular tachycardia, ventricular fibrillation, and torsades de pointes have occurred in some patients.  Patients with underlyin...More",,DDInter1066
3,Liver Diseases,Lidocaine is rapidly and extensively metabolized by the liver.  Less than 10% is eliminated unchanged in the urine.  Several inactive and two active forms (MEGX and GX) have been identified.  MEGX and...More,,DDInter1066
3,Kidney Diseases,Lidocaine is primarily eliminated by the kidney.  Less than 10% is eliminated unchanged in the urine. Two active metabolites (MEGX and GX) have been identified that exhibit antiarrhythmic and convulsa...More,,DDInter1066
3,Seizures,Seizures have occurred during lidocaine therapy and have been associated with the rapid administration of a large intravenous doses or accumulation of active metabolites with maintenance therapy.  The...More,,DDInter1066
3,Sick Sinus Syndrome,"The use of lidocaine is contraindicated in patients with Stokes-Adam syndrome, Wolff-Parkinson White syndrome, or second- or third-degree AV block in the absence of a functional artificial pacemaker, ...More",,DDInter1066
2,Water-Electrolyte Imbalance,"Electrolyte imbalance can alter the therapeutic effectiveness of antiarrhythmic agents.  Hypokalemia and hypomagnesemia can reduce the effectiveness of antiarrhythmic agents.  In some cases, these dis...More",,DDInter1066
No matching records,,,,DDInter1067
3,Toothache,"Topical lidocaine is not recommended to be used in teething infants and young children, as its ingestion is dangerous and potentially fatal.  Ingestion of the drug has shown to result in seizures, sev...More",,DDInter1068
3,Cardiomyopathies,"Lidocaine is absorbed through intact skin and mucosal membranes following topical administration.  Prolonged exposure, large doses, frequent applications and/or use on compromised skin or mucosa can p...More",,DDInter1068
3,Liver Diseases,"Lidocaine topical is absorbed through intact skin and mucosal membranes.  Prolonged exposure, large doses, and/or application to compromised skin or mucosa can result in elevated plasma concentrations...More",,DDInter1068
3,Kidney Diseases,"Lidocaine topical is absorbed through intact skin and mucosal membranes.  Prolonged exposure, large doses, and/or application to compromised skin or mucosa can result in elevated plasma concentrations...More",,DDInter1068
3,Seizures,"Lidocaine topical is absorbed through intact skin and mucosal membranes.  Prolonged exposure, large doses, and/or application to compromised skin or mucosa can result in elevated plasma concentrations...More",,DDInter1068
3,Intestinal Obstruction,"The use of linaclotide is contraindicated in patients with known or suspected mechanical gastrointestinal obstruction.  Because linaclotide accelerates gastrointestinal transit, it can exacerbate a bl...More",,DDInter1069
2,Diarrhea,"The use of linaclotide may cause diarrhea that might be associated with dizziness, syncope, hypotension and electrolyte abnormalities (hypokalemia and hyponatremia).  It is recommended to withhold dos...More",,DDInter1069
3,Pancreatitis,There have been postmarketing reports of acute pancreatitis in patients taking DPP-4 inhibitors.  These drugs should be used with caution in patients with a history of pancreatitis or pancreatic disea...More,,DDInter1070
3,Colitis,"Clostridioides difficile-associated diarrhea (CDAD), formerly pseudomembranous colitis, has been reported with almost all antibacterial drugs and may range from mild diarrhea to fatal colitis.  The mo...More",,DDInter1071
3,Premature Birth,"Parenteral medications formulated in multidose vials often contain benzyl alcohol as a preservative.  Their use is considered by drug manufacturers to be contraindicated in neonates, particularly prem...More",,DDInter1071
2,Asthma,Lincomycin should be used with caution in patients with a history of asthma or significant allergies.,,DDInter1071
2,Liver Diseases,"Lincomycin is partially metabolized by the liver and eliminated in the urine, bile and feces as both parent drug and metabolites.  The serum concentration of lincomycin may be increased and the half-l...More",,DDInter1071
3,Epilepsy,"The use of lindane is contraindicated in patients with seizure disorders.  Topically applied lindane is systemically absorbed and has induced CNS toxicity such as dizziness, headache, disorientation, ...More",,DDInter1072
3,Epilepsy,"The use of lindane is contraindicated in patients with seizure disorders.  Topically applied lindane is systemically absorbed and has induced CNS toxicity such as dizziness, headache, disorientation, ...More",,DDInter1072
3,Colitis,"Clostridioides difficile-associated diarrhea (CDAD), formerly pseudomembranous colitis, has been reported with almost all antibacterial drugs and may range from mild diarrhea to fatal colitis.  The mo...More",,DDInter1073
3,Bone Marrow Failure Disorders,"Reversible myelosuppression, including anemia, leukopenia, pancytopenia and thrombocytopenia, has been reported during postmarketing use of linezolid, although a causal relationship has not been estab...More",,DDInter1073
2,Acidosis,"Cases of lactic acidosis have been reported with the use of linezolid.  Patients who develop recurrent nausea or vomiting, unexplained acidosis, or a low bicarbonate level while receiving linezolid sh...More",,DDInter1073
2,Malignant Carcinoid Syndrome,"Linezolid is a weak, reversible, nonselective monoamine oxidase inhibitor (MAOI).  Nonspecific MAOIs inhibit the breakdown of pressor amines, including serotonin, and may exacerbate symptoms of the ca...More",,DDInter1073
2,Diseases requiring hemodialysis,Linezolid is partially removed by hemodialysis and should be administered after dialysis.,,DDInter1073
2,Hypertension,"Linezolid should not be administered to patients with uncontrolled hypertension, pheochromocytoma, thyrotoxicosis and/or patients taking any medication that could affect the pressor response unless pa...More",,DDInter1073
2,Hypoglycemia,Cases of symptomatic hypoglycemia have been reported in diabetic patients receiving insulin or oral hypoglycemic agents when treated with linezolid.  Caution and close monitoring are recommended when ...More,,DDInter1073
2,Liver Diseases,"Linezolid is primarily metabolized by the liver.  The pharmacokinetics of linezolid are not altered in patients with mild to moderate hepatic impairment (Child-Pugh class A or B) and, therefore, no do...More",,DDInter1073
2,Cerebrovascular Disorders,"Linezolid is a weak, reversible, nonselective monoamine oxidase inhibitor (MAOI).  Nonspecific MAOIs inhibit the breakdown of pressor amines, the accumulation of which can precipitate hypertensive cri...More",,DDInter1073
2,Peripheral Nervous System Diseases,"Peripheral and optic neuropathies have been reported in patients treated with linezolid.  If patients experience symptoms of visual impairment, such as changes in visual acuity, changes in color visio...More",,DDInter1073
3,Adrenal Insufficiency,The use of thyroid hormones is contraindicated in patients with uncorrected adrenal insufficiency.  Thyroid hormones increase tissue demand for adrenocortical hormones and may precipitate acute adrena...More,,DDInter1074
3,Cardiovascular Diseases,Thyroid hormones cause increases in myocardial contractility and heart rate as a result of increased metabolic demands and oxygen consumption.  Therapy with thyroid hormones should be administered cau...More,,DDInter1074
3,Graves Disease,"The use of thyroid hormones is contraindicated in patients with untreated thyrotoxicosis of any etiology, since thyroid hormones may exacerbate the condition.",,DDInter1074
2,Diabetes Mellitus,"Since hypothyroidism often obscure or diminish the signs and symptoms of endocrine disorders such as diabetes mellitus or diabetes insipidus, thyroid replacement therapy may aggravate the intensity of...More",,DDInter1074
2,Seizures,Thyroid hormones may alter the seizure threshold.  Seizures have been reported rarely following the initiation of levothyroxine therapy.  Therapy with thyroid hormones should be administered cautiousl...More,,DDInter1074
3,Adrenal Insufficiency,The use of thyroid hormones is contraindicated in patients with uncorrected adrenal insufficiency.  Thyroid hormones increase tissue demand for adrenocortical hormones and may precipitate acute adrena...More,,DDInter1075
3,Cardiovascular Diseases,Thyroid hormones cause increases in myocardial contractility and heart rate as a result of increased metabolic demands and oxygen consumption.  Therapy with thyroid hormones should be administered cau...More,,DDInter1075
3,Graves Disease,"The use of thyroid hormones is contraindicated in patients with untreated thyrotoxicosis of any etiology, since thyroid hormones may exacerbate the condition.",,DDInter1075
2,Diabetes Mellitus,"Since hypothyroidism often obscure or diminish the signs and symptoms of endocrine disorders such as diabetes mellitus or diabetes insipidus, thyroid replacement therapy may aggravate the intensity of...More",,DDInter1075
2,Seizures,Thyroid hormones may alter the seizure threshold.  Seizures have been reported rarely following the initiation of levothyroxine therapy.  Therapy with thyroid hormones should be administered cautiousl...More,,DDInter1075
No matching records,,,,DDInter1076
3,Pancreatitis,"The use of GLP-1 receptor agonists has been associated with rare reports of acute pancreatitis.  Other antidiabetic therapies should be considered in patients with a previous history of pancreatitis, ...More",,DDInter1077
3,Thyroid Neoplasms,GLP-1 receptor agonist antidiabetic drugs are contraindicated in patients with a personal or family history of medullary thyroid carcinoma and in patients with Multiple Endocrine Neoplasia syndrome ty...More,,DDInter1077
3,Depressive Disorder,Therapy with liraglutide should be administered cautiously in patients with depression or any mood or behavior disorder because of the potential for suicidal thoughts or behavior.  The drug should be ...More,,DDInter1077
2,Kidney Diseases,There have been reports of acute renal failure and worsening of chronic renal failure sometimes requiring hemodialysis in patients treated with GLP-1 receptor inhibitors.  Some of these events occurre...More,,DDInter1077
2,Cardiovascular Diseases,Liraglutide can increase the resting heart rate and it should be used with caution in patients with history of cardiovascular disease and cerebrovascular disease.  Heart rate should be monitored regul...More,,DDInter1077
3,Cardiovascular Diseases,"The use of amphetamines and amphetamine-like drugs is contraindicated in patients with advanced arteriosclerosis, symptomatic or unstable cardio- or cerebrovascular disease, moderate to severe hyperte...More",,DDInter1078
3,Glaucoma,"The use of amphetamines and amphetamine-like drugs is contraindicated in patients with narrow-angle glaucoma or anatomically narrow angles.  Like other sympathomimetic amines, amphetamines can induce ...More",,DDInter1078
3,Mental Disorders,"The use of central nervous system (CNS) stimulants is contraindicated in patients with marked agitation and/or anxiety, since these symptoms may be aggravated.  CNS stimulants may also exacerbate symp...More",,DDInter1078
3,Heart Diseases,"The use of CNS stimulants is contraindicated in patients with significant cardiovascular impairment such as uncompensated heart failure, severe coronary disease, severe hypertension (including that as...More",,DDInter1078
3,Hypertension,"CNS stimulant medications have shown to increase blood pressure, and their use might be contraindicated in patients with severe hypertension.  Caution should be used when administering to patients wit...More",,DDInter1078
3,Substance-Related Disorders,"Central nervous system (CNS) stimulants, especially amphetamines, have significant potential for habituation and abuse.  Tolerance, psychological dependence and severe social dysfunction can develop a...More",,DDInter1078
3,Tics,"Central nervous system (CNS) stimulants have been reported to exacerbate Tourette's syndrome and other motor and phonic tics.  Therapy with CNS stimulants, if necessary, should be administered cautiou...More",,DDInter1078
2,Bipolar Disorder,"Central nervous system (CNS) stimulants may induce a mixed/manic episode in patients with bipolar disorder.  Prior to initiating treatment, screen patients for risk factors for developing a manic epis...More",,DDInter1078
2,Psychotic Disorders,Central nervous system (CNS) stimulants may exacerbate symptoms of behavior disturbance and thought disorder in patients with a preexisting psychotic disorder.  Close monitoring is recommended when us...More,,DDInter1078
2,Epilepsy,"Due to general central nervous system stimulation, therapy with CNS stimulant drugs may cause seizures.  These drugs may lower the convulsive threshold in patients with prior history of seizures or EE...More",,DDInter1078
3,Angioedema,The use of these agents is contraindicated in patients with hereditary angioedema or a history of idiopathic angioedema.  Patients with a history of angioedema unrelated to ACE inhibitors may be at in...More,,DDInter1079
3,Bone Marrow Failure Disorders,"ACE inhibitors may cause bone marrow suppression, rarely in uncomplicated individuals but more frequently in patients with renal impairment, especially if they also have a collagen-vascular disease su...More",,DDInter1079
3,Heart Failure,"ACE inhibitors can cause marked renal impairment in patients whose renal function depends on the activity of the renin-angiotensin-aldosterone system.  In addition, symptomatic and sometimes excessive...More",,DDInter1079
3,Diseases requiring hemodialysis,Anaphylactoid reactions have been reported in patients undergoing hemodialysis with high-flux polyacrylonitrile membranes and treated concomitantly with an ACE inhibitor.  The frequency and mechanism ...More,,DDInter1079
3,Hyperkalemia,"In patients with hyperkalemia, especially those associated with impaired renal function or congestive heart failure, ACE inhibitors may further raise serum potassium levels.  Therapy with ACE inhibito...More",,DDInter1079
3,Hypotension,"ACE inhibitors can cause symptomatic hypotension, most often during the initiation of therapy and in patients who are volume- and/or sodium-depleted or treated for congestive heart failure (CHF).  The...More",,DDInter1079
2,Liver Diseases,"Rarely, elevations of liver enzymes and/or serum bilirubin have occurred with the use of ACE inhibitors.  Patients receiving ACE inhibitors who develop jaundice or marked elevations of hepatic enzymes...More",,DDInter1079
2,Kidney Diseases,"With the exception of fosinopril, ACE inhibitors (and/or their active metabolites in some cases) are primarily eliminated by the kidney and may accumulate in patients with renal impairment.  ACE inhib...More",,DDInter1079
No matching records,,,,DDInter1080
3,Dementia,"Older patients with dementia-related psychosis treated with antipsychotic drugs are at an increased risk of death; although the causes were varied, most of the deaths appeared to be either cardiovascu...More",,DDInter1081
3,Heart Diseases,"Lithium should generally not be given to patients with significant cardiovascular disease since the risk of lithium toxicity is high in these patients.  Additionally, there have been postmarketing rep...More",,DDInter1081
3,Dehydration,"Lithium reduces the ability of the kidney to concentrate urine and produces a mild diabetes insipidus and polyuria.  Therefore, patients with preexisting dehydration are more prone to lithium retentio...More",,DDInter1081
3,Diarrhea,The risk for lithium toxicity may be increased in patients with diarrhea and excessive sweating.  Dehydration and sodium depletion may occur in these patients leading to lithium retention and toxicity...More,,DDInter1081
3,Hypothyroidism,The use of lithium has been associated with hypothyroidism in 5% to 15% of patient as it blocks the release of thyroxine (T4) and triiodothyronine (T3) mediated by thyrotropin.  Therapy with lithium s...More,,DDInter1081
3,Kidney Diseases,"Lithium is primarily eliminated by the kidneys and should generally not be administered to patients with significant renal dysfunction.  Additionally, morphological changes with glomerular and interst...More",,DDInter1081
3,Water Intoxication,Lithium decreases sodium reabsorption by the renal tubules which could lead to sodium depletion.  Therapy with lithium should be administered cautiously in patients with preexisting sodium depletion a...More,,DDInter1081
3,Neuroleptic Malignant Syndrome,"Neuroleptic Malignant Syndrome (NMS), a potentially fatal symptom complex, has been reported in association with the use of antipsychotic drugs.  The diagnostic evaluation is complicated and the manag...More",,DDInter1081
3,Epilepsy,Antipsychotics can lower the seizure threshold and trigger seizures in a dose-dependent manner.  Seizures have been reported in patients receiving antipsychotic therapy and may occur in epileptic pati...More,,DDInter1081
2,Fever,Patients with fever may have a lower tolerance to lithium due to increased fluid and sodium loss.  Lithium dosage may need to be reduced or suspended in such patients.  Monitoring lithium serum levels...More,,DDInter1081
3,Angioedema,The use of lixisenatide may result in cross-sensitivity in patients with a history of anaphylaxis reaction or angioedema to another GLP-1 receptor agonist.  These patients should be informed of the ri...More,,DDInter1082
3,Gastroparesis,Lixisenatide slows gastric emptying and patients with preexisting gastroparesis were excluded from clinical trials.  Lixisenatide should not be used in patients with severe gastroparesis.,,DDInter1082
3,Pancreatitis,"Acute pancreatitis, including fatal and non- fatal hemorrhagic or necrotizing pancreatitis, has been reported postmarketing in patients treated with lixisenatide.  Some patients had risk factors such ...More",,DDInter1082
2,"Kidney Failure, Chronic",Acute kidney injury and worsening of chronic renal failure which sometimes required hemodialysis has been reported postmarketing in patients treated with lixisenatide.  Renal function should be closel...More,,DDInter1082
3,Hypotension,"Lofexidine can cause a decrease in blood pressure, a decrease in pulse, and syncope.  It is recommended to monitor vital signs before dosing and for symptoms related to bradycardia and orthostasis.  I...More",,DDInter1083
2,Alcoholism,Lofexidine can potentiate the CNS depressive effects of alcohol and other CNS depressive substances.  Care should be exercised when using this agent in patients with alcohol disorders.,,DDInter1083
2,Hepatic Insufficiency,"Hepatic impairment slows the elimination of lofexidine, but exhibits less effect on the peak plasma concentration following a single dose.  Dosage adjustments are recommended based on the degree of he...More",,DDInter1083
2,Long QT Syndrome,Lofexidine prolongs the QT interval.  Its use should be avoided in patients with congenital long QT syndrome.  It is recommended to monitor ECG prior to and during treatment in patients with congestiv...More,,DDInter1083
2,Kidney Diseases,Renal impairment slows the elimination of lofexidine but exhibits less effect on the peak plasma concentration than on AUC values following a single dose.  Dosage adjustments are recommended based on ...More,,DDInter1083
No matching records,,,,DDInter1084
3,Liver Failure,"The use of lomitapide is contraindicated in patients with moderate or severe hepatic impairment (Child-Pugh B or C), and patients with active liver disease, including unexplained elevations of serum t...More",,DDInter1085
2,Alcoholism,Alcohol may increase the levels of hepatic fat and induce or exacerbate liver injury.  It is recommended that patients taking lomitapide should not consume more than one alcoholic drink per day.,,DDInter1085
2,Galactosemias,"Patients with rare, hereditary problems of galactose intolerance, the Lapp lactase deficiency, or glucose-galactose malabsorption should avoid lomitapide as this may result in diarrhea or malabsorptio...More",,DDInter1085
2,Kidney Diseases,"Patients with end-stage renal disease receiving dialysis should not exceed 40 mg daily of lomitapide, as exposure can increase up to 50% compared with healthy volunteers.  Effects of mild, moderate, a...More",,DDInter1085
2,Avitaminosis,"Lomitapide may reduce the absorption of fat soluble nutrients.  Patients on clinical trials were provided with daily dietary supplements of vitamin E, linoleic acid, alpha- linoleic acid (ALA), eicosa...More",,DDInter1085
3,Pulmonary Fibrosis,"Pulmonary infiltrates and/or fibrosis have been reported during lomustine therapy.  Toxicity occurred after 6 months of cumulative doses usually > 1100 mg/m2.  Late reduction in pulmonary function, pr...More",,DDInter1086
3,Infections,Nitrosoureas can induce delayed myelosuppression.  The use of nitrosoureas may be contraindicated in patients with known infectious diseases.  All patients should be instructed to immediately report a...More,,DDInter1086
3,Bone Marrow Failure Disorders,Nitrosoureas induce delayed bone marrow suppression that is cumulative and dose-related.  Thrombocytopenia is usually more severe than leukopenia.  Anemia occurs less frequently and is less severe.  P...More,,DDInter1086
2,Kidney Diseases,"Renal abnormalities such as azotemia, and progressive decline in renal function have been reported after prolonged therapy with large doses of carmustine and lomustine.  Lower total doses have also re...More",,DDInter1086
1,Liver Diseases,"A reversible increase in liver transaminase, alkaline phosphatase, and bilirubin levels has been reported during therapy with nitrosoureas.  Therapy with nitrosoureas should be administered cautiously...More",,DDInter1086
2,Liver Diseases,"Hepatic transaminase elevations (i.e., aspartate aminotransferase AST] and alanine aminotransferase ([ALT]) have been reported during lonafarnib therapy.  Often these elevations improve with continued...More",,DDInter1087
2,Neurotoxicity Syndromes,"Lonafarnib has not been studied in patients with renal impairment, however, this drug caused nephrotoxicity in rats at plasma drug exposures approximately equal to that achieved with the human dose.  ...More",,DDInter1087
3,Dysentery,"The use of drugs with antiperistaltic activity (primarily antidiarrheal and antimuscarinic agents, but also antispasmodic agents such as dicyclomine or oxybutynin at high dosages) is contraindicated i...More",,DDInter1088
2,Water-Electrolyte Imbalance,Diarrhea can cause severe dehydration and electrolyte imbalance. Fluid accumulation within the GI track due to antiperistaltic-associated decrease in peristalsis can further aggravate dehydration and ...More,,DDInter1088
2,Liver Failure,Therapy with antiperistaltic agents should be administered with extreme caution in patients with hepatorenal disease or abnormal liver enzymes.  Antiperistaltic agents are metabolized by the liver (di...More,,DDInter1088
2,"Megacolon, Toxic",Decreased intestinal motility and prolonged transit time have resulted in toxic megacolon in patients with acute ulcerative colitis.  Paralytic ileus has also occurred.  Antiperistaltic agent GI motil...More,,DDInter1088
No matching records,,,,DDInter1089
3,Colitis,"Clostridioides difficile-associated diarrhea (CDAD), formerly pseudomembranous colitis, has been reported with almost all antibacterial drugs and may range from mild diarrhea to fatal colitis.  The mo...More",,DDInter1090
2,Kidney Diseases,"Most beta-lactam antibiotics are eliminated by the kidney as unchanged drug and, in some cases, also as metabolites.  The serum concentrations of beta-lactam antibiotics and their metabolites may be i...More",,DDInter1090
2,Diseases requiring dialysis,"Most cephalosporin antibiotics are removed by hemodialysis.  Doses should either be scheduled for administration after dialysis or supplemental doses be given after dialysis.  Cefonicid, cefixime, and...More",,DDInter1090
2,Liver Diseases,"Cases of hepatitis have been reported with the use of certain cephalosporins.  Transient rise in AST, ALT, and alkaline phosphatase levels have also been observed.  Caution and monitoring is recommend...More",,DDInter1090
2,Liver Diseases,"Loratadine is primarily converted by the liver to an active metabolite, and both parent drug and metabolite are excreted in the urine.  Patients with renal and/or liver disease may be at greater risk ...More",,DDInter1091
3,Alcoholic Intoxication,The use of benzodiazepines with alcohol is not recommended.  Patients with acute alcohol intoxication exhibit depressed vital signs.  The central nervous system depressant effects of benzodiazepines m...More,,DDInter1092
3,"Glaucoma, Angle-Closure",The manufacturers consider the use of benzodiazepines to be contraindicated in patients with acute angle-closure glaucoma or untreated open-angle glaucoma.  These agents do not possess anticholinergic...More,,DDInter1092
3,Substance-Related Disorders,"Benzodiazepines have the potential to cause dependence and abuse.  Tolerance as well as physical and psychological dependence can develop, particularly after prolonged use and/or excessive dosages.  H...More",,DDInter1092
3,Liver Diseases,"Benzodiazepines are metabolized by the liver, and the metabolites are excreted in the urine.  Chlordiazepoxide, clorazepate, diazepam, flurazepam and quazepam undergo oxidative N-dealkylation to activ...More",,DDInter1092
3,Respiratory Insufficiency,"Benzodiazepines may cause respiratory depression and apnea, usually when given in high dosages and/or by intravenous administration.  However, some patients may be susceptible at commonly used dosages...More",,DDInter1092
3,Seizures,The use of benzodiazepines in patients with seizure disorders may increase the incidence or precipitate the onset of generalized tonic-clonic seizures (grand mal).  Appropriate anticonvulsant medicati...More,,DDInter1092
3,Hypotension,Benzodiazepines should not be administered by injection to patients in shock or coma.  The hypnotic and hypotensive effects of these agents may be prolonged and intensified in such patients.,,DDInter1092
3,Premature Birth,"Parenteral medications formulated in multidose vials often contain benzyl alcohol as a preservative.  Their use is considered by drug manufacturers to be contraindicated in neonates, particularly prem...More",,DDInter1092
2,Depressive Disorder,Benzodiazepines depress the central nervous system and may cause or exacerbate mental depression and cause suicidal behavior and ideation.  Episodes of mania and hypomania have also been reported in d...More,,DDInter1092
2,Obesity,"The plasma half-lives of benzodiazepines may be prolonged in obese patients, presumably due to increased distribution into fat.  Marked increases in distribution (> 100%) have been reported for diazep...More",,DDInter1092
3,Heart Valve Diseases,"Regurgitant cardiac valvular disease, primarily affecting the mitral and/or aortic valves, has been reported in patients who took serotonergic drugs with 5-HT2B receptor agonist activity.  The etiolog...More",,DDInter1093
2,Bradycardia,"Lorcaserin may decrease heart rate.  In clinical trials of at least one year duration, the mean decrease in heart rate was 1.2 beats per minute (bpm) in lorcaserin-treated and 0.4 bpm in placebo-treat...More",,DDInter1093
2,Breast Neoplasms,"Lorcaserin can cause elevations in prolactin.  In clinical trials of at least one year duration, elevations of prolactin greater than the upper limit of normal, two times the upper limit of normal, an...More",,DDInter1093
2,Depressive Disorder,"Drugs like lorcaserin that target the central nervous system have been associated with depression and suicidal ideation.  Psychiatric events of euphoria, hallucination, and dissociation were observed ...More",,DDInter1093
2,Hematologic Diseases,"Hematological changes, including decreases in hemoglobin and hematocrit counts, have been reported with the use of lorcaserin.  Caution should be exercised when treating patients who have ongoing or a...More",,DDInter1093
2,Liver Diseases,"Lorcaserin is extensively metabolized in the liver by multiple enzymatic pathways.  In study subjects with varying degrees of hepatic function, lorcaserin peak plasma concentration (Cmax) was reduced ...More",,DDInter1093
2,Priapism,"Lorcaserin may cause priapism due to 5-HT2C receptor agonism.  The condition is characterized by prolonged, often painful erections lasting longer than 4 hours.  If not treated promptly, priapism can ...More",,DDInter1093
2,"Hypertension, Pulmonary",Lorcaserin is believed to promote satiety by selectively activating serotonin 2C receptors on anorexigenic pro-opiomelanocortin neurons located in the hypothalamus.  Certain centrally-acting weight lo...More,,DDInter1093
2,Kidney Diseases,"Lorcaserin is extensively metabolized in the liver by multiple enzymatic pathways, and the metabolites are primarily eliminated by the kidney.  In patients with varying degrees of renal function, lorc...More",,DDInter1093
2,"Diabetes Mellitus, Type 2","Obese, type 2 diabetic patients who achieve weight loss may demonstrate improved metabolic control of their disease as a result of their reduced weight.  Therefore, patients with type 2 diabetes melli...More",,DDInter1093
2,Atrioventricular Block,"PR interval prolongation and atrioventricular (AV) block can occur in patients receiving lorlatinib, with some reports of Grade 3 AV block that required a pacemaker placement.  Patients at risk should...More",,DDInter1094
2,Central Nervous System Diseases,"A broad spectrum of central nervous system (CNS) effects can occur in patients receiving lorlatinib.  These include seizures, hallucinations, changes in cognitive function, mood (including suicidal id...More",,DDInter1094
2,Hepatic Insufficiency,"The recommended dose of lorlatinib has not been established for patients with moderate or severe hepatic impairment, therefore, caution is advised if using in these patients.  Additionally, severe hep...More",,DDInter1094
2,Hyperglycemia,The use of lorlatinib might cause hyperglycemia.  It is recommended to assess and control fasting serum glucose prior to initiation of treatment and monitor periodically thereafter.  Caution should be...More,,DDInter1094
2,Hyperlipidemias,Increases in serum cholesterol and triglycerides have been reported in patients receiving lorlatinib.  Grade 3 or 4 elevations in total cholesterol occurred in 17% and Grade 3 or 4 elevations in trigl...More,,DDInter1094
2,Hypertension,The use of lorlatinib might cause hypertension.  It is recommended to assess and control blood pressure prior to treatment initiation.  Caution should be exercised when treating patients with prior hi...More,,DDInter1094
2,"Lung Diseases, Interstitial","Patients treated with lorlatinib have reported severe, life-threatening, or fatal interstitial lung disease (ILD) and/or pneumonitis.  It is recommended to investigate and monitor patients for pulmona...More",,DDInter1094
2,"Kidney Failure, Chronic",The recommended dose of lorlatinib has not been established for patients with severe renal impairment.  No dose adjustment is recommended for patients with mild or moderate renal impairment (creatinin...More,,DDInter1094
3,Diabetes Mellitus,The coadministration of some angiotensin II receptor blocker agents with aliskiren is contraindicated in patients with diabetes.,,DDInter1095
3,Angioedema,The use of these agents is contraindicated in patients with a history of angioedema related to previous angiotensin-converting enzyme (ACE) inhibitor or angiotensin II receptor blocker (ARB) therapy o...More,,DDInter1095
3,Hypotension,"Angiotensin II receptor (AR) antagonists can cause symptomatic hypotension in patients with an activated renin-angiotensin system, such as volume- and/or sodium-depleted patients.  Therapy with AR ant...More",,DDInter1095
2,Heart Failure,"Angiotensin II receptor (AR) antagonists can cause renal impairment in patients whose renal function depends on the activity of the renin-angiotensin-aldosterone system.  In addition, symptomatic hypo...More",,DDInter1095
2,Hyperkalemia,"Drugs that inhibit the renin-angiotensin, such as angiotensin II receptor antagonist system can cause hyperkalemia.  Concomitant use of these agents with drugs that increase potassium levels may incre...More",,DDInter1095
2,Renal Artery Obstruction,"In patients with bilateral renal artery stenosis or renal artery stenosis in a solitary kidney, angiotensin II receptor (AR) antagonists may reduce renal perfusion to a critically low level.  Increase...More",,DDInter1095
2,Kidney Diseases,Changes in renal function including acute renal failure can be caused by drugs that inhibit the renin-angiotensin system and by diuretics.  Patients whose renal function may depend in part on the acti...More,,DDInter1095
2,Liver Diseases,"Losartan is converted in the liver to an active carboxylic acid metabolite and several inactive metabolites, and both parent drug and metabolites are eliminated by the kidney (35%) as well as by bilia...More",,DDInter1095
3,Eye Infections,"The use of ophthalmic corticosteroids is contraindicated in most viral diseases of the cornea and conjunctiva, including epithelial herpes simplex keratitis (dendritic keratitis), vaccinia, and varice...More",,DDInter1096
3,Toxic Optic Neuropathy,"Prolonged use of corticosteroids may cause posterior subcapsular cataracts and elevated intraocular pressure, the latter of which may lead to glaucoma and/or damage to the optic nerves.  Therapy with ...More",,DDInter1096
No matching records,,,,DDInter1097
3,Liver Diseases,"The use of HMG-CoA reductase inhibitors is contraindicated in patients with active liver disease or unexplained, persistent elevations of serum transaminases.  HMG-CoA reductase inhibitors are extensi...More",,DDInter1098
3,Rhabdomyolysis,"Severe myopathy, including rhabdomyolysis with acute renal failure secondary to myoglobinuria, has been reported rarely with the use of HMG-CoA reductase inhibitors.  The myopathy may be dose-related ...More",,DDInter1098
3,Kidney Diseases,"In patients with severe renal impairment (CrCl < 30 mL/min.), the plasma concentrations of total HMG-CoA reductase inhibitors after a single dose of lovastatin may be approximately two-fold higher tha...More",,DDInter1098
2,Cognitive Dysfunction,"Cognitive impairment (e.g., memory loss, forgetfulness, amnesia, memory impairment, confusion) have been observed in patients receiving statins.  The reports are usually not serious, and reversible up...More",,DDInter1098
2,Diabetes Mellitus,Increases in HbA1c and fasting serum glucose levels have been reported with the use of certain HMG-CoA reductase inhibitors.  Caution should be exercised when using these agents in diabetic patients a...More,,DDInter1098
2,Kidney Diseases,"Some HMG-CoA reductase inhibitors such as fluvastatin, have not been studied in patients with severe renal impairment or end-stage renal disease.  Some others such as pitavastatin and simvastatin, req...More",,DDInter1098
3,Dementia,"Older patients with dementia-related psychosis treated with antipsychotic drugs are at an increased risk of death; although the causes were varied, most of the deaths appeared to be either cardiovascu...More",,DDInter1099
3,Central Nervous System Diseases,"The use of most miscellaneous antipsychotics is contraindicated in patients with severe central nervous system depression or comatose states from any cause (e.g., lesion, disease, drug or alcohol indu...More",,DDInter1099
3,Dementia,Elderly patients with dementia- related psychosis treated with antipsychotic drugs are at increased risk of death.  Most of these drugs are not approved for the treatment of patients with dementia- re...More,,DDInter1099
3,Neuroleptic Malignant Syndrome,"Neuroleptic Malignant Syndrome (NMS), a potentially fatal symptom complex, has been reported in association with the use of antipsychotic drugs.  The diagnostic evaluation is complicated and the manag...More",,DDInter1099
3,Epilepsy,Antipsychotics can lower the seizure threshold and trigger seizures in a dose-dependent manner.  Seizures have been reported in patients receiving antipsychotic therapy and may occur in epileptic pati...More,,DDInter1099
3,Alcoholic Intoxication,The use of neuroleptic agents is contraindicated in patients with acute alcohol intoxication exhibiting depressed vital signs.  The central nervous system depressant effects of neuroleptic agents may ...More,,DDInter1099
3,Cardiovascular Diseases,"Neuroleptic agents may cause hypotension (including orthostatic hypotension), reflex tachycardia, increased pulse rate, syncope and dizziness, particularly during initiation of therapy or rapid escala...More",,DDInter1099
3,Respiratory Insufficiency,The use of neuroleptic agents is contraindicated in comatose patients and patients with severe central nervous system depression.  Neuroleptic agents may potentiate the CNS and respiratory depression ...More,,DDInter1099
3,Neuroleptic Malignant Syndrome,The central dopaminergic blocking effects of neuroleptic agents may precipitate or aggravate a potentially fatal symptom complex known as neuroleptic malignant syndrome (NMS).  NMS is observed most fr...More,,DDInter1099
2,Seizures,Antipsychotic and neuroleptic drugs can lower the seizure threshold and trigger seizures in a dose-dependent manner.  This risk is greatest in patients with a history of seizures or with conditions th...More,,DDInter1099
3,Intestinal Obstruction,Lubiprostone is contraindicated in patients with known or suspected mechanical gastrointestinal obstruction.,,DDInter1100
2,Diarrhea,Lubiprostone should not be prescribed to patients that have severe diarrhea.  Care should be exercised when prescribing this drug to patients at risk of diarrhea and patients should be instructed to i...More,,DDInter1100
2,Dyspnea,The use of lubiprostone may cause dyspnea.  Care should be taken when prescribing this drug to patients that experienced dyspnea or when restarting the drug in those patients experiencing drug induced...More,,DDInter1100
2,Hepatic Insufficiency,No dosage adjustment is needed in patients with mild hepatic impairment.  It is recommended to modify the dose in patients with moderate and severe hepatic impairment as these patients experienced mar...More,,DDInter1100
No matching records,,,,DDInter1101
3,Depressive Disorder,"Antidepressants increased the risk of suicidal thoughts and behavior in children, adolescents, and young adults in short-term trials; these trials did not show increased risk in patients older than 24...More",,DDInter1102
3,Dementia,"Older patients with dementia-related psychosis treated with antipsychotic drugs are at an increased risk of death; although the causes were varied, most of the deaths appeared to be either cardiovascu...More",,DDInter1102
2,"Pneumonia, Aspiration",Esophageal dysmotility and aspiration have been associated with the use of antipsychotic drugs.  These drugs should be administered cautiously in patients at risk for aspiration pneumonia.,,DDInter1102
2,Seizures,Antipsychotic and neuroleptic drugs can lower the seizure threshold and trigger seizures in a dose-dependent manner.  This risk is greatest in patients with a history of seizures or with conditions th...More,,DDInter1102
2,Hematologic Diseases,"Cases of leukopenia, neutropenia, and agranulocytosis have been reported with the use of atypical antipsychotic agents.  Patients with preexisting low white blood cell count may be at increased risk. ...More",,DDInter1102
2,Hyperglycemia,"Hyperglycemia, in some cases extreme and associated with ketoacidosis or hyperosmolar coma or death, has been reported with the use of atypical antipsychotic agents.  Patients with diabetes should be ...More",,DDInter1102
2,Hypotension,The use of atypical antipsychotic agents has been associated with orthostatic hypotension and syncope.  Therapy with atypical antipsychotics should be administered cautiously in patients with hypotens...More,,DDInter1102
2,Dyslipidemias,"Atypical antipsychotic drugs have been associated with undesirable alterations in lipid levels.  While all agents in the class have been shown to produce some changes, each drug has its own specific r...More",,DDInter1102
2,Hepatic Insufficiency,A dosage reduction of lumateperone is recommended in patients with moderate or severe liver dysfunction (Child-Pugh B or C) as they generally had higher exposure to lumateperone than patients with nor...More,,DDInter1102
2,Tardive Dyskinesia,"Tardive dyskinesia (TD) has occurred in patients treated with antipsychotic drugs; the syndrome consists of potentially irreversible, involuntary, dyskinetic movements.  The risk appears highest in ol...More",,DDInter1102
No matching records,,,,DDInter1103
3,Depressive Disorder,"Antidepressants increased the risk of suicidal thoughts and behavior in children, adolescents, and young adults in short-term trials; these trials did not show increased risk in patients older than 24...More",,DDInter1104
3,Dementia,"Older patients with dementia-related psychosis treated with antipsychotic drugs are at an increased risk of death; although the causes were varied, most of the deaths appeared to be either cardiovascu...More",,DDInter1104
3,Neuroleptic Malignant Syndrome,The central dopaminergic blocking effects of neuroleptic agents may precipitate or aggravate a potentially fatal symptom complex known as neuroleptic malignant syndrome (NMS).  NMS is observed most fr...More,,DDInter1104
2,"Pneumonia, Aspiration",Esophageal dysmotility and aspiration have been associated with the use of antipsychotic drugs.  These drugs should be administered cautiously in patients at risk for aspiration pneumonia.,,DDInter1104
2,Seizures,Antipsychotic and neuroleptic drugs can lower the seizure threshold and trigger seizures in a dose-dependent manner.  This risk is greatest in patients with a history of seizures or with conditions th...More,,DDInter1104
2,Hematologic Diseases,"Cases of leukopenia, neutropenia, and agranulocytosis have been reported with the use of atypical antipsychotic agents.  Patients with preexisting low white blood cell count may be at increased risk. ...More",,DDInter1104
2,Hyperglycemia,"Hyperglycemia, in some cases extreme and associated with ketoacidosis or hyperosmolar coma or death, has been reported with the use of atypical antipsychotic agents.  Patients with diabetes should be ...More",,DDInter1104
2,Hypotension,The use of atypical antipsychotic agents has been associated with orthostatic hypotension and syncope.  Therapy with atypical antipsychotics should be administered cautiously in patients with hypotens...More,,DDInter1104
2,Dyslipidemias,"Atypical antipsychotic drugs have been associated with undesirable alterations in lipid levels.  While all agents in the class have been shown to produce some changes, each drug has its own specific r...More",,DDInter1104
2,Kidney Diseases,Therapy with some atypical antipsychotic agents should be administered cautiously in patients with renal impairment and the dosage should be reduced accordingly.  These agents are not recommended in p...More,,DDInter1104
2,Liver Diseases,"The use of lurbinectedin can cause hepatotoxicity.  Assess liver function tests, before administering lurbinectedin, periodically during treatment, and as clinically indicated.  No dose adjustment is ...More",,DDInter1105
2,Bone Marrow Failure Disorders,"The use of lurbinectedin can cause myelosuppression.  Assess blood counts, including neutrophil count and platelet count before each therapy and administer lurbinectedin only to patients with baseline...More",,DDInter1105
No matching records,,,,DDInter1106
No matching records,,,,DDInter1107
2,Liver Diseases,Lutetium Lu 177 dotatate does not undergo hepatic metabolism.  No dose adjustment is recommended for patients with mild or moderate hepatic impairment.  Care is recommended when using lutetium Lu 177 ...More,,DDInter1108
2,Bone Marrow Failure Disorders,The use of lutetium Lu 177 dotatate may increase the risk of developing myelosuppression.  Care should be exercised when using this agent in immunocompromised patients.  It is recommended to monitor b...More,,DDInter1108
2,Kidney Diseases,Lutetium Lu 177 dotatate predominantly undergoes renal excretion.  No dose adjustment is recommended for patients with mild to moderate renal impairment.  It is recommended to assess renal function fr...More,,DDInter1108
No matching records,,,,DDInter1109
No matching records,,,,DDInter1110
3,Liver Failure,"Endothelin receptor antagonists (ERAs) have been associated with aminotransferase elevations, hepatotoxicity, and cases of liver failure.  Hepatic function should be assessed before treatment initiati...More",,DDInter1111
2,Anemia,Clinical studies have shown that most endothelin receptor antagonists decrease hemoglobin concentration and hematocrit levels.  There are some postmarketing reports of anemia cases which needed blood ...More,,DDInter1111
2,Water-Electrolyte Imbalance,Peripheral edema and fluid retention are known clinical consequences of pulmonary hypertension and also known effects of endothelin receptor antagonists.  Caution and monitoring is recommended if thes...More,,DDInter1111
No matching records,,,,DDInter1112
No matching records,,,,DDInter1113
3,Heart Diseases,The parenteral administration of magnesium is contraindicated in patients with heart block or heart damage from myocardial infarction.  These conditions may be exacerbated during magnesium infusion.  ...More,,DDInter1114
3,Kidney Diseases,"Magnesium is eliminated by the kidney.  The serum concentration of magnesium is increased in patients with renal impairment.  Magnesium toxicity includes CNS depression, muscular paralysis, respirator...More",,DDInter1114
2,Cholestasis,"The trace elements, copper and manganese, are excreted in the bile.  Copper and manganese doses may need to be adjusted, reduced, or omitted in patients with liver disease or biliary obstruction.",,DDInter1114
2,Kidney Diseases,Manganese sulfate and manganese chloride preparations contain aluminum and may reach toxic levels with prolonged parenteral administration if kidney function is impaired.  Premature neonates are parti...More,,DDInter1114
2,Malabsorption Syndromes,"The trace metals manganese, chromium, copper, selenium, and zinc are absorbed in the GI tract from dietary sources and following administration of oral supplements.  GI absorption may be decreased in ...More",,DDInter1114
3,Inflammatory Bowel Diseases,The use of laxatives is contraindicated in patients with inflammatory bowel disease.  Patients with inflammatory bowel disease may experience colonic perforation with use of stimulant laxatives.,,DDInter1115
3,Intestinal Obstruction,The use of laxatives is contraindicated in patients with intestinal obstruction disorders.  Patients with intestinal obstruction disorders may need their underlying condition treated to correct the co...More,,DDInter1115
3,Kidney Diseases,"Magnesium is eliminated by the kidney.  The serum concentration of magnesium is increased in patients with renal impairment.  Magnesium toxicity includes CNS depression, muscular paralysis, respirator...More",,DDInter1115
3,Kidney Diseases,"Magnesium is eliminated by the kidney.  The serum concentration of magnesium is increased in patients with renal impairment.  Magnesium toxicity includes CNS depression, muscular paralysis, respirator...More",,DDInter1116
No matching records,,,,DDInter1117
3,Inflammatory Bowel Diseases,The use of laxatives is contraindicated in patients with inflammatory bowel disease.  Patients with inflammatory bowel disease may experience colonic perforation with use of stimulant laxatives.,,DDInter1118
3,Intestinal Obstruction,The use of laxatives is contraindicated in patients with intestinal obstruction disorders.  Patients with intestinal obstruction disorders may need their underlying condition treated to correct the co...More,,DDInter1118
3,Kidney Diseases,"Magnesium is eliminated by the kidney.  The serum concentration of magnesium is increased in patients with renal impairment.  Magnesium toxicity includes CNS depression, muscular paralysis, respirator...More",,DDInter1118
3,Kidney Diseases,"Magnesium is eliminated by the kidney.  The serum concentration of magnesium is increased in patients with renal impairment.  Magnesium toxicity includes CNS depression, muscular paralysis, respirator...More",,DDInter1119
3,Depressive Disorder,Antiepileptic drugs can increase depression and suicidal thoughts or behaviors in patients receiving these drugs for any indication.  Patients should be monitored for the emergence or worsening of dep...More,,DDInter1120
3,Inflammatory Bowel Diseases,The use of laxatives is contraindicated in patients with inflammatory bowel disease.  Patients with inflammatory bowel disease may experience colonic perforation with use of stimulant laxatives.,,DDInter1120
3,Intestinal Obstruction,The use of laxatives is contraindicated in patients with intestinal obstruction disorders.  Patients with intestinal obstruction disorders may need their underlying condition treated to correct the co...More,,DDInter1120
3,Heart Diseases,The parenteral administration of magnesium is contraindicated in patients with heart block or heart damage from myocardial infarction.  These conditions may be exacerbated during magnesium infusion.  ...More,,DDInter1120
3,Pre-Eclampsia,Intravenous magnesium should not be given to mothers with preeclampsia during the two hours preceding delivery.,,DDInter1120
3,Kidney Diseases,"Magnesium is eliminated by the kidney.  The serum concentration of magnesium is increased in patients with renal impairment.  Magnesium toxicity includes CNS depression, muscular paralysis, respirator...More",,DDInter1120
3,Myasthenia Gravis,The use of magnesium sulfate is contraindicated in patients with myasthenia gravis as it can precipitate a myasthenic crisis.  Myasthenic crisis is a life-threatening condition characterized by neurom...More,,DDInter1120
2,"Arrhythmias, Cardiac","The use of osmotic laxatives preparations, containing sodium sulfate, potassium sulfate, and magnesium sulfate may cause cardiac arrhythmias.  There have been rare reports of serious arrhythmias assoc...More",,DDInter1120
No matching records,,,,DDInter1121
No matching records,,,,DDInter1122
3,Dehydration,"The use of osmotic diuretics is contraindicated in patients with anuria, severe dehydration, pulmonary edema, or severe cardiac decompensation.  An increase in the tonicity of the blood may occur in t...More",,DDInter1123
2,Dehydration,"The use of osmotic diuretics is associated with an increase in blood tonicity.  Osmotic diuretics should be administered cautiously in patients with confused mental states, diabetes, congestive heart ...More",,DDInter1123
3,Cardiovascular Diseases,"Maprotiline should be administered with extreme caution in patients with history of myocardial infarction, and history or presence of cardiovascular disease because of the possibility of conduction de...More",,DDInter1124
3,Myocardial Infarction,The manufacturer does not recommend the use of maprotiline during the acute phases of myocardial infarction.,,DDInter1124
3,Epilepsy,"The use of maprotiline is contraindicated in patients with seizure disorders.  Maprotiline, a tetracyclic antidepressant, has a greater propensity to cause seizures than the tricyclic antidepressants....More",,DDInter1124
3,Anticholinergic Syndrome,"Tricyclic and tetracyclic antidepressants (TCAs) have anticholinergic activity, to which elderly patients are particularly sensitive.  Tertiary amines such as amitriptyline and trimipramine tend to ex...More",,DDInter1124
3,Cardiovascular Diseases,"Tricyclic and tetracyclic antidepressants (TCAs) may cause orthostatic hypotension, reflex tachycardia, syncope, and dizziness, particularly during initiation of therapy or rapid escalation of dosage....More",,DDInter1124
3,Pheochromocytoma,Tricyclic and tetracyclic antidepressants (TCAs) may potentiate the effects of circulating catecholamines.  Enhanced sympathetic activity can provoke hypertensive crises in patients with pheochromocyt...More,,DDInter1124
3,Bipolar Disorder,A major depressive episode can be the initial presentation of bipolar disorder.  Patients with depressive symptoms should be adequately screened to determine if they are at risk for bipolar disorder p...More,,DDInter1124
3,Depressive Disorder,Adult and pediatric patients with depression and other psychiatric disorders may experience worsening of their symptoms and may have the emergence of suicidal thoughts and behavior.  Patients should b...More,,DDInter1124
3,Hypotension,The use of tetracyclic antidepressants (TCAs) has occasionally been associated with significant orthostatic hypotension secondary to the alpha-1 adrenergic blocking effects of these drugs.  Therapy wi...More,,DDInter1124
3,Neutropenia,"The use of tetracyclic antidepressants has been associated with neutropenia (ANC < 500/mm3) and agranulocytosis (ANC < 500/mm3) with associated signs and symptoms,( e.g., fever, infection, etc.).  Pat...More",,DDInter1124
3,Liver Failure,"Hepatotoxicity has been reported with the use of maraviroc.  Severe rash or evidence of systemic allergic reaction (e.g., fever, eosinophilia, elevated immunoglobulin E [IgE]) prior to the development...More",,DDInter1125
3,Kidney Diseases,An increased risk of postural hypotension may occur in patients with severe renal dysfunction or in those with ESRD due to increased exposure to maraviroc in some patients.  This drug should be used w...More,,DDInter1125
2,Cardiovascular Diseases,Cardiovascular events (including myocardial ischemia and/or infarction) were reported in 11 therapy-experienced patients (1.3%) receiving maraviroc during phase 3 trials; these patients generally had ...More,,DDInter1125
No matching records,,,,DDInter1126
3,Immune Deficiency Disease,"In general, the use of measles, mumps, and rubella vaccine or any single component is contraindicated in patients with primary or acquired immunodeficiency.  Since these vaccines contain live attenuat...More",,DDInter1127
3,Infections,"Ideally, vaccination should occur when an individual is healthy, thus minimizing the risk of an adverse host reaction and/or vaccine failure.  However, a current or recent infection does not necessari...More",,DDInter1127
2,Liver Diseases,"Although mebendazole is poorly absorbed from the gastrointestinal tract (only 2% to 10% of a dose is absorbed systemically), absorbed drug is primarily metabolized by the liver.  Therapy with mebendaz...More",,DDInter1128
2,Digestive System Diseases,"Nonvisualization or delayed visualization of the gallbladder may occur in certain populations, including patients who have been fasting for a prolonged period or undergoing parenteral feeding; patient...More",,DDInter1129
No matching records,,,,DDInter1130
2,"Diabetes Mellitus, Type 2","Mecasermin has insulin-like hypoglycemic effects, therefore, care should be taken when prescribing this agent to diabetic patients.  It is recommended to monitor blood glucose levels in these patients...More",,DDInter1131
2,Edema due to obstruction of lymph vessels or disorders of the lymph nodes.,"Lymphoid tissue (e.g., tonsillar and adenoidal) hypertrophy associated with complications such as snoring, sleep apnea, and chronic middle-ear effusions have been reported with the use of mecasermin. ...More",,DDInter1131
2,Scoliosis,"Because mecasermin increases growth rate, patients who experience rapid growth should be closely monitored for any onset of a limp or complaints of hip or knee pain.  Patients with a history of scolio...More",,DDInter1131
2,Vision Disorders,"Intracranial hypertension with papilledema, visual changes, headache, nausea and/or vomiting have occurred in patients treated with mecasermin.  Ophthalmologic examination is recommended at the initia...More",,DDInter1131
No matching records,,,,DDInter1132
3,Infections,The use of mechlorethamine is contraindicated in patients with known infectious diseases.  Mechlorethamine inhibits rapidly proliferating cells and can induce severe myelosuppression.  All patients sh...More,,DDInter1133
2,Bone Marrow Failure Disorders,Mechlorethamine induces leukopenia and thrombocytopenia.  Therapy should be administered cautiously in patients whose bone marrow reserve may be severely depressed by prior irradiation or chemotherapy...More,,DDInter1133
2,Anticholinergic Syndrome,"Antihistamines often have anticholinergic activity, to which elderly patients are particularly sensitive.  Therapy with antihistamines should be administered cautiously, if at all, in patients with pr...More",,DDInter1134
2,Asthma,"It has been suggested that the anticholinergic effect of antihistamines may reduce the volume and cause thickening of bronchial secretions, resulting in obstruction of respiratory tract.  Some manufac...More",,DDInter1134
2,Cardiovascular Diseases,"Antihistamines may infrequently cause cardiovascular adverse effects related to their anticholinergic and local anesthetic (quinidine-like) activities.  Tachycardia, palpitation, ECG changes, arrhythm...More",,DDInter1134
2,Liver Diseases,"Limited pharmacokinetic data are available for the older, first-generation antihistamines.  Many appear to be primarily metabolized by the liver, and both parent drugs and metabolites are excreted in ...More",,DDInter1134
3,Asthma,"Nonsteroidal anti-inflammatory drugs (NSAIDs) are contraindicated in patients with history of asthma, urticaria, or other allergic-type reactions after taking aspirin or other NSAIDs; severe, sometime...More",,DDInter1135
3,Water-Electrolyte Imbalance,Fluid retention and edema have been reported in association with the use of nonsteroidal anti-inflammatory drugs (NSAIDs).  Therapy with NSAIDs should be administered cautiously in patients with preex...More,,DDInter1135
3,Peptic Ulcer,"Nonsteroidal anti-inflammatory drugs (NSAIDs) can cause serious gastrointestinal (GI) adverse events including inflammation, bleeding, ulceration, and perforation of the esophagus, stomach, small inte...More",,DDInter1135
3,Exanthema,"Nonsteroidal anti-inflammatory drugs (NSAIDs) can cause serious skin adverse reactions (e.g., Stevens-Johnson syndrome, toxic epidermal necrolysis, and exfoliative dermatitis), which can be fatal.  Th...More",,DDInter1135
3,Kidney Diseases,Long-term use of nonsteroidal anti-inflammatory drugs (NSAIDs) has resulted in renal papillary necrosis and other renal injury.  Renal toxicity has been seen in patients in whom renal prostaglandins h...More,,DDInter1135
3,Thrombosis,"Nonsteroidal anti-inflammatory drugs (NSAIDs) cause an increased risk of serious cardiovascular thrombotic events, including myocardial infarction and stroke, which can be fatal.  This risk may occur ...More",,DDInter1135
2,Anemia,"Anemia has been reported in patients treated with nonsteroidal anti-inflammatory drugs (NSAIDs).  This may be due to fluid retention, occult/gross blood loss, or an incompletely described effect on er...More",,DDInter1135
2,Heart Failure,"Fluid retention and edema have been observed in patients treated with nonsteroidal anti-inflammatory drugs (NSAIDs), including some topical formulations.  These drugs should be avoided in patients wit...More",,DDInter1135
2,Liver Diseases,"Borderline elevations of 1 or more liver tests may occur in up to 15% of patients treated with nonsteroidal anti-inflammatory drugs (NSAIDs).  These laboratory abnormalities may progress, remain uncha...More",,DDInter1135
2,Hyperkalemia,"Increases in serum potassium concentration (including hyperkalemia) have been reported with use of nonsteroidal anti-inflammatory drugs (NSAIDs), even in some patients without renal impairment.  In pa...More",,DDInter1135
No matching records,,,,DDInter1136
3,Abnormal Genital Bleeding,The use of contraceptives is contraindicated when there is an undiagnosed abnormal genital bleeding.  Adequate diagnostic measures should be undertaken to rule out the presence of any malignancy.,,DDInter1137
3,Uterine Hemorrhage,"The use of estrogens is contraindicated in patients with undiagnosed, abnormal vaginal bleeding.  Prolonged (> 1 year), unopposed estrogen use (i.e. estrogen without concomitant progestin therapy) has...More",,DDInter1137
3,Breast Neoplasms,"The use of estrogens is generally contraindicated in patients with known or suspected estrogen-dependent neoplasia such as breast and endometrial cancer, since it may stimulate tumor proliferation.  H...More",,DDInter1137
3,Breast Neoplasms,"When treated with an estrogen, patients with breast cancer and bone metastases may develop severe hypercalcemia, in which case the drug should be stopped and measures be taken to reduce serum calcium ...More",,DDInter1137
3,Hypertension,"The risk of myocardial infarction and strokes, including those associated with oral contraceptive use and some estrogen use, is increased in patients with hypertension.  Moreover, estrogens (and proge...More",,DDInter1137
3,Thromboembolism,The use of estrogens is considered by manufacturers and some authorities to be contraindicated in patients with active thrombotic or thromboembolic disorders.  The use of estrogen-containing oral cont...More,,DDInter1137
3,Liver Neoplasms,"The use of oral contraceptives is contraindicated in patients with liver tumors.  An increased risk of benign hepatic adenomas and hepatocellular carcinomas has been associated with long-term, oral es...More",,DDInter1137
3,"Bone Diseases, Metabolic","The use of intramuscular medroxyprogesterone for contraception has been shown to induce bone loss, particularly during the early years of therapy.  With continued use, the decline in bone density subs...More",,DDInter1137
3,Menorrhagia,The use of medroxyprogesterone in women with undiagnosed vaginal bleeding is contraindicated.  Most women using medroxyprogesterone experience disruption of menstrual bleeding patterns.  Altered menst...More,,DDInter1137
3,Breast Neoplasms,The use of progestogens is considered by manufacturers to be contraindicated in patients with existing or suspected malignancy of the breast.  Some supportive data are available for medroxyprogesteron...More,,DDInter1137
No matching records,,,,DDInter1138
3,Asthma,"Nonsteroidal anti-inflammatory drugs (NSAIDs) are contraindicated in patients with history of asthma, urticaria, or other allergic-type reactions after taking aspirin or other NSAIDs; severe, sometime...More",,DDInter1139
3,Water-Electrolyte Imbalance,Fluid retention and edema have been reported in association with the use of nonsteroidal anti-inflammatory drugs (NSAIDs).  Therapy with NSAIDs should be administered cautiously in patients with preex...More,,DDInter1139
3,Peptic Ulcer,"Nonsteroidal anti-inflammatory drugs (NSAIDs) can cause serious gastrointestinal (GI) adverse events including inflammation, bleeding, ulceration, and perforation of the esophagus, stomach, small inte...More",,DDInter1139
3,Exanthema,"Nonsteroidal anti-inflammatory drugs (NSAIDs) can cause serious skin adverse reactions (e.g., Stevens-Johnson syndrome, toxic epidermal necrolysis, and exfoliative dermatitis), which can be fatal.  Th...More",,DDInter1139
3,Kidney Diseases,Long-term use of nonsteroidal anti-inflammatory drugs (NSAIDs) has resulted in renal papillary necrosis and other renal injury.  Renal toxicity has been seen in patients in whom renal prostaglandins h...More,,DDInter1139
3,Thrombosis,"Nonsteroidal anti-inflammatory drugs (NSAIDs) cause an increased risk of serious cardiovascular thrombotic events, including myocardial infarction and stroke, which can be fatal.  This risk may occur ...More",,DDInter1139
2,Anemia,"Anemia has been reported in patients treated with nonsteroidal anti-inflammatory drugs (NSAIDs).  This may be due to fluid retention, occult/gross blood loss, or an incompletely described effect on er...More",,DDInter1139
2,Heart Failure,"Fluid retention and edema have been observed in patients treated with nonsteroidal anti-inflammatory drugs (NSAIDs), including some topical formulations.  These drugs should be avoided in patients wit...More",,DDInter1139
2,Liver Diseases,"Borderline elevations of 1 or more liver tests may occur in up to 15% of patients treated with nonsteroidal anti-inflammatory drugs (NSAIDs).  These laboratory abnormalities may progress, remain uncha...More",,DDInter1139
2,Hyperkalemia,"Increases in serum potassium concentration (including hyperkalemia) have been reported with use of nonsteroidal anti-inflammatory drugs (NSAIDs), even in some patients without renal impairment.  In pa...More",,DDInter1139
3,Psychotic Disorders,"The use of mefloquine for malaria prophylaxis is contraindicated in patients with active depression, a recent history of depression, generalized anxiety disorder, psychosis, schizophrenia, or other ma...More",,DDInter1140
3,Seizures,The use of mefloquine for malaria prophylaxis is contraindicated in patients with a history of seizures.  Mefloquine can increase the risk of convulsions in patients with epilepsy and may lower the pl...More,,DDInter1140
2,Cardiac Conduction System Disease,Mefloquine is a myocardial depressant.  Animal studies with parenteral mefloquine indicate that the drug possesses 20% of the antifibrillatory action of quinidine and produces 50% of the increase in t...More,,DDInter1140
2,Liver Diseases,Mefloquine is primarily metabolized by the liver.  Patients with liver disease may be at greater risk for adverse effects from mefloquine due to decreased drug clearance.  Therapy with mefloquine shou...More,,DDInter1140
3,Thromboembolism,"The use of progestogens, in general, is considered by manufacturers to be contraindicated in patients with active thrombophlebitis, cerebrovascular disease, or a current or past history of thromboembo...More",,DDInter1141
2,Water-Electrolyte Imbalance,"Estrogens and progestogens may cause fluid retention, particularly when given in high dosages or for prolonged periods.  Therapy with these agents should be administered cautiously in patients who hav...More",,DDInter1141
2,Eye Diseases,Estrogens and progestogens may cause retinal thrombosis.  Oral contraceptives should be discontinued if there is unexplained partial or complete loss of vision; onset of proptosis or diplopia; papille...More,,DDInter1141
2,Diabetes Mellitus,"Megestrol, like other progestational agents, can cause glucose intolerance.  In addition, it may have glucocorticoid activity.  New onset diabetes and exacerbation of preexisting diabetes have been re...More",,DDInter1141
2,Cushing Syndrome,Megestrol appears to have glucocorticoid activity and may aggravate conditions of hyperadrenocorticalism.  Clinical cases of overt Cushing's syndrome and adrenal insufficiency have been reported in as...More,,DDInter1141
3,Depressive Disorder,"A variety of abnormal thinking and behavior changes have been reported to occur in association with the use of most anxiolytics, sedatives and hypnotics.  Some of these changes include decreased inhib...More",,DDInter1142
2,Glaucoma,"Some hypnotic drugs can have an anticholinergic effect and should be used with caution in patients with glaucoma, and trouble urinating due to retention or enlarged prostate.",,DDInter1142
2,Liver Diseases,"In general, anxiolytics, sedatives and hypnotics are extensively metabolized by the liver.  Their plasma clearance may be decreased and their half-life prolonged in patients with impaired hepatic func...More",,DDInter1142
3,Asthma,"Nonsteroidal anti-inflammatory drugs (NSAIDs) are contraindicated in patients with history of asthma, urticaria, or other allergic-type reactions after taking aspirin or other NSAIDs; severe, sometime...More",,DDInter1143
3,Water-Electrolyte Imbalance,Fluid retention and edema have been reported in association with the use of nonsteroidal anti-inflammatory drugs (NSAIDs).  Therapy with NSAIDs should be administered cautiously in patients with preex...More,,DDInter1143
3,Peptic Ulcer,"Nonsteroidal anti-inflammatory drugs (NSAIDs) can cause serious gastrointestinal (GI) adverse events including inflammation, bleeding, ulceration, and perforation of the esophagus, stomach, small inte...More",,DDInter1143
3,Exanthema,"Nonsteroidal anti-inflammatory drugs (NSAIDs) can cause serious skin adverse reactions (e.g., Stevens-Johnson syndrome, toxic epidermal necrolysis, and exfoliative dermatitis), which can be fatal.  Th...More",,DDInter1143
3,Kidney Diseases,Long-term use of nonsteroidal anti-inflammatory drugs (NSAIDs) has resulted in renal papillary necrosis and other renal injury.  Renal toxicity has been seen in patients in whom renal prostaglandins h...More,,DDInter1143
3,Thrombosis,"Nonsteroidal anti-inflammatory drugs (NSAIDs) cause an increased risk of serious cardiovascular thrombotic events, including myocardial infarction and stroke, which can be fatal.  This risk may occur ...More",,DDInter1143
2,Anemia,"Anemia has been reported in patients treated with nonsteroidal anti-inflammatory drugs (NSAIDs).  This may be due to fluid retention, occult/gross blood loss, or an incompletely described effect on er...More",,DDInter1143
2,Heart Failure,"Fluid retention and edema have been observed in patients treated with nonsteroidal anti-inflammatory drugs (NSAIDs), including some topical formulations.  These drugs should be avoided in patients wit...More",,DDInter1143
2,Liver Diseases,"Borderline elevations of 1 or more liver tests may occur in up to 15% of patients treated with nonsteroidal anti-inflammatory drugs (NSAIDs).  These laboratory abnormalities may progress, remain uncha...More",,DDInter1143
2,Hyperkalemia,"Increases in serum potassium concentration (including hyperkalemia) have been reported with use of nonsteroidal anti-inflammatory drugs (NSAIDs), even in some patients without renal impairment.  In pa...More",,DDInter1143
3,Infections,"Because of their cytotoxic effects on rapidly proliferating tissues, antineoplastic agents frequently can, to varying extent, induce myelosuppression.  The use of these drugs may be contraindicated in...More",,DDInter1144
3,Bone Marrow Failure Disorders,Bone marrow suppression is the most significant toxicity associated with melphalan in most patients.  The following tests should be performed at the start of therapy and prior to each subsequent dose ...More,,DDInter1144
2,Pulmonary Fibrosis,"Interstitial pneumonitis and/or fibrosis (including fatal outcomes), have been reported occasionally during melphalan therapy.  Therapy with melphalan should be administered cautiously in patients wit...More",,DDInter1144
2,Kidney Diseases,"The incidence of myelosuppression, particularly during IV administration of melphalan, is increased in patients with a BUN > 30 mg/dl.  Therapy with melphalan should be administered cautiously and ini...More",,DDInter1144
No matching records,,,,DDInter1145
2,Hepatic Insufficiency,Memantine should be used with caution in patients with severe hepatic impairment and a dosage reduction is recommended.  No dosage adjustment is needed in patients with mild or moderate hepatic impair...More,,DDInter1146
2,Kidney Diseases,Memantine renal clearance involves active tubular secretion moderated by pH dependent tubular reabsorption and conditions that raise urine pH may increase the plasma levels of memantine.  Therapy with...More,,DDInter1146
No matching records,,,,DDInter1147
3,Thromboembolism,"Thromboembolic events, including venous thrombophlebitis, pulmonary embolism, pulmonary infarction, cerebrovascular occlusion (stroke), and arterial occlusion resulting in loss of limb, have been repo...More",,DDInter1148
3,Thyroid Diseases,"The use of menotropins is contraindicated in patients with uncontrolled non- gonadal endocrinopathies such as thyroid, adrenal or pituitary disorders.",,DDInter1148
3,Central Nervous System Neoplasms,"The use of menotropins is contraindicated in patients with CNS lesions, such as pituitary gland or hypothalamus tumors.  Menotropins possess LH and FSH activity.",,DDInter1148
3,Uterine Hemorrhage,The use of menotropins is contraindicated in female patients with abnormal vaginal bleeding of undetermined origin.  Patients should be evaluated to ensure neoplastic lesions are not present.  The use...More,,DDInter1148
2,Lung Diseases,"Serious pulmonary conditions such as atelectasis, acute respiratory syndrome, and exacerbation of asthma have been reported in women treated with gonadotropins.  Caution and monitoring is advised if u...More",,DDInter1148
2,Liver Failure,"Safety, efficacy and pharmacokinetics of menotropins have not been established in women with renal or hepatic insufficiency.  Caution is advised.",,DDInter1148
No matching records,,,,DDInter1149
3,Gastrointestinal Diseases,"Narcotic (opioid) analgesic agents increase smooth muscle tone in the gastrointestinal tract and decrease peristalsis, which can lead to elevated intraluminal pressure, spasm, and constipation followi...More",,DDInter1150
3,Dysentery,"Narcotic (opioid) analgesic agents may prolong and/or worsen diarrhea associated with organisms that invade the intestinal mucosa, such as toxigenic E. coli, Salmonella, Shigella, and pseudomembranous...More",,DDInter1150
3,Liver Diseases,"Narcotic (opioid) analgesic agents are extensively metabolized by the liver, and several of them (e.g., codeine, hydrocodone, meperidine, methadone, morphine, propoxyphene) have active metabolites tha...More",,DDInter1150
3,Premature Birth,"The use of narcotic (opioid) analgesic agents is contraindicated in premature infants.  These agents may cross the immature blood-brain barrier to a greater extent than in adults, resulting in disprop...More",,DDInter1150
3,Alcoholic Intoxication,The use of opiate agonists is contraindicated in patients with acute alcohol intoxication exhibiting depressed vital signs.  The central nervous system depressant effects of opiate agonists may be add...More,,DDInter1150
3,Substance-Related Disorders,"Opiate agonists have the potential to cause dependence and abuse.  Tolerance as well as physical and psychological dependence can develop after prolonged use.  Abrupt cessation, reduction in dosage, o...More",,DDInter1150
3,Intestinal Obstruction,"Opioid agonists are contraindicated in patients with known or suspected gastrointestinal obstruction, including paralytic ileus.",,DDInter1150
3,Hypotension,"Opiate agonists can induce vasodilation and significant hypotension, particularly when given in high dosages and/or by rapid intravenous administration.  Opiate analgesics cause vasodilatation that ma...More",,DDInter1150
3,Intracranial Hypertension,"The hypoventilation associated with administration of opiate agonists, particularly by the intravenous route, can induce cerebral hypoxia and vasodilatation with resultant increase in intracranial pre...More",,DDInter1150
3,Respiratory Insufficiency,"Opiate agonists may produce significant central nervous system and respiratory depression of varying duration, particularly when given in high dosages and/or by rapid intravenous administration.  Apne...More",,DDInter1150
No matching records,,,,DDInter1151
No matching records,,,,DDInter1152
No matching records,,,,DDInter1153
3,Alcoholic Intoxication,"Anxiolytic, sedative, and hypnotic agents should generally not be given to patients with acute alcohol intoxication exhibiting depressed vital signs.  The central nervous system depressant effects of ...More",,DDInter1154
3,Depressive Disorder,"A variety of abnormal thinking and behavior changes have been reported to occur in association with the use of most anxiolytics, sedatives and hypnotics.  Some of these changes include decreased inhib...More",,DDInter1154
3,Substance-Related Disorders,"Anxiolytic, sedative, and hypnotic agents have the potential to cause dependence and abuse.  Tolerance as well as physical and psychological dependence can develop, particularly after prolonged use of...More",,DDInter1154
3,Porphyrias,The use of meprobamate is contraindicated in patients with acute intermittent porphyria.  Meprobamate has been reported to precipitate acute attacks of porphyria in susceptible patients.,,DDInter1154
2,Glaucoma,"Some hypnotic drugs can have an anticholinergic effect and should be used with caution in patients with glaucoma, and trouble urinating due to retention or enlarged prostate.",,DDInter1154
2,Liver Diseases,"In general, anxiolytics, sedatives and hypnotics are extensively metabolized by the liver.  Their plasma clearance may be decreased and their half-life prolonged in patients with impaired hepatic func...More",,DDInter1154
2,Liver Diseases,"Some anxiolytics, sedatives and hypnotics are extensively metabolized by the liver, and excreted in the urine.  Patients with impaired renal and/or hepatic function may be at greater risk for adverse ...More",,DDInter1154
2,Respiratory Insufficiency,"Oral anxiolytic, sedative, and hypnotic agents may cause respiratory depression and apnea when given in high dosages or following acute overdose.  However, some patients may be susceptible at commonly...More",,DDInter1154
2,Epilepsy,Meprobamate may occasionally precipitate seizures in epileptic patients.  Therapy with meprobamate should be administered cautiously in patients with a history of epilepsy.,,DDInter1154
No matching records,,,,DDInter1155
3,Infections,"Because of their cytotoxic effects on rapidly proliferating tissues, antineoplastic agents frequently can, to varying extent, induce myelosuppression.  The use of these drugs may be contraindicated in...More",,DDInter1156
3,Liver Diseases,"Mercaptopurine is hepatotoxic.  Hepatic injury can occur at any dosage, however, increased frequency of injury occurs when doses exceed 2.5 mg/kg/day.  Deaths due to hepatic necrosis have been reporte...More",,DDInter1156
3,Bone Marrow Failure Disorders,"Mercaptopurine induces dose-related myelosuppression which can be delayed.  Leukopenia, thrombocytopenia, and anemia have been reported during mercaptopurine therapy.  Therapy should be administered c...More",,DDInter1156
3,Thiopurine S methyltranferase deficiency,Thioguanine is closely related structurally and functionally to mercaptopurine.  A rare deficiency in the enzyme thiopurine methyltransferase (TMPT) results in an increased sensitivity to the myelosup...More,,DDInter1156
2,Kidney Diseases,Mercaptopurine is excreted in the urine as unchanged drug and metabolites.  Renal elimination may be reduced in patients with impaired renal function.  Therapy with mercaptopurine should be initiated ...More,,DDInter1156
3,Colitis,"Clostridioides difficile-associated diarrhea (CDAD), formerly pseudomembranous colitis, has been reported with almost all antibacterial drugs and may range from mild diarrhea to fatal colitis.  The mo...More",,DDInter1157
3,Kidney Diseases,"Carbapenems are primarily eliminated by the kidney.  Patients with renal impairment may be at greater risk for adverse effects from carbapenems, including seizures and other central nervous system dis...More",,DDInter1157
2,Central Nervous System Diseases,"The intravenous use of carbapenems has been associated with central nervous system adverse effects such as seizures (up to 1.5%) and, less frequently, somnolence, encephalopathy, myoclonus, tremor, pa...More",,DDInter1157
2,Diseases requiring hemodialysis,"In patients undergoing hemodialysis, carbapenems are recommended only if the benefit outweighs the potential risk of seizures.  Carbapenems are removed by hemodialysis and should be administered after...More",,DDInter1157
2,Heart Failure,Parenteral meropenem is formulated with sodium carbonate to adjust the pH of the reconstituted solution and contains 90.2 mg (3.92 mEq) of sodium per each gram of meropenem activity.  The sodium conte...More,,DDInter1157
2,Liver Diseases,"The use of mesalamine and other compounds which contain or are converted to mesalamine has been associated with hepatic adverse effects, including hepatic failure.  Therapy with mesalamine and prodrug...More",,DDInter1158
2,Kidney Diseases,"The use of mesalamine and other compounds which contain or are converted to mesalamine has rarely been associated with renal adverse effects, including minimal change nephropathy, acute and chronic in...More",,DDInter1158
3,Dementia,"Older patients with dementia-related psychosis treated with antipsychotic drugs are at an increased risk of death; although the causes were varied, most of the deaths appeared to be either cardiovascu...More",,DDInter1159
3,Alcoholic Intoxication,The use of phenothiazines is contraindicated in patients with acute alcohol intoxication exhibiting depressed vital signs.  The central nervous system depressant effects of phenothiazines may be addit...More,,DDInter1159
3,Cardiovascular Diseases,"Phenothiazines may cause hypotension (including orthostatic hypotension), reflex tachycardia, increased pulse rate, syncope, and dizziness, particularly after the first parenteral dose but rarely afte...More",,DDInter1159
3,Respiratory Insufficiency,The use of phenothiazines is contraindicated in comatose patients and patients with severe central nervous system depression.  Phenothiazines may potentiate the CNS and respiratory depression in these...More,,DDInter1159
3,Craniocerebral Trauma,"The use of phenothiazines is contraindicated in patients with suspected or established subcortical brain damage, with or without hypothalamic involvement.  Phenothiazines can interfere with thermoregu...More",,DDInter1159
2,Anticholinergic Syndrome,"Phenothiazines have anticholinergic activity, to which elderly patients are particularly sensitive.  Low-potency agents such as chlorpromazine and thioridazine tend to exhibit greater anticholinergic ...More",,DDInter1159
2,Breast Neoplasms,"The chronic use of phenothiazines is associated with persistent elevations in prolactin levels.  Based on in vitro data, approximately one-third of human breast cancers are thought to be prolactin-dep...More",,DDInter1159
2,Dystonic Disorders,"Phenothiazines may cause acute, dose-related dystonic reactions secondary to central dopaminergic blockade.  These reactions are characterized by spastic contraction of discrete muscle groups and may ...More",,DDInter1159
2,Hematologic Diseases,"Phenothiazines may infrequently cause hematologic toxicity, including agranulocytosis, thrombocytopenia, eosinophilia, aplastic anemia, purpura, granulocytopenia, and hemolytic anemia.  Mild leukopeni...More",,DDInter1159
2,Liver Diseases,"Phenothiazines are extensively metabolized by the liver and may accumulate in patients with hepatic impairment.  In addition, the use of some phenothiazines has been associated with adverse hepatic ef...More",,DDInter1159
No matching records,,,,DDInter1160
3,Cardiovascular Diseases,"The use of amphetamines and amphetamine-like drugs is contraindicated in patients with advanced arteriosclerosis, symptomatic or unstable cardio- or cerebrovascular disease, moderate to severe hyperte...More",,DDInter1161
3,Glaucoma,"The use of amphetamines and amphetamine-like drugs is contraindicated in patients with narrow-angle glaucoma or anatomically narrow angles.  Like other sympathomimetic amines, amphetamines can induce ...More",,DDInter1161
3,Mental Disorders,"The use of central nervous system (CNS) stimulants is contraindicated in patients with marked agitation and/or anxiety, since these symptoms may be aggravated.  CNS stimulants may also exacerbate symp...More",,DDInter1161
3,Heart Diseases,"The use of CNS stimulants is contraindicated in patients with significant cardiovascular impairment such as uncompensated heart failure, severe coronary disease, severe hypertension (including that as...More",,DDInter1161
3,Hypertension,"CNS stimulant medications have shown to increase blood pressure, and their use might be contraindicated in patients with severe hypertension.  Caution should be used when administering to patients wit...More",,DDInter1161
3,Liver Diseases,"In general, CNS stimulants are extensively metabolized by the liver.  Their plasma clearance may be decreased and their half-life prolonged in patients with impaired hepatic function.  Therapy with CN...More",,DDInter1161
3,Mental Disorders,"The use of CNS stimulants can cause psychotic or maniac symptoms, suicidal ideation, aggression and can exacerbate symptoms of behavior disturbance and thought disorder.  Psychiatric symptoms have bee...More",,DDInter1161
3,Substance-Related Disorders,"Central nervous system (CNS) stimulants, especially amphetamines, have significant potential for habituation and abuse.  Tolerance, psychological dependence and severe social dysfunction can develop a...More",,DDInter1161
3,Tics,"Central nervous system (CNS) stimulants have been reported to exacerbate Tourette's syndrome and other motor and phonic tics.  Therapy with CNS stimulants, if necessary, should be administered cautiou...More",,DDInter1161
2,Bipolar Disorder,"Central nervous system (CNS) stimulants may induce a mixed/manic episode in patients with bipolar disorder.  Prior to initiating treatment, screen patients for risk factors for developing a manic epis...More",,DDInter1161
No matching records,,,,DDInter1162
3,Anemia,"The manufacturer considers the use of metaxalone to be contraindicated in patients with or predisposed to drug-induced, hemolytic, or other anemias.  Rare incidences of hemolytic anemia have been asso...More",,DDInter1163
3,Liver Diseases,The manufacturer considers the use of metaxalone to be contraindicated in patients with severely impaired hepatic and/or renal function.  Metaxalone is metabolized by the liver and subsequently elimin...More,,DDInter1163
3,"Acidosis, Lactic","The use of metformin is contraindicated in patients with renal dysfunction (serum creatinine >= 1.5 mg/dL in males and 1.4 mg/dL in females, or above the upper limit of normal for age); congestive hea...More",,DDInter1164
3,Cardiovascular Diseases,The use of oral hypoglycemic agents may be associated with an increased risk of cardiovascular mortality compared to treatment with diet alone or diet with insulin.  This warning is based on the Unive...More,,DDInter1164
2,Hypoglycemia,Hypoglycemia may commonly occur during treatment with insulin and/or oral hypoglycemic agents.  Care should be taken in patients who may be particularly susceptible to the development of hypoglycemic ...More,,DDInter1164
2,Vitamin B 12 Deficiency,Metformin may interfere with vitamin B12 (cyanocobalamin) absorption from the B12-intrinsic factor complex.  A decrease to subnormal levels of previously normal serum B12 levels has been reported in a...More,,DDInter1164
No matching records,,,,DDInter1165
3,Gastrointestinal Diseases,"Narcotic (opioid) analgesic agents increase smooth muscle tone in the gastrointestinal tract and decrease peristalsis, which can lead to elevated intraluminal pressure, spasm, and constipation followi...More",,DDInter1166
3,Dysentery,"Narcotic (opioid) analgesic agents may prolong and/or worsen diarrhea associated with organisms that invade the intestinal mucosa, such as toxigenic E. coli, Salmonella, Shigella, and pseudomembranous...More",,DDInter1166
3,Liver Diseases,"Narcotic (opioid) analgesic agents are extensively metabolized by the liver, and several of them (e.g., codeine, hydrocodone, meperidine, methadone, morphine, propoxyphene) have active metabolites tha...More",,DDInter1166
3,Premature Birth,"The use of narcotic (opioid) analgesic agents is contraindicated in premature infants.  These agents may cross the immature blood-brain barrier to a greater extent than in adults, resulting in disprop...More",,DDInter1166
3,Alcoholic Intoxication,The use of opiate agonists is contraindicated in patients with acute alcohol intoxication exhibiting depressed vital signs.  The central nervous system depressant effects of opiate agonists may be add...More,,DDInter1166
3,Substance-Related Disorders,"Opiate agonists have the potential to cause dependence and abuse.  Tolerance as well as physical and psychological dependence can develop after prolonged use.  Abrupt cessation, reduction in dosage, o...More",,DDInter1166
3,Intestinal Obstruction,"Opioid agonists are contraindicated in patients with known or suspected gastrointestinal obstruction, including paralytic ileus.",,DDInter1166
3,Hypotension,"Opiate agonists can induce vasodilation and significant hypotension, particularly when given in high dosages and/or by rapid intravenous administration.  Opiate analgesics cause vasodilatation that ma...More",,DDInter1166
3,Intracranial Hypertension,"The hypoventilation associated with administration of opiate agonists, particularly by the intravenous route, can induce cerebral hypoxia and vasodilatation with resultant increase in intracranial pre...More",,DDInter1166
3,Respiratory Insufficiency,"Opiate agonists may produce significant central nervous system and respiratory depression of varying duration, particularly when given in high dosages and/or by rapid intravenous administration.  Apne...More",,DDInter1166
3,Bone Marrow Failure Disorders,"The use of carbonic anhydrase inhibitors may rarely cause bone marrow suppression and blood dyscrasias at recommended dosages.  Aplastic anemia, thrombocytopenia or thrombocytopenia purpura, leukopeni...More",,DDInter1167
3,Adrenal Insufficiency,The use of carbonic anhydrase inhibitors is contraindicated in patients with adrenal insufficiency.  The carbonic anhydrase inhibitor effect may exacerbate electrolyte problems that can occur with pri...More,,DDInter1167
3,"Glaucoma, Angle-Closure",The use of carbonic anhydrase inhibitors is contraindicated in patients with closed-angle glaucoma.  Carbonic anhydrase inhibitors may mask worsening glaucoma due to decreased intraocular pressure.  E...More,,DDInter1167
3,Hypokalemia,The use of carbonic anhydrase inhibitors is contraindicated in patients with hypokalemia .  Carbonic anhydrase inhibitors may cause increased potassium excretion.  Extreme caution should be exercised ...More,,DDInter1167
3,Hyponatremia,The use of carbonic anhydrase inhibitors is contraindicated in patients with hyponatremia .  Carbonic anhydrase inhibitors may cause sodium excretion.  Extreme caution should be exercised if a carboni...More,,DDInter1167
3,Kidney Diseases,"The use of some carbonic anhydrase inhibitors is contraindicated in patients with severe kidney disease.  Dysuria, crystalluria, renal colic, and other renal lesions have been reported during therapy ...More",,DDInter1167
3,Liver Failure,The use of carbonic anhydrase inhibitors is contraindicated in patients with marked liver disease or cirrhosis.  Carbonic anhydrase inhibitors increase the risk of developing hepatic encephalopathy in...More,,DDInter1167
2,"Acidosis, Respiratory",Carbonic anhydrase inhibitors may exacerbate pulmonary disease in patients with elevated pCO2 levels.  Respiratory acidosis may be precipitated or increased in these patients.  Therapy with carbonic a...More,,DDInter1167
2,Diabetes Mellitus,"Elevation of blood glucose, possibly caused by hypokalemia, and glycosuria have been reported rarely in diabetics receiving carbonic anhydrase inhibitors.  Therapy with carbonic anhydrase inhibitors s...More",,DDInter1167
2,Gout,"Uric acid excretion is decreased during therapy with carbonic anhydrase inhibitors, and gout may be exacerbated.  Therapy with carbonic anhydrase inhibitors should be administered cautiously in patien...More",,DDInter1167
No matching records,,,,DDInter1168
3,Crystalluria,"The use of methenamine salts (i.e. methenamine hippurate or mandelate), but not the base, is contraindicated in patients with severe renal impairment or dehydration.  Methenamine is excreted by the ki...More",,DDInter1169
3,Gout,"Methenamine mandelate (salts), should be avoided in patients with gout as it may precipitate urate crystals in their urine.  A similar situation may arise in patients with a predisposition to the form...More",,DDInter1169
3,Liver Diseases,The use of methenamine and its salts (i.e. methenamine hippurate or mandelate) is contraindicated in patients with severe hepatic impairment.  Methenamine is hydrolyzed to ammonia and formaldehyde in ...More,,DDInter1169
3,Hematologic Diseases,"The use of thioamide antithyroid agents may infrequently be associated with the development of blood dyscrasias, primarily agranulocytosis but also leukopenia, thrombocytopenia, and aplastic anemia.  ...More",,DDInter1170
3,Liver Diseases,"The use of thioamide antithyroid agents has been associated with hepatotoxic effects, including transient elevations of serum transaminases and, rarely, cholestatic jaundice, fulminant hepatitis, hepa...More",,DDInter1170
3,Hemorrhagic Disorders,Thioamide antithyroid agents may interfere with the action of vitamin K and have been reported in isolated cases to induce hypoprothombinemia and bleeding.  Myelosuppression rarely resulting in thromb...More,,DDInter1170
No matching records,,,,DDInter1171
3,Kidney Diseases,The injectable formulation of methocarbamol is contraindicated for use in patients with impaired renal function due to the nephrotoxic potential of polyethylene glycol (PEG) 300 present in the vehicle...More,,DDInter1172
2,Seizures,"Seizures have occurred during the intravenous administration of methocarbamol.  In some cases, the patient had a known history of epilepsy, and the psychic trauma of the procedure may have been a cont...More",,DDInter1172
No matching records,,,,DDInter1173
3,Infections,"Because of their cytotoxic effects on rapidly proliferating tissues, antineoplastic agents frequently can, to varying extent, induce myelosuppression.  The use of these drugs may be contraindicated in...More",,DDInter1174
3,Liver Diseases,"The use of methotrexate is contraindicated as treatment for psoriasis or rheumatoid arthritis in patients with alcoholism, alcoholic liver disease or other chronic liver diseases.  Methotrexate causes...More",,DDInter1174
3,Bone Marrow Failure Disorders,"Methotrexate can induce myelosuppression causing leukopenia, thrombocytopenia, neutropenia, pancytopenia and anemia.  Therapy with methotrexate is contraindicated as treatment of psoriasis in patients...More",,DDInter1174
3,Kidney Diseases,Methotrexate is primarily eliminated by the kidney via glomerular filtration and active secretion.  Clearance rates for methotrexate vary and at higher doses are generally decreased due to saturation ...More,,DDInter1174
3,Stomatitis,Methotrexate induces stomatitis within the oral mucosa and gastrointestinal tract.  Therapy with methotrexate should be administered with extreme caution in patients with peptic ulcer disease or ulcer...More,,DDInter1174
No matching records,,,,DDInter1175
No matching records,,,,DDInter1176
3,Aphakia,The use of methoxsalen (a psoralen) with ultraviolet radiation (UVA) is contraindicated in patients with aphakia.  The potential for retinal damage with PUVA (psoralen and UVA photochemotherapy) may b...More,,DDInter1177
3,Photosensitivity Disorders,The use of methoxsalen with ultraviolet radiation is contraindicated in patients with a history of photosensitive disease states.  Methoxsalen is a potent photosensitizer that can induce severe burns ...More,,DDInter1177
3,Skin Neoplasms,"The use of methoxsalen (a psoralen) with ultraviolet radiation (UVA) is contraindicated in patients with melanoma, invasive squamous cell carcinomas, or a history of melanoma.  PUVA (psoralen and UVA ...More",,DDInter1177
2,Heart Diseases,"Patients with cardiac disease may not be able to tolerate prolonged standing or exposure to heat stress required of treatment in a vertical UVA chamber.  Therapy with methoxsalen, if used in patients ...More",,DDInter1177
2,Liver Diseases,Patients with hepatic insufficiency should be treated with caution since hepatic biotransformation is necessary for drug urinary excretion.,,DDInter1177
2,Skin Neoplasms,"PUVA (psoralen and UVA photochemotherapy) may be associated with increased risks of squamous cell carcinoma, basal cell carcinoma and melanoma.  Methoxsalen, a psoralen, markedly enhances skin reactiv...More",,DDInter1177
2,Sunburn,"Patients presenting with a sunburn should not be treated with methoxsalen (a psoralen) and ultraviolet radiation (UVA), since it may be difficult to evaluate the response of these patients to therapy....More",,DDInter1177
3,Photosensitivity Disorders,The use of methoxsalen with ultraviolet radiation is contraindicated in patients with a history of photosensitive disease states.  Methoxsalen is a potent photosensitizer that can induce severe burns ...More,,DDInter1178
3,Skin Neoplasms,"The use of methoxsalen (a psoralen) with ultraviolet radiation (UVA) is contraindicated in patients with melanoma, invasive squamous cell carcinomas, or a history of melanoma.  PUVA (psoralen and UVA ...More",,DDInter1178
2,Skin Neoplasms,"PUVA (psoralen and UVA photochemotherapy) may be associated with increased risks of squamous cell carcinoma, basal cell carcinoma and melanoma.  Methoxsalen, a psoralen, markedly enhances skin reactiv...More",,DDInter1178
2,Sunburn,"Patients presenting with a sunburn should not be treated with methoxsalen (a psoralen) and ultraviolet radiation (UVA), since it may be difficult to evaluate the response of these patients to therapy....More",,DDInter1178
No matching records,,,,DDInter1179
3,Diabetic Neuropathies,"Agents with anticholinergic activity can exacerbate many of the manifestations of autonomic neuropathy, including tachycardia, anhidrosis, bladder atony, obstipation, dry mouth and eyes, cycloplegia a...More",,DDInter1180
3,Intestinal Obstruction,"Anticholinergics are contraindicated in patients with obstructive diseases such as achalasia, esophageal stricture or stenosis, pyloroduodenal stenosis, stenosing peptic ulcer, pyloric obstruction, an...More",,DDInter1180
3,Glaucoma,"Anticholinergic agents are contraindicated in patients with primary glaucoma, a tendency toward glaucoma (narrow anterior chamber angle), or adhesions (synechiae) between the iris and lens, as well as...More",,DDInter1180
3,Urinary Bladder Neck Obstruction,"In general, the use of anticholinergic agents is contraindicated in patients with urinary retention and bladder neck obstruction caused by prostatic hypertrophy.  Dysuria may occur and may require cat...More",,DDInter1180
3,Lung Diseases,"The use of systemic anticholinergics is contraindicated in the treatment of lower respiratory tract symptoms including asthma.  Muscarinic receptor antagonists reduce bronchial secretions, which can r...More",,DDInter1180
3,Myasthenia Gravis,"Because antimuscarinic agents have anticholinergic effects, they are contraindicated in patients with myasthenia gravis.  Their use may be appropriate to reduce adverse muscarinic effects caused by an...More",,DDInter1180
3,Dysentery,"The use of drugs with antiperistaltic activity (primarily antidiarrheal and antimuscarinic agents, but also antispasmodic agents such as dicyclomine or oxybutynin at high dosages) is contraindicated i...More",,DDInter1180
2,Heart Diseases,"Anticholinergics block vagal inhibition of the SA nodal pacemaker.  Therapy with anticholinergics should be administered cautiously to patients with tachycardia, congestive heart failure, or coronary ...More",,DDInter1180
2,Tachycardia,"Anticholinergics block vagal inhibition of the SA nodal pacemaker.  Therapy with anticholinergics should be administered cautiously in patients with tachycardia, congestive heart failure, or coronary ...More",,DDInter1180
2,Coronary Artery Disease,"Antimuscarinic agents block vagal inhibition of the SA nodal pacemaker.  These agents should be administered cautiously in patients with tachycardia, congestive heart failure, or coronary artery disea...More",,DDInter1180
3,Hematologic Diseases,"Hematologic toxicities, some with fatal outcome, have been associated with the use of succinimide anticonvulsants.  Leukopenia, agranulocytosis, aplastic anemia, thrombocytopenia, pancytopenia, and eo...More",,DDInter1181
3,Liver Diseases,"Succinimide anticonvulsants have produced morphological and functional changes in the liver of animals.  In humans, abnormalities in liver and renal function studies have been reported.  Therapy with ...More",,DDInter1181
3,"Lupus Erythematosus, Systemic","Cases of systemic lupus erythematosus (SLE) have been reported in association with the use of succinimide anticonvulsants, primarily ethosuximide.  Some of the patients recovered promptly following di...More",,DDInter1181
2,Depressive Disorder,Antiepileptic drugs (AEDs) have been associated with an increased risk of suicidal thoughts or behavior in patients taking these drugs for any indication.  Pooled analyses of 199 placebo-controlled cl...More,,DDInter1181
No matching records,,,,DDInter1182
No matching records,,,,DDInter1183
3,Intestinal Obstruction,The use of bulk producing laxatives is contraindicated in patients with intestinal obstruction or fecal impaction.  Bulk producing laxatives can exacerbate these conditions.,,DDInter1184
3,Inflammatory Bowel Diseases,The use of laxatives is contraindicated in patients with inflammatory bowel disease.  Patients with inflammatory bowel disease may experience colonic perforation with use of stimulant laxatives.,,DDInter1184
3,Intestinal Obstruction,The use of laxatives is contraindicated in patients with intestinal obstruction disorders.  Patients with intestinal obstruction disorders may need their underlying condition treated to correct the co...More,,DDInter1184
2,Kidney Diseases,Bulk producing laxatives require the consumption of at least 8 ounces of fluid per each dose.  Patients with fluid restriction conditions such as renal dysfunction may benefit more from emollient or s...More,,DDInter1184
3,Liver Diseases,"The use of methyldopa is contraindicated in patients with active liver disease, such as active hepatitis or active cirrhosis, and in patients with previous methyldopa- associated liver disorders.  Hep...More",,DDInter1185
2,Cerebrovascular Disorders,"Rarely, involuntary choreoathetotic movements have been observed during therapy with methyldopa in patients with severe bilateral cerebrovascular disease.  If these movements occur, therapy should be ...More",,DDInter1185
2,Diseases requiring dialysis,Methyldopa is removed by dialysis.  Patients receiving methyldopa and undergoing dialysis may occasionally become hypertensive.,,DDInter1185
2,"Anemia, Hemolytic",Hemolytic anemia has occurred rarely during therapy with methyldopa and may be associated with a (+) direct Coombs.  Therapy with methyldopa should be administered cautiously to patients with anemia o...More,,DDInter1185
2,Leukopenia,"Rare reports of reversible reduction in white blood cell count, primarily neutrophils, have been noted.  White blood cell counts returned to normal with discontinuation of methyldopa.  Therapy with me...More",,DDInter1185
2,Edema,Methyldopa may cause edema or weight gain associated with sodium retention.  Therapy with methyldopa should be administered cautiously in patients adversely affected by sodium and water retention.,,DDInter1185
2,Pheochromocytoma,"Methyldopa causes fluorescence in urine samples at the same wave lengths as catecholamines, falsely high levels of urinary catecholamines may be reported.  This will interfere with the diagnosis of ph...More",,DDInter1185
1,Psychotic Disorders,"Rare symptoms of psychoses, such as hallucinations and delirium, and vivid dreams and nightmares have been reported during methyldopa therapy.  Therapy with methyldopa should be administered cautiousl...More",,DDInter1185
No matching records,,,,DDInter1186
3,Cardiotoxicity,"The amine ergot alkaloids, ergonovine and methylergonovine, can cause serious cardiovascular complications because of their vasospastic effects.  Hypertension (more often with ergonovine) has been mos...More",,DDInter1187
3,Hypertension,"The use of the amine ergot alkaloids, ergonovine and methylergonovine, is considered by some clinicians to be contraindicated in patients with hypertension.  These agents can cause hypertension, parti...More",,DDInter1187
2,Liver Diseases,"The amine ergot alkaloids, ergonovine and methylergonovine, appear to be eliminated by both renal and hepatic routes.  Patients with renal and/or liver disease may be at greater risk for adverse effec...More",,DDInter1187
3,Intestinal Obstruction,"Peripheral opioid receptor antagonists are contraindicated in patients with known or suspected gastrointestinal obstruction, and in patients at increased risk of recurrent obstruction, due to the pote...More",,DDInter1188
2,Hepatic Insufficiency,"Studies have shown a significant increase in systemic exposure of methylnaltrexone in patients with moderate and severe hepatic impairment, compared to subjects with normal hepatic function.  A dosage...More",,DDInter1188
2,Kidney Diseases,"Patients with moderate, severe and end-stage renal disease have shown to exhibit markedly higher systemic exposure to peripheral opioid receptor antagonists such as methylnaltrexone and naloxegol, com...More",,DDInter1188
No matching records,,,,DDInter1190
3,Infections,"The immunosuppressant and anti-inflammatory effects of corticosteroids, particularly in higher dosages, may decrease host resistance to infectious agents, decrease the ability to localize infections, ...More",,DDInter1191
3,Premature Birth,"The use of certain parenteral formulations of dexamethasone, hydrocortisone, methylprednisolone, prednisolone and triamcinolone is considered by the drug manufacturers to be contraindicated in neonate...More",,DDInter1191
2,Latent Tuberculosis,"In patients with latent tuberculosis or tuberculin reactivity, the use of pharmacologic dosages of corticosteroids may cause a reactivation of the disease.  Close monitoring for signs and symptoms of ...More",,DDInter1191
2,Fibrosis,Corticosteroids may have enhanced effects on patients with cirrhosis due to decreased metabolism of these agents.  Patients with cirrhosis should be monitored more closely for excessive cortisol effec...More,,DDInter1191
2,Psychotic Disorders,Corticosteroids may aggravate the symptoms of psychosis and emotional instability.  Patients with these conditions should be monitored for increased or worsened symptoms during corticosteroid therapy.,,DDInter1191
2,Diabetes Mellitus,"Corticosteroids can raise blood glucose level by antagonizing the action and suppressing the secretion of insulin, which results in inhibition of peripheral glucose uptake and increased gluconeogenesi...More",,DDInter1191
2,Water-Electrolyte Imbalance,"Corticosteroids can cause hypernatremia, hypokalemia, and fluid retention.  These mineralocorticoid effects are most significant with fludrocortisone, followed by hydrocortisone and cortisone, then by...More",,DDInter1191
2,Water-Electrolyte Imbalance,"Corticosteroids may cause hypernatremia, hypokalemia, fluid retention, and elevation in blood pressure.  These mineralocorticoid effects are most significant with fludrocortisone, followed by hydrocor...More",,DDInter1191
2,Peptic Ulcer Perforation,"Corticosteroids may cause gastrointestinal perforation and hemorrhage, usually when given in high dosages or for prolonged periods.  They may also mask symptoms of complications such as peritonitis or...More",,DDInter1191
2,Cushing Syndrome,Corticosteroids mimic the effects of endogenous cortisol and aldosterone.  Use of these agents may aggravate conditions of hyperadrenocorticalism in a dose-dependent manner.,,DDInter1191
No matching records,,,,DDInter1192
3,Prostatic Neoplasms,The use of androgenic anabolic steroids is contraindicated for male patients with carcinoma of the breast or prostate.  Circulating androgens can be converted in peripheral tissues to estrogens and di...More,,DDInter1193
3,Water-Electrolyte Imbalance,"Androgenic anabolic steroids may cause sodium and water retention, particularly when given in high dosages or for prolonged periods.  Therapy with these agents should be administered cautiously in pat...More",,DDInter1193
3,Breast Neoplasms,"When treated with androgenic anabolic steroids, patients with metastatic breast cancer may develop hypercalcemia due to osteolysis.  Frequent determination of urine and serum calcium levels is recomme...More",,DDInter1193
3,Hyperlipoproteinemias,"Androgenic anabolic steroids may adversely affect serum lipids, including lowering HDL and elevating LDL levels.  These changes can be marked, particularly with the 17-alpha-alkyl derivatives (i.e., f...More",,DDInter1193
3,Liver Diseases,"The use of androgenic anabolic steroids may be associated with development of cholestatic hepatitis and jaundice.  Other, more serious hepatotoxicities such as peliosis hepatis and hepatocellular neop...More",,DDInter1193
3,Polycythemia,Androgenic anabolic steroids may cause polycythemia when given in high dosages or for prolonged periods.  Patients with preexisting polycythemia may experience worsening of their condition.  Frequent ...More,,DDInter1193
3,Blood Coagulation Disorders,"Androgenic anabolic steroids may cause suppression of clotting factors II, V, VII, and X, and an increase in prothrombin time.  Androgen therapy should be administered cautiously in patients with blee...More",,DDInter1193
2,Diabetes Mellitus,The metabolic effects of androgenic anabolic steroids may lower blood glucose.  Decreased glucose tolerance and increased insulin resistance have also been reported.  Patients with diabetes mellitus s...More,,DDInter1193
2,Hypercalcemia,"Androgenic anabolic steroids decrease urinary excretion of calcium, which may result in hypercalcemia.  Therapy with androgenic agents should be administered cautiously in patients with hypercalcemia,...More",,DDInter1193
1,Thyroid Diseases,"When androgenic anabolic steroids are used in patients with thyroid disorders, clinicians should be aware that these agents may affect thyroid function tests.  Specifically, thyroid-binding globulin l...More",,DDInter1193
No matching records,,,,DDInter1194
No matching records,,,,DDInter1195
No matching records,,,,DDInter1196
3,Depressive Disorder,Metoclopramide has been reported to cause mental depression in patients with and without a prior history of depression.  Symptoms have ranged from mild to severe and have included suicidal ideation an...More,,DDInter1197
3,Gastrointestinal Diseases,"The use of metoclopramide is contraindicated in patients with conditions where stimulation of gastrointestinal motility might be harmful, such as mechanical bowel obstruction, bowel perforation, or ga...More",,DDInter1197
3,Neuroleptic Malignant Syndrome,"Although not a neuroleptic agent, metoclopramide has antidopaminergic effects and may rarely precipitate or aggravate a potentially fatal symptom complex known as Neuroleptic Malignant Syndrome (NMS)....More",,DDInter1197
3,Pheochromocytoma,"The use of metoclopramide is contraindicated in patients with pheochromocytoma.  In a study involving patients with essential hypertension, intravenously administered metoclopramide was shown to induc...More",,DDInter1197
3,Seizures,The use of metoclopramide is contraindicated in patients with seizure disorders.  Metoclopramide may increase the frequency and severity of seizures.,,DDInter1197
3,Tardive Dyskinesia,"Metoclopramide may precipitate symptoms of tardive dyskinesia (TD) following chronic administration.  Elderly patients, particularly women, are most susceptible.  Both the risk of developing TD and th...More",,DDInter1197
2,Water-Electrolyte Imbalance,Metoclopramide produces a transient increase in plasma aldosterone and may cause fluid retention and volume overload in susceptible patients.  Therapy with metoclopramide should be administered cautio...More,,DDInter1197
2,Hypertension,"In a study involving patients with essential hypertension, intravenously administered metoclopramide was shown to induce the release of catecholamines.  Therapy with metoclopramide should be administe...More",,DDInter1197
2,Parkinsonian Disorders,"Metoclopramide has antidopaminergic effects and may cause parkinsonian-like symptoms such as akinesia, bradykinesia, tremors, pill-rolling motion, cogwheel rigidity, and postural abnormalities includi...More",,DDInter1197
2,Kidney Diseases,"Renal function affects the clearance of metoclopramide.  In patients with varying degrees of renal impairment, a reduction in creatinine clearance was correlated with a reduction in plasma clearance, ...More",,DDInter1197
No matching records,,,,DDInter1198
3,Anuria,The use of thiazide diuretics is contraindicated in patients with anuria.,,DDInter1199
3,Water-Electrolyte Imbalance,"The use of thiazide diuretics is commonly associated with loss of electrolytes, most significantly potassium but also sodium, chloride, bicarbonate, and magnesium.  The loss of other electrolytes such...More",,DDInter1199
3,Liver Diseases,Patients with severe liver disease or cirrhosis are very susceptible to thiazide-induced hypokalemic hypochloremic alkalosis.  Blood ammonia concentrations may be further increased in patients with pr...More,,DDInter1199
3,"Lupus Erythematosus, Systemic",The use of thiazide diuretics has been reported to possibly exacerbate or activate systemic lupus erythematosus.  Reported cases have generally been associated with chlorothiazide and hydrochlorothiaz...More,,DDInter1199
3,"Kidney Failure, Chronic","Thiazide diuretics may be ineffective when the glomerular filtration rate is low (GFR < 25 mL/min) because they are not expected to be filtered into the renal tubule, their site of action.  In additio...More",,DDInter1199
2,Asthma,Thiazide diuretics should be used with caution in patients with history of bronchial asthma as sensitivity reactions may occur.,,DDInter1199
2,Diabetes Mellitus,Thiazide diuretics may cause hyperglycemia and glycosuria in patients with diabetes.  They may also precipitate diabetes in prediabetic patients.  These effects are usually reversible following discon...More,,DDInter1199
2,Hyperlipidemias,"Thiazide diuretics may increase serum triglyceride and cholesterol levels, primarily LDL and VLDL.  Whether these effects are dose-related and sustained during chronic therapy are unknown.  Patients w...More",,DDInter1199
2,Hyperparathyroidism,Urinary calcium excretion is decreased by thiazide diuretics during chronic administration.  Pathologic changes in the parathyroid gland with hypercalcemia and hypophosphatemia have been reported duri...More,,DDInter1199
2,Hyperuricemia,Thiazide diuretics decrease the rate of uric acid excretion.  Hyperuricemia occurs frequently but is usually asymptomatic and rarely leads to clinical gout except in patients with a history of gout or...More,,DDInter1199
3,Atrioventricular Block,The use of beta-adrenergic receptor blocking agents (aka beta-blockers) is contraindicated in patients with sinus bradyarrhythmia or heart block greater than the first degree (unless a functioning pac...More,,DDInter1200
3,"Shock, Cardiogenic",The use of beta-adrenergic receptor blocking agents (aka beta-blockers) is contraindicated in patients with hypotension or cardiogenic shock.  Due to their negative inotropic and chronotropic effects ...More,,DDInter1200
3,Heart Failure,Beta-adrenergic receptor blocking agents (aka beta-blockers) in general should not be used in patients with overt congestive heart failure (CHF).  Sympathetic stimulation may be important in maintaini...More,,DDInter1200
3,Diabetes Mellitus,"Beta-adrenergic receptor blocking agents (aka beta-blockers) may mask symptoms of hypoglycemia such as tremors, tachycardia and blood pressure changes.  In addition, the nonselective beta-blockers (e....More",,DDInter1200
3,Diseases requiring hemodialysis,"Therapy with beta-adrenergic receptor blocking agents (aka beta-blockers) should be administered cautiously in patients requiring hemodialysis.  When given after dialysis, hemodynamic stability should...More",,DDInter1200
3,Hypersensitivity,The use of beta-adrenergic receptor blocking agents (aka beta-blockers) in patients with a history of allergic reactions or anaphylaxis may be associated with heightened reactivity to culprit allergen...More,,DDInter1200
3,Myocardial Ischemia,"Heightened sensitivity to catecholamines may occur after prolonged use of beta-adrenergic receptor blocking agents (aka beta-blockers).  Exacerbation of angina, myocardial infarction and ventricular a...More",,DDInter1200
3,Peripheral Vascular Diseases,"Due to their negative inotropic and chronotropic effects on the heart, beta-adrenergic receptor blocking agents (aka beta-blockers) reduce cardiac output and may precipitate or aggravate symptoms of a...More",,DDInter1200
3,Liver Diseases,Metoprolol is primarily metabolized by the liver.  Patients with liver disease may be at greater risk for adverse effects from metoprolol due to decreased drug clearance.  Therapy with metoprolol shou...More,,DDInter1200
2,Cerebrovascular Disorders,"Beta-adrenergic blocking agents (beta-blockers), should be used with caution in patients with cerebrovascular insufficiency because of their potential effects relative to blood pressure and pulse.  If...More",,DDInter1200
3,Lymphoma,"Cases of T-cell lymphoma have been reported during treatment with metreleptin in patients with acquired generalized lipodystrophy.  Some, but not all, had immunodeficiency and significant hematologic ...More",,DDInter1201
3,Obesity,The use of metreleptin is contraindicated in patients with general obesity not associated with congenital leptin deficiency.  Metreleptin has not been shown to be effective in treating general obesity...More,,DDInter1201
2,Autoimmune Diseases,Leptin is involved in immune system homeostasis.  Patients with acquired lipodystrophies and leptin deficiency may have autoimmune disorders including autoimmune hepatitis and membranoproliferative gl...More,,DDInter1201
2,Hypoglycemia,Metreleptin can cause hypoglycemia.  Caution is advised in patients that suffer from hypoglycemia or in diabetic patients in treatment with oral hypoglycemic agents or insulin.  A dosage adjustment mi...More,,DDInter1201
3,Colitis,"Clostridioides difficile-associated diarrhea (CDAD), formerly pseudomembranous colitis, has been reported with almost all antibacterial drugs and may range from mild diarrhea to fatal colitis.  The mo...More",,DDInter1202
3,Hematologic Diseases,"The use of nitroimidazoles (e.g., metronidazole, tinidazole) has rarely been associated with hematologic adverse effects such as mild, transient leukopenia, thrombocytopenia, and bone marrow aplasia. ...More",,DDInter1202
3,Neurotoxicity Syndromes,"The use of nitroimidazoles (e.g., metronidazole, tinidazole) has been associated with the development of nervous system toxicity including convulsive seizures and dose-related peripheral neuropathy, t...More",,DDInter1202
2,Diseases requiring dialysis,Metronidazole and its metabolites are moderately removed by hemodialysis.  Doses should either be scheduled for administration after dialysis or supplemental doses be given after dialysis.,,DDInter1202
2,Liver Diseases,Metronidazole is extensively metabolized by the liver to both pharmacologically active and inactive compounds.  The plasma clearance of metronidazole may be decreased and the half-life prolonged in pa...More,,DDInter1202
2,Heart Failure,Flagyl I.V. RTU (brand of metronidazole ready-to-use injection) contains 14 mEq of sodium per each 500 mg dose of metronidazole.  The sodium content should be considered when this product is used in p...More,,DDInter1202
2,Alcoholism,"Nitroimidazoles (e.g., metronidazole, tinidazole, fexinidazole, secnidazole) may inhibit alcohol dehydrogenase and occasionally precipitate a disulfiram-like reaction in patients who consume alcohol w...More",,DDInter1202
2,Alcoholism,Metronidazole may be systemically absorbed when applied to the skin or mucosal membranes.  A disulfiram-like reaction has been reported in patients who consume alcohol during treatment with oral metro...More,,DDInter1203
2,Hematologic Diseases,"Metronidazole may be systemically absorbed when applied to the skin or mucosal membranes.  The use of metronidazole has rarely been associated with hematologic adverse effects such as mild, transient ...More",,DDInter1203
2,Liver Diseases,"Metronidazole may be systemically absorbed when applied to the skin or mucosal membranes.  Once absorbed, metronidazole is extensively metabolized by the liver to both pharmacologically active and ina...More",,DDInter1203
2,Neurotoxicity Syndromes,Metronidazole may be systemically absorbed when applied to the skin or mucosal membranes.  The use of oral and intravenous metronidazole has been associated with the development of nervous system toxi...More,,DDInter1203
No matching records,,,,DDInter1204
2,Extrapyramidal Symptoms,"Extrapyramidal symptoms (EPS) have occurred in approximately 10% of patients receiving metyrosine.  EPS include drooling, speech difficulty, and tremor.  Trismus and parkinsonian syndrome have been re...More",,DDInter1205
2,Mental Disorders,"Anxiety, excitability, and psychic disturbances such as hallucinations, disorientation/confusion, emotional instability, and depression have occurred in patients receiving metyrosine.  Therapy with me...More",,DDInter1205
2,Kidney Diseases,Metyrosine is primarily eliminated by the kidney.  The serum concentration of metyrosine may be increased in patients with renal impairment.  Therapy with metyrosine should be administered cautiously ...More,,DDInter1205
3,Cardiomyopathies,Antiarrhythmic agents can induce severe hypotension (particularly with IV administration) or induce or worsen congestive heart failure (CHF).  Patients with primary cardiomyopathy or inadequately comp...More,,DDInter1206
3,"Arrhythmias, Cardiac","Antiarrhythmic agents can induce or worsen ventricular arrhythmias.  Ventricular tachycardia, ventricular fibrillation, and torsades de pointes have occurred in some patients.  Patients with underlyin...More",,DDInter1206
3,Sick Sinus Syndrome,"The use of mexiletine is contraindicated in patients with cardiogenic shock, second- or third-degree AV block in the absence of a functional artificial pacemaker.",,DDInter1206
2,Liver Diseases,Mexiletine is extensively metabolized by the liver to minimally active and inactive forms.  The serum concentration of mexiletine is increased and the half-life prolonged in patients with liver impair...More,,DDInter1206
2,Kidney Diseases,Mexiletine is primarily eliminated by the kidney.  Approximately 10% of mexiletine is excreted in the urine unchanged.  Marked changes in urinary pH alter the rate of mexiletine excretion.  Eliminatio...More,,DDInter1206
2,Seizures,Seizures have been reported rarely during mexiletine therapy in patients with and without a history of seizures.  Therapy with mexiletine should be administered cautiously in patients with or predispo...More,,DDInter1206
No matching records,,,,DDInter1207
2,Liver Diseases,"Laboratory abnormalities in liver function tests have been observed in healthy volunteers and patients treated with echinocandins, and clinical hepatic abnormalities have occurred in some patients wit...More",,DDInter1208
2,Anemia,"Acute, transient, and asymptomatic intravascular hemolysis and hemoglobinuria were reported in a healthy volunteer given an infusion of micafungin 200 mg and oral prednisolone 20 mg.  Isolated cases o...More",,DDInter1208
2,Kidney Diseases,"Elevations in BUN and creatinine, as well as isolated cases of significant renal dysfunction or acute renal failure, have been reported in patients treated with micafungin.  In controlled clinical tri...More",,DDInter1208
2,Liver Diseases,"The use of miconazole in patients with liver disease has not been adequately studied, although it is known that miconazole is primarily metabolized by the liver.  Therapy with miconazole should be adm...More",,DDInter1209
1,Hyperlipidemias,"Elevations in cholesterol and triglyceride levels may occur in patients receiving intravenous miconazole and are attributed to the drug vehicle, Cremophor EL (polyethoxylated castor oil).  These incre...More",,DDInter1209
No matching records,,,,DDInter1210
No matching records,,,,DDInter1211
3,Alcoholic Intoxication,The use of benzodiazepines with alcohol is not recommended.  Patients with acute alcohol intoxication exhibit depressed vital signs.  The central nervous system depressant effects of benzodiazepines m...More,,DDInter1212
3,"Glaucoma, Angle-Closure",The manufacturers consider the use of benzodiazepines to be contraindicated in patients with acute angle-closure glaucoma or untreated open-angle glaucoma.  These agents do not possess anticholinergic...More,,DDInter1212
3,Respiratory Insufficiency,"Benzodiazepines may cause respiratory depression and apnea, usually when given in high dosages and/or by intravenous administration.  However, some patients may be susceptible at commonly used dosages...More",,DDInter1212
3,Seizures,The use of benzodiazepines in patients with seizure disorders may increase the incidence or precipitate the onset of generalized tonic-clonic seizures (grand mal).  Appropriate anticonvulsant medicati...More,,DDInter1212
3,Hypotension,Benzodiazepines should not be administered by injection to patients in shock or coma.  The hypnotic and hypotensive effects of these agents may be prolonged and intensified in such patients.,,DDInter1212
3,Premature Birth,"Parenteral medications formulated in multidose vials often contain benzyl alcohol as a preservative.  Their use is considered by drug manufacturers to be contraindicated in neonates, particularly prem...More",,DDInter1212
3,Alcoholic Intoxication,Injectable midazolam should not be administered in adult or pediatric patients in shock or coma or in acute alcohol intoxication with depression of vital signs.  Particular care should be exercised in...More,,DDInter1212
3,Heart Failure,"In patients with congestive heart failure, there appears to be a two-fold increase in the elimination half-life, a 25% decrease in the plasma clearance, and a 40% increase in the volume of distributio...More",,DDInter1212
3,Liver Diseases,"Midazolam is metabolized by the liver, and the metabolites are excreted in the urine.  Reduced drug clearance and prolonged elimination half-life of parent drug and metabolites have been reported in p...More",,DDInter1212
2,Depressive Disorder,Benzodiazepines depress the central nervous system and may cause or exacerbate mental depression and cause suicidal behavior and ideation.  Episodes of mania and hypomania have also been reported in d...More,,DDInter1212
3,Hypertension,Midodrine can cause marked elevation of supine blood pressure (BP>200 mmHg systolic) and should not be used in patients with persistent and excessive supine hypertension.  Systolic elevations of this ...More,,DDInter1213
3,Heart Diseases,"The use of midodrine is contraindicated in patients with severe organic heart disease, pheochromocytoma, or thyrotoxicosis.",,DDInter1213
3,Kidney Diseases,The use of midodrine is contraindicated in patients with acute renal disease or urinary retention/obstruction disorder.  Midodrine is primarily eliminated by the kidney as desglymidodrine (active meta...More,,DDInter1213
2,Liver Diseases,"Midodrine, a prodrug, undergoes bioactivation in a variety of tissues to desglymidodrine, an alpha-1 agonist.  The liver functions in the metabolism of midodrine and desglymidodrine.  The pharmacokine...More",,DDInter1213
2,Liver Failure,Midostaurin should be used with caution in patients with severe hepatic or severe renal dysfunction as the pharmacokinetics of this agent have not been studied on these patients.,,DDInter1214
2,Lung Diseases,"The use of certain multikinase inhibitors has been associated with pulmonary toxicity.  Serious cases of interstitial lung disease (ILD), including fatal cases and interstitial pneumonitis or pulmonar...More",,DDInter1214
3,Uterine Hemorrhage,"Mifepristone is contraindicated in women with unexplained vaginal bleeding, and women with endometrial hyperplasia with atypia or endometrial carcinoma, as it promotes endometrial proliferation that m...More",,DDInter1215
2,Cardiovascular Diseases,"Mifepristone does not reduce serum cortisol levels, and elevated cortisol levels might activate mineralocorticoid receptors which are expressed in cardiac tissue.  Caution should be used in patients w...More",,DDInter1215
2,Hepatic Insufficiency,"There is limited information on the safety of mifepristone in patients with mild to moderate hepatic impairment, hence the manufacturers recommend that the maximum dose should not exceed 600 mg per da...More",,DDInter1215
2,Long QT Syndrome,"Mifepristone prolongs the QTc interval in a dose-related manner.  There is little or no experience with high exposure, concomitant dosing with other QT- prolonging drugs, or potassium channel variants...More",,DDInter1215
2,Kidney Diseases,No change in the initial dose of mifepristone is needed for renal impairment; but the manufacturers recommend that the maximum dose should not exceed 600 mg per day in these patients.,,DDInter1215
2,Kidney Diseases,Migalastat is substantially excreted by the kidneys.  No dosage adjustment is required in patients with mild to moderate renal impairment (eGFR at least 30 mL/min/1.73 m2 and above).  Migalastat is no...More,,DDInter1216
3,Diabetic Ketoacidosis,The use of alpha-glucosidase inhibitors is contraindicated for the treatment of patients with diabetic ketoacidosis.,,DDInter1217
3,Intestinal Diseases,"The use of alpha-glucosidase inhibitors is contraindicated in patients with inflammatory bowel disease, colonic ulceration, partial intestinal obstruction, or any chronic intestinal disease associated...More",,DDInter1217
3,Kidney Diseases,Miglitol is eliminated primarily by the kidney.  Plasma miglitol levels in patients with renal impairment have been shown to proportionally increase relative to the degree of renal dysfunction.  Howev...More,,DDInter1217
2,Inflammatory Bowel Diseases,"The safety of treatment with miglustat has not been evaluated in patients with significant gastrointestinal disease, such as inflammatory bowel disease.  Continued treatment of these patients with mig...More",,DDInter1218
2,Peripheral Nervous System Diseases,Peripheral neuropathy has been reported in patients treated with miglustat.  It is recommended to assess all patients receiving miglustat for peripheral neuropathy at the beginning and at 6 months int...More,,DDInter1218
2,Kidney Diseases,Miglustat is substantially excreted by the kidney.  The use of miglustat in patients with severe renal impairment is not recommended (CrCl < 30 mL/min).  In patients with moderate renal impairment mig...More,,DDInter1218
2,Thrombocytopenia,"Miglustat can cause a mild reduction in platelet counts.  Monitoring of platelet counts is recommended, especially in patients with preexisting thrombocytopenia.",,DDInter1218
No matching records,,,,DDInter1219
3,Liver Diseases,Postmarketing studies have reported that duloxetine and some other SNRIs like milnacipran may aggravate preexisting liver disease.  The use of duloxetine delayed-release and milnacipran should be avoi...More,,DDInter1220
3,Depressive Disorder,Adult and pediatric patients with depression and other psychiatric disorders may experience worsening of their symptoms and may have the emergence of suicidal thoughts and behavior.  Patients should b...More,,DDInter1220
3,Kidney Diseases,The clearance of SNRI antidepressants is decreased in subjects with renal impairment.  SNRIs should be used with caution in this group of patients and a dose adjustment is recommended in those with mo...More,,DDInter1220
2,Glaucoma,SNRI antidepressants cause pupillary dilation that may trigger an angle closure attack in patients with anatomically narrow angle without iridectomy.,,DDInter1220
2,Hypertension,Selective serotonin and norepinephrine reuptake inhibitor antidepressants (SNRIs) have been associated with sustained increases in blood pressure.  Therapy with SNRI antidepressants should be administ...More,,DDInter1220
2,Hyponatremia,"Treatment with SNRI antidepressants can cause hyponatremia.  Caution should be used when treating patients with hyponatremia or at greater risk of hyponatremia such as the elderly, patients taking diu...More",,DDInter1220
2,Mania,"Therapy with SNRI antidepressants can cause activation of mania and hypomania and should be used with caution in patients with personal or family history of mania, hypomania, bipolar disorder, and oth...More",,DDInter1220
2,Seizures,SNRI antidepressants may trigger seizures and should be administered with caution in patients with a seizure disorder.,,DDInter1220
2,Urethral Obstruction,"SNRI antidepressants have a noradrenergic effect and can affect urethral resistance.  Caution should be used in patients with a history of dysuria, prostatic hypertrophy, prostatitis, and other lower ...More",,DDInter1220
3,Sjogren-Larsson Syndrome,The use of miltefosine is contraindicated in patients with Sjogren-Larsson syndrome.  Miltefosine undergoes metabolic cleavage in hepatocytes to release choline.  The fatty alcohol-containing fragment...More,,DDInter1222
2,Liver Diseases,"Elevations in liver transaminases (ALT, AST) and bilirubin were observed in clinical trials of miltefosine for the treatment of visceral leishmaniasis.  Patients with serum ALT or AST levels at least ...More",,DDInter1222
2,Kidney Diseases,"Elevations in serum creatinine were observed in clinical trials of miltefosine for the treatment of cutaneous, mucosal, and visceral leishmaniasis.  Patients with serum creatinine or BUN levels at lea...More",,DDInter1222
2,Thrombocytopenia,"Thrombocytopenia has been reported during treatment of visceral leishmaniasis, including with miltefosine.  Therapy with miltefosine should be administered cautiously in patients with preexisting thro...More",,DDInter1222
3,Inflammatory Bowel Diseases,The use of laxatives is contraindicated in patients with inflammatory bowel disease.  Patients with inflammatory bowel disease may experience colonic perforation with use of stimulant laxatives.,,DDInter1223
3,Intestinal Obstruction,The use of laxatives is contraindicated in patients with intestinal obstruction disorders.  Patients with intestinal obstruction disorders may need their underlying condition treated to correct the co...More,,DDInter1223
3,Appendicitis,The use of stimulant laxatives is contraindicated in patients with or who may have acute surgical abdomen or appendicitis.  These patients may be candidates for emergency surgery.  Stimulant laxatives...More,,DDInter1223
3,Rectal Diseases,"The use of stimulant laxatives is contraindicated in patients with anal or rectal fissures.  These preparations may cause irritation, burning sensation, and proctitis.",,DDInter1223
3,Colitis,"Clostridioides difficile-associated diarrhea (CDAD), formerly pseudomembranous colitis, has been reported with almost all antibacterial drugs and may range from mild diarrhea to fatal colitis.  The mo...More",,DDInter1224
2,Liver Diseases,"The use of tetracyclines has rarely been associated with hepatotoxicity.  Histologic fatty changes of the liver, elevated liver enzymes, and jaundice have been reported, primarily in patients treated ...More",,DDInter1224
2,Kidney Diseases,Tetracyclines (except doxycycline) are eliminated by the kidney to various extent.  Patients with renal impairment may be at greater risk for tetracycline-associated hepatic and/or renal toxicity (inc...More,,DDInter1224
2,Esophageal Diseases,The use of oral tetracycline capsules and tablets has been associated with esophageal irritation and ulceration in patients who ingested the drug without sufficient fluid shortly before bedtime.  Ther...More,,DDInter1224
3,Colitis,"Clostridioides difficile-associated diarrhea (CDAD), formerly pseudomembranous colitis, has been reported with almost all antibacterial drugs and may range from mild diarrhea to fatal colitis.  The mo...More",,DDInter1225
3,Heart Failure,Minoxidil tablets must usually be administered with a diuretic to prevent fluid retention and possible congestive heart failure; a high ceiling (loop) diuretic is almost always required.  Body weight ...More,,DDInter1226
3,Myocardial Ischemia,Minoxidil commonly produces reflex tachycardia.  Angina pectoris may develop or worsen as a result of increased oxygen demands associated with increased heart rate and cardiac output.  Therapy with mi...More,,DDInter1226
3,Pheochromocytoma,The use of minoxidil is contraindicated in patients with known or suspected pheochromocytoma.  Minoxidil may stimulate the secretion of catecholamines from the tumor through its antihypertensive actio...More,,DDInter1226
2,"Kidney Failure, Chronic",Patients with renal failure or on dialysis may require a lower dosage of minoxidil as 21% of a dose is excreted unchanged in the urine.  Close medical supervision is advised to prevent exacerbation of...More,,DDInter1226
2,Scalp Dermatoses,"In general, topically applied minoxidil is poorly absorbed from the normal, intact scalp.  However, alteration in scalp epidermal integrity (e.g., abrasion, sunburn, psoriasis) can increase percutaneo...More",,DDInter1227
No matching records,,,,DDInter1228
2,Urinary Retention,"Although an increased risk of urinary retention was not observed in a controlled clinical safety study in patients with bladder outlet obstruction, urinary retention has been reported in this populati...More",,DDInter1229
2,Hypertension,"Mirabegron can increase blood pressure.  In clinical studies, the use of mirabegron was associated with dose-related increases in supine blood pressure.  At the maximum recommended dose of 50 mg, the ...More",,DDInter1229
2,Liver Diseases,"Mirebegron is partially metabolized by the liver through multiple pathways.  Following administration of a single 100 mg dose, mean mirabegron peak plasma concentration (Cmax) and systemic exposure (A...More",,DDInter1229
2,Kidney Diseases,"Mirebegron is partially eliminated by the kidney through active tubular secretion and glomerular filtration, with renal clearance accounting for approximately 25% of the total clearance.  Following ad...More",,DDInter1229
3,Liver Diseases,"Mirtazapine is extensively metabolized by the liver.  Both the parent drug and metabolites, some of which are pharmacologically active, are excreted by the kidney.  The clearance of mirtazapine has be...More",,DDInter1230
3,Pheochromocytoma,Tricyclic and tetracyclic antidepressants (TCAs) may potentiate the effects of circulating catecholamines.  Enhanced sympathetic activity can provoke hypertensive crises in patients with pheochromocyt...More,,DDInter1230
3,Bipolar Disorder,A major depressive episode can be the initial presentation of bipolar disorder.  Patients with depressive symptoms should be adequately screened to determine if they are at risk for bipolar disorder p...More,,DDInter1230
3,Depressive Disorder,Adult and pediatric patients with depression and other psychiatric disorders may experience worsening of their symptoms and may have the emergence of suicidal thoughts and behavior.  Patients should b...More,,DDInter1230
3,Hypotension,The use of tetracyclic antidepressants (TCAs) has occasionally been associated with significant orthostatic hypotension secondary to the alpha-1 adrenergic blocking effects of these drugs.  Therapy wi...More,,DDInter1230
3,Neutropenia,"The use of tetracyclic antidepressants has been associated with neutropenia (ANC < 500/mm3) and agranulocytosis (ANC < 500/mm3) with associated signs and symptoms,( e.g., fever, infection, etc.).  Pat...More",,DDInter1230
2,Mania,"All antidepressants may occasionally cause mania or hypomania, particularly in patients with bipolar disorder.  Therapy with antidepressants should be administered cautiously in patients with a histor...More",,DDInter1230
2,Liver Diseases,The use of mirtazapine has occasionally been associated with ALT (SGPT) elevations greater than three times the upper limit of normal.  Although the majority of cases were reversible (some despite con...More,,DDInter1230
2,Hyperlipidemias,"Mirtazapine may significantly elevate serum triglyceride and total cholesterol levels.  Patients with preexisting hyperlipidemia may require closer monitoring during mirtazapine therapy, and adjustmen...More",,DDInter1230
2,Hyponatremia,"Treatment with mirtazapine can cause hyponatremia.  Caution should be used when treating patients with hyponatremia or at greater risk of hyponatremia such as the elderly, patients taking diuretics or...More",,DDInter1230
2,Cardiovascular Diseases,Caution should be employed when administering misoprostol to patients with preexisting cardiovascular disease.,,DDInter1231
2,Diarrhea,Diarrhea may occur in up to 40% of patients receiving misoprostol.  Misoprostol should be administered cautiously in patients with underlying conditions such as inflammatory bowel disease and dehydrat...More,,DDInter1231
3,Infections,"Because of their cytotoxic effects on rapidly proliferating tissues, antineoplastic agents frequently can, to varying extent, induce myelosuppression.  The use of these drugs may be contraindicated in...More",,DDInter1232
3,Hemorrhagic Disorders,"The use of mitomycin is contraindicated in patients with thrombocytopenia, coagulation disorders, or an increase in bleeding tendency.  Mitomycin induces cumulative, delayed myelosuppression.  Neutrop...More",,DDInter1232
3,Bone Marrow Failure Disorders,"Mitomycin induces cumulative, delayed myelosuppression.  Neutropenia and thrombocytopenia can occur anytime within eight weeks after initiation of therapy.  Anemia occurs less frequently.  Patients sh...More",,DDInter1232
3,Kidney Diseases,Elevations in BUN and/or serum creatinine have been reported during mitomycin therapy.  Therapy with mitomycin should not be administered to patients with serum creatinine > 1.7 mg/dl.  Hemolytic Urem...More,,DDInter1232
3,Adrenal Insufficiency,Mitotane inhibits production of corticosteroids and alters extra-adrenal metabolism of endogenous and exogenous steroids.  All patients treated with mitotane should be instructed to immediately report...More,,DDInter1233
2,Depressive Disorder,Symptoms of depression consisting of lethargy and somnolence have been reported during mitotane therapy.  Therapy with mitotane should be administered cautiously to patients with or predisposed to dep...More,,DDInter1233
2,Liver Diseases,Mitotane is primarily metabolized by the liver.  Metabolism and therapeutic activity may be altered in patients with hepatic impairment.  Therapy with mitotane should be administered cautiously in pat...More,,DDInter1233
2,Nervous System Diseases,Unspecified brain damage and impairment of function have been reported during prolonged mitotane therapy.  Therapy with mitotane should be administered cautiously to patients with neurologic impairmen...More,,DDInter1233
2,Perimenopause,"Ovarian macrocysts, often bilateral and multiple, have been reported in premenopausal patients receiving mitotane which might lead to adnexal torsion and hemorrhagic cyst rupture.  It is recommended t...More",,DDInter1233
3,Infections,"Because of their cytotoxic effects on rapidly proliferating tissues, antineoplastic agents frequently can, to varying extent, induce myelosuppression.  The use of these drugs may be contraindicated in...More",,DDInter1234
3,Heart Diseases,"Mitoxantrone can cause myocardial toxicity leading to congestive heart failure (CHF).  Patients with preexisting heart disease, prior irradiation, previous therapy with related compounds such as dauno...More",,DDInter1234
3,Liver Diseases,Hepatic impairment reduces mitoxantrone clearance.  Patients with severe hepatic dysfunction (bilirubin > 3.4 mg/dL) have an AUC more than three times greater than that of patients with normal hepatic...More,,DDInter1234
3,Bone Marrow Failure Disorders,"Mitoxantrone induces myelosuppression when administered at therapeutic doses indicated for treatment of leukemia.  Leukopenia is the most profound hematologic side-effect.  Thrombocytopenia is rare, b...More",,DDInter1234
2,Hyperuricemia,Treatment with mitoxantrone may cause hyperuricemia as a result of rapid lysis of tumor cells.  Levels of serum uric acid should be monitored and appropriate therapy should be initiated before startin...More,,DDInter1234
3,Premature Birth,"Parenteral medications formulated in multidose vials often contain benzyl alcohol as a preservative.  Their use is considered by drug manufacturers to be contraindicated in neonates, particularly prem...More",,DDInter1235
3,Burns,Patients with burns may develop resistance to non-depolarizing neuromuscular blocking agents.  These patients may experience a shorter duration of action and/or require higher dosages of the drugs.  T...More,,DDInter1235
3,Hypersensitivity,"Some neuromuscular blocking agents stimulate the release of histamine, which can cause wheezing, bronchospasm, increased bronchial secretions, hypotension, tachycardia, and circulatory collapse.  Hypo...More",,DDInter1235
3,Liver Diseases,Neuromuscular blocking agents undergo metabolism by the liver.  Elimination and effects may be prolonged in patients with liver disease.  Therapy with neuromuscular blocking agents should be administe...More,,DDInter1235
3,Myasthenia Gravis,The use of neuromuscular blocking agents may cause prolonged respiratory paralysis.  Therapy with neuromuscular blocking agents should be administered cautiously in patients with myasthenia gravis.  U...More,,DDInter1235
3,Paresis,Patients with hemiparesis or paraparesis may require higher dosages of non-depolarizing neuromuscular blocking agents in the affected limbs.  Neuromuscular monitoring should be performed on a non-pare...More,,DDInter1235
3,Respiratory Insufficiency,Neuromuscular blocking agents can cause respiratory depression and paralysis.  Therapy with neuromuscular blocking agents should be administered cautiously in patients with pulmonary impairment.  Trea...More,,DDInter1235
2,Obesity,"A few of the neuromuscular blocking agents, including doxacurium, mivacurium and pipecuronium, may have prolonged and/or enhanced effects in obese patients (i.e. weight >= 30% over ideal body weight f...More",,DDInter1235
2,Kidney Diseases,"Many of the non-depolarizing (competitive) neuromuscular blocking agents undergo significant elimination by the kidney.  Their effects may, therefore, be prolonged in patients with renal dysfunction. ...More",,DDInter1235
3,Heart Diseases,"The use of CNS stimulants is contraindicated in patients with significant cardiovascular impairment such as uncompensated heart failure, severe coronary disease, severe hypertension (including that as...More",,DDInter1236
3,Hypertension,"CNS stimulant medications have shown to increase blood pressure, and their use might be contraindicated in patients with severe hypertension.  Caution should be used when administering to patients wit...More",,DDInter1236
3,Liver Diseases,"In general, CNS stimulants are extensively metabolized by the liver.  Their plasma clearance may be decreased and their half-life prolonged in patients with impaired hepatic function.  Therapy with CN...More",,DDInter1236
3,Mental Disorders,"The use of CNS stimulants can cause psychotic or maniac symptoms, suicidal ideation, aggression and can exacerbate symptoms of behavior disturbance and thought disorder.  Psychiatric symptoms have bee...More",,DDInter1236
2,Bipolar Disorder,"Central nervous system (CNS) stimulants may induce a mixed/manic episode in patients with bipolar disorder.  Prior to initiating treatment, screen patients for risk factors for developing a manic epis...More",,DDInter1236
2,Psychotic Disorders,Central nervous system (CNS) stimulants may exacerbate symptoms of behavior disturbance and thought disorder in patients with a preexisting psychotic disorder.  Close monitoring is recommended when us...More,,DDInter1236
2,Kidney Diseases,Overall CNS stimulants should be administered with caution in patients with significantly impaired renal function as the reduction in the rate of elimination may alter the therapeutic response.  The d...More,,DDInter1236
2,Epilepsy,"Due to general central nervous system stimulation, therapy with CNS stimulant drugs may cause seizures.  These drugs may lower the convulsive threshold in patients with prior history of seizures or EE...More",,DDInter1236
2,Cardiovascular Diseases,"In clinical trials, a few patients treated with modafinil developed chest pain, palpitations, dyspnea and transient ischemic T-wave changes in association with mitral valve prolapse or left ventricula...More",,DDInter1236
3,Angioedema,The use of these agents is contraindicated in patients with hereditary angioedema or a history of idiopathic angioedema.  Patients with a history of angioedema unrelated to ACE inhibitors may be at in...More,,DDInter1237
3,Bone Marrow Failure Disorders,"ACE inhibitors may cause bone marrow suppression, rarely in uncomplicated individuals but more frequently in patients with renal impairment, especially if they also have a collagen-vascular disease su...More",,DDInter1237
3,Heart Failure,"ACE inhibitors can cause marked renal impairment in patients whose renal function depends on the activity of the renin-angiotensin-aldosterone system.  In addition, symptomatic and sometimes excessive...More",,DDInter1237
3,Diseases requiring hemodialysis,Anaphylactoid reactions have been reported in patients undergoing hemodialysis with high-flux polyacrylonitrile membranes and treated concomitantly with an ACE inhibitor.  The frequency and mechanism ...More,,DDInter1237
3,Hyperkalemia,"In patients with hyperkalemia, especially those associated with impaired renal function or congestive heart failure, ACE inhibitors may further raise serum potassium levels.  Therapy with ACE inhibito...More",,DDInter1237
3,Hypotension,"ACE inhibitors can cause symptomatic hypotension, most often during the initiation of therapy and in patients who are volume- and/or sodium-depleted or treated for congestive heart failure (CHF).  The...More",,DDInter1237
2,Liver Diseases,"Rarely, elevations of liver enzymes and/or serum bilirubin have occurred with the use of ACE inhibitors.  Patients receiving ACE inhibitors who develop jaundice or marked elevations of hepatic enzymes...More",,DDInter1237
2,Kidney Diseases,"With the exception of fosinopril, ACE inhibitors (and/or their active metabolites in some cases) are primarily eliminated by the kidney and may accumulate in patients with renal impairment.  ACE inhib...More",,DDInter1237
2,Autoimmune Diseases,Fatal and life-threatening immune-mediated complications have been reported in recipients of mogamulizumab.  Grade 3 or higher immune-mediated or possibly immune-mediated reactions have included myosi...More,,DDInter1238
3,Dementia,"Older patients with dementia-related psychosis treated with antipsychotic drugs are at an increased risk of death; although the causes were varied, most of the deaths appeared to be either cardiovascu...More",,DDInter1239
3,Central Nervous System Diseases,"The use of most miscellaneous antipsychotics is contraindicated in patients with severe central nervous system depression or comatose states from any cause (e.g., lesion, disease, drug or alcohol indu...More",,DDInter1239
3,Dementia,Elderly patients with dementia- related psychosis treated with antipsychotic drugs are at increased risk of death.  Most of these drugs are not approved for the treatment of patients with dementia- re...More,,DDInter1239
3,Neuroleptic Malignant Syndrome,"Neuroleptic Malignant Syndrome (NMS), a potentially fatal symptom complex, has been reported in association with the use of antipsychotic drugs.  The diagnostic evaluation is complicated and the manag...More",,DDInter1239
3,Epilepsy,Antipsychotics can lower the seizure threshold and trigger seizures in a dose-dependent manner.  Seizures have been reported in patients receiving antipsychotic therapy and may occur in epileptic pati...More,,DDInter1239
3,Alcoholic Intoxication,The use of neuroleptic agents is contraindicated in patients with acute alcohol intoxication exhibiting depressed vital signs.  The central nervous system depressant effects of neuroleptic agents may ...More,,DDInter1239
3,Cardiovascular Diseases,"Neuroleptic agents may cause hypotension (including orthostatic hypotension), reflex tachycardia, increased pulse rate, syncope and dizziness, particularly during initiation of therapy or rapid escala...More",,DDInter1239
3,Respiratory Insufficiency,The use of neuroleptic agents is contraindicated in comatose patients and patients with severe central nervous system depression.  Neuroleptic agents may potentiate the CNS and respiratory depression ...More,,DDInter1239
3,Neuroleptic Malignant Syndrome,The central dopaminergic blocking effects of neuroleptic agents may precipitate or aggravate a potentially fatal symptom complex known as neuroleptic malignant syndrome (NMS).  NMS is observed most fr...More,,DDInter1239
2,Seizures,Antipsychotic and neuroleptic drugs can lower the seizure threshold and trigger seizures in a dose-dependent manner.  This risk is greatest in patients with a history of seizures or with conditions th...More,,DDInter1239
No matching records,,,,DDInter1240
3,Hypocalcemia,"The use of phosphates is in general contraindicated in conditions where high potassium, high phosphate, or low calcium may be encountered such as hypoparathyroidism, osteomalacia, acute pancreatitis, ...More",,DDInter1241
2,Renal Insufficiency,Potassium phosphate injections contains aluminum that may be toxic.  Aluminum may reach toxic levels with prolonged parenteral administration in patients with renal impairment.  Preterm infants are pa...More,,DDInter1241
2,Heart Diseases,Potassium phosphate injection may increase the risk of hyperkalemia.  Patients with cardiac disease may be more susceptible to the effects of hyperkalemia.  Caution is advised when using potassium pho...More,,DDInter1241
2,"Hypomagnesemia 1, Intestinal",Intravenous infusion of phosphate has been reported to cause a decrease in serum magnesium (and calcium) concentrations when administered to patients with hypercalcemia and diabetic ketoacidosis.  Mon...More,,DDInter1241
3,Mental Disorders,The use of montelukast is associated with neuropsychiatric events.  Patients and prescribers should be alert for neuropsychiatric events.  Care should be taken before using this agent in patients with...More,,DDInter1242
2,Liver Failure,"Reports of cholestatic hepatitis, hepatocellular liver-injury, and mixed-pattern liver injury have been reported in patients treated with montelukast sodium that had underlying potential for liver dis...More",,DDInter1242
2,Phenylketonurias,Singulair (brand of montelukast) chewable tablets contain 0.842 mg of phenylalanine per each 5 mg tablet.  The phenylalanine content should be considered when this product is used in patients who must...More,,DDInter1242
2,Respiration Disorders,"Patients with asthma on therapy with montelukast may present with systemic eosinophilia, sometimes presenting with clinical features of vasculitis consistent with Churg-Strauss syndrome, a condition w...More",,DDInter1242
3,Cardiomyopathies,Antiarrhythmic agents can induce severe hypotension (particularly with IV administration) or induce or worsen congestive heart failure (CHF).  Patients with primary cardiomyopathy or inadequately comp...More,,DDInter1243
3,"Arrhythmias, Cardiac","Antiarrhythmic agents can induce or worsen ventricular arrhythmias.  Ventricular tachycardia, ventricular fibrillation, and torsades de pointes have occurred in some patients.  Patients with underlyin...More",,DDInter1243
2,Water-Electrolyte Imbalance,"Electrolyte imbalance can alter the therapeutic effectiveness of antiarrhythmic agents.  Hypokalemia and hypomagnesemia can reduce the effectiveness of antiarrhythmic agents.  In some cases, these dis...More",,DDInter1243
3,Gastrointestinal Diseases,"Narcotic (opioid) analgesic agents increase smooth muscle tone in the gastrointestinal tract and decrease peristalsis, which can lead to elevated intraluminal pressure, spasm, and constipation followi...More",,DDInter1244
3,Dysentery,"Narcotic (opioid) analgesic agents may prolong and/or worsen diarrhea associated with organisms that invade the intestinal mucosa, such as toxigenic E. coli, Salmonella, Shigella, and pseudomembranous...More",,DDInter1244
3,Liver Diseases,"Narcotic (opioid) analgesic agents are extensively metabolized by the liver, and several of them (e.g., codeine, hydrocodone, meperidine, methadone, morphine, propoxyphene) have active metabolites tha...More",,DDInter1244
3,Premature Birth,"The use of narcotic (opioid) analgesic agents is contraindicated in premature infants.  These agents may cross the immature blood-brain barrier to a greater extent than in adults, resulting in disprop...More",,DDInter1244
3,Alcoholic Intoxication,The use of opiate agonists is contraindicated in patients with acute alcohol intoxication exhibiting depressed vital signs.  The central nervous system depressant effects of opiate agonists may be add...More,,DDInter1244
3,Substance-Related Disorders,"Opiate agonists have the potential to cause dependence and abuse.  Tolerance as well as physical and psychological dependence can develop after prolonged use.  Abrupt cessation, reduction in dosage, o...More",,DDInter1244
3,Intestinal Obstruction,"Opioid agonists are contraindicated in patients with known or suspected gastrointestinal obstruction, including paralytic ileus.",,DDInter1244
3,Hypotension,"Opiate agonists can induce vasodilation and significant hypotension, particularly when given in high dosages and/or by rapid intravenous administration.  Opiate analgesics cause vasodilatation that ma...More",,DDInter1244
3,Intracranial Hypertension,"The hypoventilation associated with administration of opiate agonists, particularly by the intravenous route, can induce cerebral hypoxia and vasodilatation with resultant increase in intracranial pre...More",,DDInter1244
3,Respiratory Insufficiency,"Opiate agonists may produce significant central nervous system and respiratory depression of varying duration, particularly when given in high dosages and/or by rapid intravenous administration.  Apne...More",,DDInter1244
No matching records,,,,DDInter1245
No matching records,,,,DDInter1246
No matching records,,,,DDInter1248
No matching records,,,,DDInter1249
3,Cardiomyopathies,"The use of muromonab-CD3 is contraindicated in patients with uncompensated heart failure.  Cardiovascular collapse, cardiac arrest, severe hypotension, shock, left ventricular dysfunction, and arrhyth...More",,DDInter1250
3,Psychotic Disorders,"The use of muromonab-CD3 is contraindicated in patients with or predisposed to seizures.  Seizures,  cerebral edema, confusion, auditory/visual hallucinations, mental status changes, psychosis, mania,...More",,DDInter1250
3,Edema,The use of muromonab-CD3 is contraindicated in patients with fluid overload as evidences by chest X-ray or a 3% or more weight gain in the week prior to muromonab-CD3 therapy.  Patients with fluid ove...More,,DDInter1250
2,Fever,Muromonab-CD3 should not be administered in the presence of a body temperature of 100 degrees F  (38.7 degrees C) or greater.  Spiking fever (to 107 degrees F) associated with the Cytokine Release Syn...More,,DDInter1250
3,Neutropenia,Severe neutropenia has occurred in up to 2% of patients administered mycophenolate.  Therapy with mycophenolate should be administered cautiously in patients with or predisposed to neutropenia.  Mycop...More,,DDInter1251
2,Gastrointestinal Hemorrhage,"Gastrointestinal, rectal, and duodenal hemorrhage, hemorrhagic pancreatitis and rarely, large-intestine perforation have occurred in patients receiving mycophenolate.  These events occurred primarily ...More",,DDInter1251
2,Liver Diseases,"Mycophenolate mofetil (inactive) undergoes complete presystemic metabolism to active MPA , further metabolism to inactive forms, some of which undergo enterohepatic circulation producing a second peak...More",,DDInter1251
2,Kidney Diseases,"Mycophenolate undergoes complete presystemic metabolism to its active form, MPA .  Less than 1% of  MPA is excreted in the urine.  In a single-dose study, the area under the curve (AUC) for MPA in pat...More",,DDInter1251
2,Lesch-Nyhan Syndrome,Mycophenolate mofetil is an inosine monophosphate dehydrogenase (IMPDH) inhibitor; therefore it should be avoided in patients with hereditary deficiencies of hypoxanthine-guanine phosphoribosyl-transf...More,,DDInter1251
3,Infections,"Serious and sometimes fatal infections have been reported in patients receiving immunosuppressive agents.  Patients receiving immunosuppressants are at increased risk of developing bacterial, viral, f...More",,DDInter1252
3,"Leukoencephalopathy, Progressive Multifocal",Immunosuppressive agents may increase the risk of progressive multifocal leukoencephalopathy (PML).  Certain agents are contraindicated in patients who have or have had PML.  Patients receiving chroni...More,,DDInter1252
3,Lesch-Nyhan Syndrome,The use of mycophenolic acid should be avoided in patients with rare hereditary deficiency of hypoxanthine-guanine phosphoribosyl-transferase (HGPRT) such as Lesch-Nyhan and Kelley-Seegmiller syndrome...More,,DDInter1252
2,Gastrointestinal Diseases,"The use of mycophenolic acid may cause gastrointestinal bleeding (requiring hospitalization), intestinal perforations, gastric ulcers, and duodenal ulcers.  Mycophenolic acid should be administered wi...More",,DDInter1252
2,Skin Neoplasms,"The use of mycophenolic acid increases the risk of developing lymphomas and other malignancies, particularly of the skin.  Patients with increased risk for skin cancer, exposure to sunlight and UV lig...More",,DDInter1252
2,Heart Diseases,"The use of some antiemetics such as dronabinol and nabilone has been associated with occasional hypotension, possible hypertension, syncope or tachycardia.  Therapy with these drugs should be administ...More",,DDInter1253
2,Psychotic Disorders,"Some antiemetics such as dronabinol and nabilone may precipitate or exacerbate psychotic symptoms or anxiety, depression, hallucinations or psychosis.  Therapy with these drugs should be administered ...More",,DDInter1253
2,Substance-Related Disorders,Some antiemetics as dronabinol and nabilone have a significant potential for abuse.  Therapy with these drugs should be administered cautiously in patients with a history of substance abuse.  It may b...More,,DDInter1253
2,Long QT Syndrome,The effects of QT prolongation potential by nabilone have not been studies.  Caution and monitoring is advised if used in patients with long QT syndrome.,,DDInter1253
3,Asthma,"Nonsteroidal anti-inflammatory drugs (NSAIDs) are contraindicated in patients with history of asthma, urticaria, or other allergic-type reactions after taking aspirin or other NSAIDs; severe, sometime...More",,DDInter1254
3,Water-Electrolyte Imbalance,Fluid retention and edema have been reported in association with the use of nonsteroidal anti-inflammatory drugs (NSAIDs).  Therapy with NSAIDs should be administered cautiously in patients with preex...More,,DDInter1254
3,Peptic Ulcer,"Nonsteroidal anti-inflammatory drugs (NSAIDs) can cause serious gastrointestinal (GI) adverse events including inflammation, bleeding, ulceration, and perforation of the esophagus, stomach, small inte...More",,DDInter1254
3,Exanthema,"Nonsteroidal anti-inflammatory drugs (NSAIDs) can cause serious skin adverse reactions (e.g., Stevens-Johnson syndrome, toxic epidermal necrolysis, and exfoliative dermatitis), which can be fatal.  Th...More",,DDInter1254
3,Kidney Diseases,Long-term use of nonsteroidal anti-inflammatory drugs (NSAIDs) has resulted in renal papillary necrosis and other renal injury.  Renal toxicity has been seen in patients in whom renal prostaglandins h...More,,DDInter1254
3,Thrombosis,"Nonsteroidal anti-inflammatory drugs (NSAIDs) cause an increased risk of serious cardiovascular thrombotic events, including myocardial infarction and stroke, which can be fatal.  This risk may occur ...More",,DDInter1254
2,Liver Diseases,"The biotransformation of nabumetone to its active metabolite (6-methoxy-2-naphthylacetic acid, or 6MNA) and the further metabolism of 6MNA to inactive substances are dependent upon hepatic function an...More",,DDInter1254
2,Anemia,"Anemia has been reported in patients treated with nonsteroidal anti-inflammatory drugs (NSAIDs).  This may be due to fluid retention, occult/gross blood loss, or an incompletely described effect on er...More",,DDInter1254
2,Heart Failure,"Fluid retention and edema have been observed in patients treated with nonsteroidal anti-inflammatory drugs (NSAIDs), including some topical formulations.  These drugs should be avoided in patients wit...More",,DDInter1254
2,Liver Diseases,"Borderline elevations of 1 or more liver tests may occur in up to 15% of patients treated with nonsteroidal anti-inflammatory drugs (NSAIDs).  These laboratory abnormalities may progress, remain uncha...More",,DDInter1254
3,Atrioventricular Block,The use of beta-adrenergic receptor blocking agents (aka beta-blockers) is contraindicated in patients with sinus bradyarrhythmia or heart block greater than the first degree (unless a functioning pac...More,,DDInter1255
3,"Shock, Cardiogenic",The use of beta-adrenergic receptor blocking agents (aka beta-blockers) is contraindicated in patients with hypotension or cardiogenic shock.  Due to their negative inotropic and chronotropic effects ...More,,DDInter1255
3,Heart Failure,Beta-adrenergic receptor blocking agents (aka beta-blockers) in general should not be used in patients with overt congestive heart failure (CHF).  Sympathetic stimulation may be important in maintaini...More,,DDInter1255
3,Diabetes Mellitus,"Beta-adrenergic receptor blocking agents (aka beta-blockers) may mask symptoms of hypoglycemia such as tremors, tachycardia and blood pressure changes.  In addition, the nonselective beta-blockers (e....More",,DDInter1255
3,Diseases requiring hemodialysis,"Therapy with beta-adrenergic receptor blocking agents (aka beta-blockers) should be administered cautiously in patients requiring hemodialysis.  When given after dialysis, hemodynamic stability should...More",,DDInter1255
3,Hypersensitivity,The use of beta-adrenergic receptor blocking agents (aka beta-blockers) in patients with a history of allergic reactions or anaphylaxis may be associated with heightened reactivity to culprit allergen...More,,DDInter1255
3,Myocardial Ischemia,"Heightened sensitivity to catecholamines may occur after prolonged use of beta-adrenergic receptor blocking agents (aka beta-blockers).  Exacerbation of angina, myocardial infarction and ventricular a...More",,DDInter1255
3,Peripheral Vascular Diseases,"Due to their negative inotropic and chronotropic effects on the heart, beta-adrenergic receptor blocking agents (aka beta-blockers) reduce cardiac output and may precipitate or aggravate symptoms of a...More",,DDInter1255
3,Kidney Diseases,Nadolol is primarily eliminated by the kidney.  Patients with renal impairment may be at greater risk for adverse effects from nadolol due to decreased drug clearance.  Therapy with nadolol should be ...More,,DDInter1255
3,Asthma,"Some beta-adrenergic receptor blocking agents (i.e., non-cardioselective beta-blockers) are contraindicated in patients with bronchial asthma or with a history of bronchial asthma, or severe chronic o...More",,DDInter1255
3,Colitis,"Clostridioides difficile-associated diarrhea (CDAD), formerly pseudomembranous colitis, has been reported with almost all antibacterial drugs and may range from mild diarrhea to fatal colitis.  The mo...More",,DDInter1256
3,Hematologic Diseases,"The use of penicillinase-resistant penicillins has been associated with adverse hematologic effects, including neutropenia, leukopenia, granulocytopenia and thrombocytopenia, particularly when given i...More",,DDInter1256
2,Liver Diseases,Nafcillin is primarily metabolized by the liver but also partially excreted unchanged by the kidney.  The serum concentration of nafcillin may be increased and the half-life prolonged in patients with...More,,DDInter1256
2,Water-Electrolyte Imbalance,Each gram of parenteral nafcillin sodium contains approximately 67 mg (2.9 mEq) of sodium and is buffered with 40 mg of sodium citrate.  Each 250 mg capsule of nafcillin sodium contains approximately ...More,,DDInter1256
3,Gastrointestinal Diseases,"Narcotic (opioid) analgesic agents increase smooth muscle tone in the gastrointestinal tract and decrease peristalsis, which can lead to elevated intraluminal pressure, spasm, and constipation followi...More",,DDInter1257
3,Dysentery,"Narcotic (opioid) analgesic agents may prolong and/or worsen diarrhea associated with organisms that invade the intestinal mucosa, such as toxigenic E. coli, Salmonella, Shigella, and pseudomembranous...More",,DDInter1257
3,Liver Diseases,"Narcotic (opioid) analgesic agents are extensively metabolized by the liver, and several of them (e.g., codeine, hydrocodone, meperidine, methadone, morphine, propoxyphene) have active metabolites tha...More",,DDInter1257
3,Premature Birth,"The use of narcotic (opioid) analgesic agents is contraindicated in premature infants.  These agents may cross the immature blood-brain barrier to a greater extent than in adults, resulting in disprop...More",,DDInter1257
3,Intestinal Obstruction,"Opioid agonists are contraindicated in patients with known or suspected gastrointestinal obstruction, including paralytic ileus.",,DDInter1257
3,Myocardial Infarction,"Opiate partial agonists may increase systemic and pulmonary arterial pressure and systemic vascular resistance, particularly when given by intravenous administration.  Data are available for pentazoci...More",,DDInter1257
3,Substance-Related Disorders,"Opiate partial agonists have the potential to cause dependence and abuse, particularly in patients with a history of drug abuse.  Tolerance as well as physical and psychological dependence can develop...More",,DDInter1257
3,Intracranial Hypertension,The hypoventilation associated with administration of opiate partial agonists can induce cerebral hypoxia and vasodilatation with resultant increase in intracranial pressure.  Unless mechanical ventil...More,,DDInter1257
3,Respiratory Insufficiency,"Opiate partial agonists may produce respiratory depression by decreasing respiratory drive and increasing airway resistance.  A ""ceiling effect"" has been noted for these agents, and increasing doses d...More",,DDInter1257
2,Adrenal Insufficiency,"Patients with Addison's disease may have increased risk of respiratory depression and prolonged CNS depression associated with the use of narcotic (opioid) analgesic agents.  Conversely, these agents ...More",,DDInter1257
3,Hepatic Insufficiency,The use of naldemedine should be avoided in patients with severe hepatic impairment.  No dose adjustment is required in patients with mild or moderate hepatic impairment.,,DDInter1258
3,Intestinal Obstruction,"Peripheral opioid receptor antagonists are contraindicated in patients with known or suspected gastrointestinal obstruction, and in patients at increased risk of recurrent obstruction, due to the pote...More",,DDInter1258
2,Diseases requiring hemodialysis,Naldemedine is not removed from the blood by hemodialysis.  Plasma concentrations of naldemedine in subjects with ESRD requiring hemodialysis were similar when the drug was administered either pre- or...More,,DDInter1258
3,Colitis,"Clostridioides difficile-associated diarrhea (CDAD), formerly pseudomembranous colitis, has been reported with almost all antibacterial drugs and may range from mild diarrhea to fatal colitis.  The mo...More",,DDInter1259
3,Liver Diseases,Nalidixic acid is primarily metabolized by the liver and may accumulate in patients with impaired hepatic function.  Therapy with nalidixic acid should be administered cautiously in patients with live...More,,DDInter1259
3,Central Nervous System Diseases,"Quinolones may cause CNS stimulation manifested as tremors, agitation, restlessness, anxiety, confusion, hallucinations, paranoia, insomnia, toxic psychosis, and/or seizures.  Benign intracranial hype...More",,DDInter1259
3,Myasthenia Gravis,"Fluoroquinolones have neuromuscular blocking activity and may exacerbate muscle weakness in persons with myasthenia gravis.  Postmarketing serious adverse events, including deaths and requirement for ...More",,DDInter1259
3,Peripheral Nervous System Diseases,The use of quinolones has been associated with an increased risk of peripheral neuropathy.  Monitor closely and discontinue their use in patients experiencing symptoms of peripheral neuropathy.  It is...More,,DDInter1259
3,Tendinopathy,"Tendonitis and ruptures of the shoulder, hand, and Achilles tendons have been reported in patients receiving quinolones, both during and after treatment.  Avoid the use of these agents in patients who...More",,DDInter1259
2,Crystalluria,"Crystalluria has been reported rarely during quinolone therapy.  Although it is not expected to occur under normal circumstances with usual recommended dosages, patients who are dehydrated (e.g., due ...More",,DDInter1259
2,Diabetes Mellitus,The use of certain quinolones has been associated with disturbances in blood glucose homeostasis possibly stemming from effects on pancreatic beta cell ATP-sensitive potassium channels that regulate i...More,,DDInter1259
2,Liver Failure,Opiate antagonists are metabolized by the liver (naltrexone to an active metabolite) and eliminated by the kidney.  Hepatic and renal impairment may reduce the metabolism and clearance of opiate antag...More,,DDInter1260
3,Hepatic Insufficiency,"The effect of severe hepatic impairment (Child-Pugh Class C) on the pharmacokinetics of naloxegol has not been evaluated, so the use of this drug should be avoided in patients with this condition.  No...More",,DDInter1261
3,Intestinal Obstruction,"Peripheral opioid receptor antagonists are contraindicated in patients with known or suspected gastrointestinal obstruction, and in patients at increased risk of recurrent obstruction, due to the pote...More",,DDInter1261
2,Kidney Diseases,"Patients with moderate, severe and end-stage renal disease have shown to exhibit markedly higher systemic exposure to peripheral opioid receptor antagonists such as methylnaltrexone and naloxegol, com...More",,DDInter1261
3,Cardiovascular disease,"Therapy with naloxone in patients with preexisting cardiovascular disorders should be closely monitored for hypotension, hypertension, ventricular tachycardia or fibrillation, and pulmonary edema in a...More",,DDInter1262
2,Liver Diseases,The safety and effectiveness of naloxone injection in patients with liver disease have not been established.  Caution should be exercised when naloxone is administered to patients with liver disease.,,DDInter1262
2,"Kidney Failure, Chronic",The safety and effectiveness of naloxone injection in patients with renal insufficiency/failure have not been established.  Caution should be exercised when naloxone is administered to these patients.,,DDInter1262
2,"Shock, Septic","Naloxone has been shown in some cases of septic shock to produce a rise in blood pressure that may last up to several hours; however, this pressor response has not been demonstrated to improve patient...More",,DDInter1262
3,Liver Diseases,The use of naltrexone is contraindicated in patients with active hepatitis or hepatic failure.  Naltrexone has caused direct hepatocellular injury when administered at doses less than or equal to 5 ti...More,,DDInter1263
2,Liver Failure,Opiate antagonists are metabolized by the liver (naltrexone to an active metabolite) and eliminated by the kidney.  Hepatic and renal impairment may reduce the metabolism and clearance of opiate antag...More,,DDInter1263
2,Prostatic Hyperplasia,"Topically applied sympathomimetic agents are systemically absorbed, with the potential for producing clinically significant systemic effects, particularly during prolonged or indiscriminate use.  In p...More",,DDInter1264
2,Cardiovascular Diseases,"Topically applied sympathomimetic agents are systemically absorbed, with the potential for producing clinically significant systemic effects, particularly during prolonged or indiscriminate use.  In c...More",,DDInter1264
2,Diabetes Mellitus,"Topically applied sympathomimetic agents are systemically absorbed, particularly during prolonged or indiscriminate use.  Slight increases in blood glucose concentrations may occur with the use of the...More",,DDInter1264
No matching records,,,,DDInter1265
3,Asthma,"Nonsteroidal anti-inflammatory drugs (NSAIDs) are contraindicated in patients with history of asthma, urticaria, or other allergic-type reactions after taking aspirin or other NSAIDs; severe, sometime...More",,DDInter1266
3,Water-Electrolyte Imbalance,Fluid retention and edema have been reported in association with the use of nonsteroidal anti-inflammatory drugs (NSAIDs).  Therapy with NSAIDs should be administered cautiously in patients with preex...More,,DDInter1266
3,Peptic Ulcer,"Nonsteroidal anti-inflammatory drugs (NSAIDs) can cause serious gastrointestinal (GI) adverse events including inflammation, bleeding, ulceration, and perforation of the esophagus, stomach, small inte...More",,DDInter1266
3,Exanthema,"Nonsteroidal anti-inflammatory drugs (NSAIDs) can cause serious skin adverse reactions (e.g., Stevens-Johnson syndrome, toxic epidermal necrolysis, and exfoliative dermatitis), which can be fatal.  Th...More",,DDInter1266
3,Kidney Diseases,Long-term use of nonsteroidal anti-inflammatory drugs (NSAIDs) has resulted in renal papillary necrosis and other renal injury.  Renal toxicity has been seen in patients in whom renal prostaglandins h...More,,DDInter1266
3,Thrombosis,"Nonsteroidal anti-inflammatory drugs (NSAIDs) cause an increased risk of serious cardiovascular thrombotic events, including myocardial infarction and stroke, which can be fatal.  This risk may occur ...More",,DDInter1266
2,Heart Failure,"Anaprox and Anaprox DS (brands of naproxen sodium) contain 25 mg and 50 mg of sodium per tablet (approximately 1 mEq/250 mg naproxen), respectively, and Naprosyn suspension contains 39 mg per teaspoon...More",,DDInter1266
2,Anemia,"Anemia has been reported in patients treated with nonsteroidal anti-inflammatory drugs (NSAIDs).  This may be due to fluid retention, occult/gross blood loss, or an incompletely described effect on er...More",,DDInter1266
2,Heart Failure,"Fluid retention and edema have been observed in patients treated with nonsteroidal anti-inflammatory drugs (NSAIDs), including some topical formulations.  These drugs should be avoided in patients wit...More",,DDInter1266
2,Liver Diseases,"Borderline elevations of 1 or more liver tests may occur in up to 15% of patients treated with nonsteroidal anti-inflammatory drugs (NSAIDs).  These laboratory abnormalities may progress, remain uncha...More",,DDInter1266
3,Coronary Artery Disease,"The group of drugs known as 5-hydroxytryptamine1 receptor (5-HT1) agonists can cause vasospastic reactions, including coronary vasospasm, peripheral vascular ischemia, and colonic ischemia.  Rarely, s...More",,DDInter1267
3,Cardiovascular Diseases,"The use of 5-hydroxytryptamine receptor (5-HT1) agonists is contraindicated in patients with a history or current symptoms or signs of ischemic cardiac, cerebrovascular, and/or peripheral vascular dis...More",,DDInter1267
3,Liver Diseases,The manufacturer considers the use of naratriptan to be contraindicated in patients with severe hepatic impairment (Child-Pugh grade C).  Naratriptan is partially metabolized by the liver.  In patient...More,,DDInter1267
3,Kidney Diseases,"The manufacturer considers the use of naratriptan to be contraindicated in patients with severe renal impairment (CrCl < 15 mL/min).  Naratriptan is primarily eliminated by the kidney, approximately 5...More",,DDInter1267
3,Infections,"Serious and sometimes fatal infections have been reported in patients receiving immunosuppressive agents.  Patients receiving immunosuppressants are at increased risk of developing bacterial, viral, f...More",,DDInter1268
3,"Leukoencephalopathy, Progressive Multifocal",Immunosuppressive agents may increase the risk of progressive multifocal leukoencephalopathy (PML).  Certain agents are contraindicated in patients who have or have had PML.  Patients receiving chroni...More,,DDInter1268
2,Liver Diseases,"Postmarketing reports have associated the use of natalizumab with severe hepatic toxicity, including acute liver failure requiring transplant.  Natalizumab should be discontinued in patients with jaun...More",,DDInter1268
2,Meningitis,Natalizumab increases the risk of developing encephalitis and meningitis caused by herpes simplex and varicella zoster viruses.  It is recommended to monitor patients receiving natalizumab for signs a...More,,DDInter1268
3,"Diabetes Mellitus, Type 1","The use of meglitinides is contraindicated in patients with type I diabetes or for the treatment of diabetic ketoacidosis, with or without coma.",,DDInter1269
3,Cardiovascular Diseases,The use of oral hypoglycemic agents may be associated with an increased risk of cardiovascular mortality compared to treatment with diet alone or diet with insulin.  This warning is based on the Unive...More,,DDInter1269
2,Hypoglycemia,Hypoglycemia may commonly occur during treatment with insulin and/or oral hypoglycemic agents.  Care should be taken in patients who may be particularly susceptible to the development of hypoglycemic ...More,,DDInter1269
2,Liver Diseases,Nateglinide is primarily metabolized in the liver to both pharmacologically active and inactive substances.  Patients with impaired liver function may be exposed to higher concentrations of nateglinid...More,,DDInter1269
2,Hypertension,"The use of naxitamab can cause hypertension.  Do not initiate naxitamab in patients with uncontrolled hypertension.  It is recommended to monitor blood pressure during infusion, and at least daily on ...More",,DDInter1270
3,Atrioventricular Block,The use of beta-adrenergic receptor blocking agents (aka beta-blockers) is contraindicated in patients with sinus bradyarrhythmia or heart block greater than the first degree (unless a functioning pac...More,,DDInter1271
3,"Shock, Cardiogenic",The use of beta-adrenergic receptor blocking agents (aka beta-blockers) is contraindicated in patients with hypotension or cardiogenic shock.  Due to their negative inotropic and chronotropic effects ...More,,DDInter1271
3,Heart Failure,Beta-adrenergic receptor blocking agents (aka beta-blockers) in general should not be used in patients with overt congestive heart failure (CHF).  Sympathetic stimulation may be important in maintaini...More,,DDInter1271
3,Diabetes Mellitus,"Beta-adrenergic receptor blocking agents (aka beta-blockers) may mask symptoms of hypoglycemia such as tremors, tachycardia and blood pressure changes.  In addition, the nonselective beta-blockers (e....More",,DDInter1271
3,Hypersensitivity,The use of beta-adrenergic receptor blocking agents (aka beta-blockers) in patients with a history of allergic reactions or anaphylaxis may be associated with heightened reactivity to culprit allergen...More,,DDInter1271
3,Myocardial Ischemia,"Heightened sensitivity to catecholamines may occur after prolonged use of beta-adrenergic receptor blocking agents (aka beta-blockers).  Exacerbation of angina, myocardial infarction and ventricular a...More",,DDInter1271
3,Peripheral Vascular Diseases,"Due to their negative inotropic and chronotropic effects on the heart, beta-adrenergic receptor blocking agents (aka beta-blockers) reduce cardiac output and may precipitate or aggravate symptoms of a...More",,DDInter1271
3,Hepatic Insufficiency,"Metabolism of nebivolol is decreased in patients with moderate hepatic impairment.  d-Nebivolol peak plasma concentration increased 3-fold, exposure (AUC) increased 10-fold, and the apparent clearance...More",,DDInter1271
2,Cerebrovascular Disorders,"Beta-adrenergic blocking agents (beta-blockers), should be used with caution in patients with cerebrovascular insufficiency because of their potential effects relative to blood pressure and pulse.  If...More",,DDInter1271
2,Glaucoma,"Systemic beta-adrenergic receptor blocking agents (aka beta-blockers) may lower intraocular pressure.  Therefore, patients with glaucoma or intraocular hypertension may require adjustments in their op...More",,DDInter1271
3,Water-Electrolyte Imbalance,"The use of certain EGFR inhibitors has been associated with progressive decreases in serum magnesium levels leading to severe cases of hypomagnesemia and accompanying electrolyte abnormalities, includ...More",,DDInter1272
3,Stevens-Johnson Syndrome,"Cutaneous reactions, in some cases severe, have been reported with the use of EGFR inhibitors.  Monitor patients who develop dermatologic or soft tissue toxicities while receiving these agents for the...More",,DDInter1272
3,Eye Diseases,"Some epidermal growth factor receptor (EGFR) inhibitors should be administered cautiously in patients with ocular disorders such as primary keratitis, ulcerative keratitis, or conjunctivitis.  It is r...More",,DDInter1272
3,Thromboembolism,"Venous and arterial thromboembolic events (VTE and ATE), some fatal, were observed with necitumumab in combination with gemcitabine and cisplatin.  Caution is recommended when using necitumumab in pat...More",,DDInter1272
2,Hepatic Insufficiency,No formal studies have been conducted to evaluate the effect of renal and hepatic impairment on the exposure to necitumumab.  Renal function and mild or moderate hepatic impairment has no influence on...More,,DDInter1272
No matching records,,,,DDInter1273
3,Hypotension,"Nefazodone has alpha-1 adrenergic blocking activity and may cause significant decreases in blood pressure, including orthostatic hypotension, in approximately 5% of patients.  Therapy with nefazodone ...More",,DDInter1274
3,Liver Diseases,"In general, treatment with nefazodone should not be initiated in patients with active liver disease or elevated baseline serum transaminase levels.  Cases of hepatic failure resulting in death or live...More",,DDInter1274
2,"Glaucoma, Angle-Closure",Some antidepressants exert mydriatic activity that can induce increased intraocular pressure and result in angle-closure (narrow-angle) glaucoma in a patient with anatomically narrow angles who does n...More,,DDInter1274
2,Mania,"All antidepressants may occasionally cause mania or hypomania, particularly in patients with bipolar disorder.  Therapy with antidepressants should be administered cautiously in patients with a histor...More",,DDInter1274
2,Seizures,"The use of most antidepressants is associated with a risk of seizures.  There have been only rare reports of convulsions, including grand mal seizures, following the administration of nefazodone or tr...More",,DDInter1274
2,Depressive Disorder,"Adults, young adults and children patients with depression and other psychiatric disorders may experience worsening of their symptoms and may have the emergence of suicidal thoughts and behavior.  Pat...More",,DDInter1274
3,Neurotoxicity Syndromes,Severe neurologic adverse reactions have been reported with the use of nelarabine.  Neurotoxicity is the dose-limiting toxicity of nelarabine.  Patients treated previously or concurrently with intrath...More,,DDInter1275
2,Bone Marrow Failure Disorders,"Leukopenia, thrombocytopenia, anemia, and neutropenia, including febrile neutropenia, have been associated with nelarabine therapy.  Care should be instituted when using this agent in patients with he...More",,DDInter1275
2,Liver Diseases,The influence of hepatic impairment on the pharmacokinetics of nelarabine has not been evaluated.  Because the risk of adverse reactions to this drug may be greater in patients with severe hepatic imp...More,,DDInter1275
2,Kidney Diseases,"Nelarabine is a prodrug of the cytotoxic deoxyguanosine analogue, 9-beta-D-arabinofuranosylguanine (ara-G).  The pharmacokinetics of nelarabine and ara-G have not been specifically studied in renally ...More",,DDInter1275
2,Tumor Lysis Syndrome,Patients receiving nelarabine should receive intravenous hydration according to standard medical practice for the management of hyperuricemia in patients at risk for tumor lysis syndrome.  Considerati...More,,DDInter1275
3,Hemophilia A,"There have been postmarketing reports of increased bleeding, including spontaneous skin hematomas and hemarthrosis, in types A and B hemophiliac patients treated with protease inhibitors.  However, a ...More",,DDInter1276
2,Liver Diseases,Nelfinavir is primarily metabolized by the liver.  Patients with liver disease may be at greater risk for adverse effects from nelfinavir due to decreased drug clearance.  Therapy with nelfinavir shou...More,,DDInter1276
2,Phenylketonurias,Viracept (brand of nelfinavir) oral powder contains 11.2 mg of phenylalanine per each gram of powder.  The phenylalanine content should be considered when this product is used in patients who must res...More,,DDInter1276
2,Hyperglycemia,"New onset diabetes mellitus, exacerbation of preexisting diabetes mellitus, glucose intolerance, hyperglycemia, and some cases of diabetic ketoacidosis have been reported during postmarketing surveill...More",,DDInter1276
2,Hyperlipidemias,Hyperlipidemia has been observed in 10% of patients receiving ritonavir during clinical trials.  Increases of 30% to 40% from baseline have been reported for total cholesterol and 200% to 300% or more...More,,DDInter1276
3,Dehydration,Adequate hydration is crucial to minimize the risk of oto- and nephrotoxicity associated with the use of aminoglycosides.  Dehydration should preferably be corrected prior to initiation of therapy.  I...More,,DDInter1277
3,Neuromuscular Diseases,"Aminoglycosides can cause dose-related neuromuscular blockade and muscle weakness, particularly in patients with neuromuscular disease or hypocalcemia and in patients receiving general anesthetics, ne...More",,DDInter1277
3,Ototoxicity,"Aminoglycosides can cause eighth cranial nerve damage, resulting in vestibular and/or auditory toxicities.  Symptoms include dizziness, nystagmus, vertigo, ataxia, tinnitus, and varying degrees of hea...More",,DDInter1277
3,Kidney Diseases,"Aminoglycosides are potentially oto- and nephrotoxic.  Eighth cranial nerve damage may manifest as vestibular and/or auditory toxicities, including dizziness, nystagmus, vertigo, ataxia, tinnitus, and...More",,DDInter1277
3,Intestinal Obstruction,The use of oral aminoglycosides is contraindicated in patients with intestinal obstruction.  Orally administered aminoglycosides are poorly absorbed from the gastrointestinal tract and primarily elimi...More,,DDInter1277
3,Colitis,"Clostridioides difficile-associated diarrhea (CDAD), formerly pseudomembranous colitis, has been reported with almost all antibacterial drugs and may range from mild diarrhea to fatal colitis.  The mo...More",,DDInter1277
3,Gastroenteritis,The use of neomycin oral solution is contraindicated in patients with inflammatory or ulcerative gastrointestinal diseases because of the potential for enhanced absorption of neomycin.  Like other ami...More,,DDInter1277
3,Tympanic Membrane Perforation,"Like other aminoglycosides, neomycin is potentially ototoxic, both to vestibular and to auditory functions.  Therapy with neomycin otic preparations should be administered cautiously in patients with ...More",,DDInter1278
2,Burns,"Topical aminoglycosides should not be used on serious burns.  When applied locally, aminoglycosides are generally not absorbed to a significant extent through intact skin but readily absorbed through ...More",,DDInter1278
3,Bradycardia,"Due to their pharmacological action, cholinesterase inhibitors can have a vagotonic effect on the sinoatrial and atrioventricular nodes producing bradycardia or heart block.  Therapy with cholinestera...More",,DDInter1279
3,Bronchial Spasm,"Cholinesterase inhibitors inhibit the hydrolysis of acetylcholine.  The enhanced effect of acetylcholine produces constriction of the bronchi, increased bronchial secretions, and bronchospasm.  Therap...More",,DDInter1279
3,Coronary Artery Disease,The use of cholinesterase inhibitors  has been associated with a constriction of coronary arteries.  Therapy with cholinesterase inhibitors should be administered cautiously in patients with coronary ...More,,DDInter1279
3,Parkinsonian Disorders,Cholinesterase inhibitors should be used with caution in patients with parkinsonism.  Some of these drugs might be contraindicated in these patients (refer to specific prescribing information).  Sympt...More,,DDInter1279
3,Peptic Ulcer,The use of cholinesterase inhibitors is associated with an increase in gastric acid secretion and gastric contractions.  Therapy with cholinesterase inhibitors should be administered cautiously in pat...More,,DDInter1279
3,Seizures,Cholinesterase inhibitors have been associated with convulsions and tremor.  Therapy with cholinesterase inhibitors should be administered cautiously in patients with seizure disorders.,,DDInter1279
2,Hyperthyroidism,Many of the manifestations of hyperthyroidism may be exacerbated by increased levels of acetylcholine produced by cholinesterase inhibitors.  Therapy with cholinesterase inhibitors should be administe...More,,DDInter1279
3,Asthma,"Nonsteroidal anti-inflammatory drugs (NSAIDs) are contraindicated in patients with history of asthma, urticaria, or other allergic-type reactions after taking aspirin or other NSAIDs; severe, sometime...More",,DDInter1280
3,Liver Diseases,"Neratinib is mainly metabolized in the liver and its use has been associated with hepatotoxicity characterized by increased liver enzymes.  Patients with severe, preexisting hepatic impairment (Child ...More",,DDInter1281
3,Hypotension,Nesiritide may cause hypotension and should be administered in settings where blood pressure can be monitored closely and hypotension can be aggressively treated.  The use of nesiritide is not recomme...More,,DDInter1282
2,Kidney Diseases,"Nesiritide may decrease renal function as judged by increases in serum creatinine which should be monitored both during and after treatment has been completed, and until values have been stabilized.  ...More",,DDInter1282
No matching records,,,,DDInter1283
No matching records,,,,DDInter1284
3,Liver Diseases,"The use of nevirapine has been associated with severe, life-threatening, and fatal hepatotoxicity, particularly in the first 18 weeks of therapy.  Fulminant and cholestatic hepatitis, hepatic necrosis...More",,DDInter1285
3,Exanthema,"Nevirapine can cause severe, life-threatening skin reactions such as Stevens-Johnson syndrome, toxic epidermal necrolysis, and hypersensitivity reactions characterized by rash, constitutional findings...More",,DDInter1285
2,Diseases requiring hemodialysis,"Nevirapine is partially removed by hemodialysis.  In a pharmacokinetic study of nevirapine in patients with renal impairment, six subjects requiring hemodialysis exhibited a 44% reduction in nevirapin...More",,DDInter1285
2,Kidney Diseases,Nevirapine metabolites are primarily eliminated by the kidney.  The clinical significance of possible reduced metabolite clearance in renal impairment is uncertain.  Therapy with nevirapine should be ...More,,DDInter1285
3,Coronary Artery Disease,The Coronary Drug Project (1975) reported a significant increase in cardiac arrhythmias associated with the use of niacin at lipid-lowering dosages.  Treatment using pharmacologic dosages of niacin an...More,,DDInter1286
3,Liver Diseases,"The use of nicotinic acid and its derivatives at dosages substantially exceeding those for physiologic requirements is contraindicated in patients with active liver disease or unexplained, persistent ...More",,DDInter1286
3,Hypotension,The use of niacin and niacinamide (nicotinamide) is contraindicated in patients with severe hypotension.  These agents have peripheral vasodilating effects and may commonly cause flushing at dosages s...More,,DDInter1286
3,Peptic Ulcer,The use of niacin and niacinamide (nicotinamide) at dosages substantially exceeding those for physiologic requirements is contraindicated in patients with active peptic ulcer disease.  These agents ha...More,,DDInter1286
2,Hyperglycemia,Elevated fasting blood sugars and decreased glucose tolerance have been reported during niacin and niacinamide (nicotinamide) therapy at dosages substantially exceeding those for physiologic requireme...More,,DDInter1286
2,Hyperuricemia,Large doses of niacin and niacinamide (nicotinamide) can compete with uric acid for excretion by the kidney.  Hyperuricemia and precipitation of gout have been reported during long-term therapy.  Trea...More,,DDInter1286
3,Aortic Valve Stenosis,The use of some calcium channel blockers (CCBs) is contraindicated in patients with advanced aortic stenosis.  CCBs whose pharmacologic effect is partially dependent on their ability to reduce afterlo...More,,DDInter1287
3,"Shock, Cardiogenic","In general, calcium channel blockers (CCBs) should not be used in patients with hypotension (systolic pressure < 90 mm Hg) or cardiogenic shock.  Due to potential negative inotropic and peripheral vas...More",,DDInter1287
3,Coronary Artery Disease,"Increased frequency, duration, and/or severity of angina, as well as acute myocardial infarction, have rarely developed during initiation or dosage increase of calcium channel blockers (CCBs), particu...More",,DDInter1287
3,Liver Diseases,"Calcium channel blockers (CCBs) are extensively metabolized by the liver.  The half-lives of CCBs may be prolonged substantially in patients with severe hepatic impairment, with the potential for sign...More",,DDInter1287
3,Kidney Diseases,The systemic clearance of nicardipine has been shown to decrease in patients with renal impairment.  Mean plasma concentrations were approximately two-fold higher than in healthy controls.  Therapy wi...More,,DDInter1287
2,Heart Failure,"Calcium channel blockers (CCBs) may have varying degrees of negative inotropic effect.  Congestive heart failure (CHF), worsening of CHF, and pulmonary edema have occurred in some patients treated wit...More",,DDInter1287
No matching records,,,,DDInter1288
No matching records,,,,DDInter1289
3,Cardiovascular Diseases,"Nicotine has dose-dependent cardiovascular effects.  At dosages used for smoking cessation, nicotine may produce peripheral vasoconstriction and increase heart rate, myocardial contractility and blood...More",,DDInter1290
3,Pheochromocytoma,Nicotine causes the release of catecholamines from the adrenal medulla.  Enhanced sympathetic activity can provoke hypertensive crises in patients with pheochromocytoma or other tumors of the adrenal ...More,,DDInter1290
2,Diabetes Mellitus,"Nicotine causes the release of catecholamines from the adrenal medulla, which can stimulate glycogenolysis.  Patients with diabetes mellitus should be monitored more closely during therapy with nicoti...More",,DDInter1290
2,Hyperthyroidism,"Nicotine causes the release of catecholamines from the adrenal medulla, which can exacerbate the sympathetic nervous system manifestations of hyperthyroidism such as tachycardia, angina, and heart fai...More",,DDInter1290
2,Liver Diseases,"Nicotine is primarily metabolized by the liver, and systemic clearance is dependent on liver blood flow.  Although data are lacking, impairment of liver function is likely to reduce nicotine clearance...More",,DDInter1290
2,Peptic Ulcer,Nicotine can delay healing in peptic ulcer disease.  Therapy with nicotine should be administered cautiously in patients with peptic ulcers.,,DDInter1290
3,Aortic Valve Stenosis,The use of some calcium channel blockers (CCBs) is contraindicated in patients with advanced aortic stenosis.  CCBs whose pharmacologic effect is partially dependent on their ability to reduce afterlo...More,,DDInter1291
3,"Shock, Cardiogenic","In general, calcium channel blockers (CCBs) should not be used in patients with hypotension (systolic pressure < 90 mm Hg) or cardiogenic shock.  Due to potential negative inotropic and peripheral vas...More",,DDInter1291
3,Coronary Artery Disease,"Increased frequency, duration, and/or severity of angina, as well as acute myocardial infarction, have rarely developed during initiation or dosage increase of calcium channel blockers (CCBs), particu...More",,DDInter1291
3,Liver Diseases,"Calcium channel blockers (CCBs) are extensively metabolized by the liver.  The half-lives of CCBs may be prolonged substantially in patients with severe hepatic impairment, with the potential for sign...More",,DDInter1291
3,Hypertension,"For the long-term treatment of hypertension, only the extended-release formulations of nifedipine should be used.  The US National Heart, Lung, and Blood Institute and the FDA Cardiovascular and Renal...More",,DDInter1291
3,Myocardial Infarction,"Clinical trials studying the use of immediate-release nifedipine in patients who had just sustained myocardial infarctions have not demonstrated any benefit.  In fact, in some trials, patients who rec...More",,DDInter1291
2,Heart Failure,"Calcium channel blockers (CCBs) may have varying degrees of negative inotropic effect.  Congestive heart failure (CHF), worsening of CHF, and pulmonary edema have occurred in some patients treated wit...More",,DDInter1291
2,Kidney Diseases,"Although the clearance of nifedipine is not dependent on renal function, use of the drug in patients with uremia has been associated with enhanced pharmacologic effects, possibly due to increased sens...More",,DDInter1291
2,Intestinal Obstruction,The extended-release formulation of nifedipine (Procardia XL) contains a non-deformable material.  There have been rare reports of obstructive symptoms in patients with known strictures following the ...More,,DDInter1291
3,Alcoholism,The consumption of alcohol is contraindicated when receiving treatment with nifurtimox as it may increase the incidence and severity of adverse events.,,DDInter1292
2,Liver Diseases,The effect of hepatic impairment on the pharmacokinetics of nifurtimox is unknown.  Administer under close medical supervision on these patients.,,DDInter1292
2,Nervous System Diseases,"Patients with a history of brain injury, seizures, psychiatric disease or behavioral alterations may experience worsening of their conditions when receiving treatment with nifurtimox.  This drug shoul...More",,DDInter1292
2,Porphyrias,Treatment with nifurtimox may precipitate attacks of porphyria and should be used under close medical supervision in patients with this diagnosis.,,DDInter1292
2,Kidney Diseases,"The effect of renal impairment on the pharmacokinetics of nifurtimox is unknown, but studies suggest that the blood concentrations of the drug are increased in patients with end-stage renal disease th...More",,DDInter1292
3,Pancreatitis,Nilotinib can cause increases in serum lipase.  Patients with a previous history of pancreatitis might be at increased risk and should be monitored carefully for lipase elevations and any abdominal sy...More,,DDInter1293
3,Long QT Syndrome,"Nilotinib should not be used in patients with hypokalemia, hypomagnesemia or long QT syndrome, as it has shown to prolong QT interval in a concentration-dependent manner.  This can cause a ventricular...More",,DDInter1293
2,Cardiovascular Diseases,"Cardiovascular events, including arterial vascular occlusive events, peripheral arterial occlusive events and ischemic cerebrovascular events have been reported in patients receiving tyrosine kinase i...More",,DDInter1293
2,Water-Electrolyte Imbalance,"Fluid retention occurs with BCR-ABL tyrosine kinase inhibitors therapy and may manifest as pericardial effusion, pleural effusion, pulmonary edema, and/or peripheral edema.  Caution should be taken wh...More",,DDInter1293
2,Bone Marrow Failure Disorders,"Thrombocytopenia, aplastic anemia, agranulocytosis and neutropenia occur with BCR-ABL tyrosine kinase inhibitors.  Therapy with these drugs should be administered cautiously in patients with preexisti...More",,DDInter1293
2,Water-Electrolyte Imbalance,"Nilotinib can cause hypophosphatemia, hypokalemia, hyperkalemia, hypocalcemia, and hyponatremia.  Electrolyte abnormalities should be corrected prior to initiating nilotinib and during therapy, and sh...More",,DDInter1293
2,Hepatic Insufficiency,"Nilotinib exposure is increased in patients with hepatic impairment.  The use of a lower starting dose might be needed.  Additionally, there have been reports of hepatotoxicity as measured by elevatio...More",,DDInter1293
2,Lactose Intolerance,"Nilotinib capsules contain lactose, so it is not recommended for patients with rare hereditary problems of galactose intolerance, severe lactase deficiency with a severe degree of intolerance to lacto...More",,DDInter1293
3,Liver Diseases,The use of nilutamide is contraindicated in patients with severe hepatic impairment.  Patients with hepatic dysfunction may be at increased risk for nilutamide- associated hepatitis and marked increas...More,,DDInter1294
3,"Lung Diseases, Interstitial",The use of nilutamide is contraindicated in patients with severe respiratory impairment.  Patients with pulmonary dysfunction may be at increased risk for nilutamide- associated interstitial pneumonit...More,,DDInter1294
No matching records,,,,DDInter1295
2,Lung Diseases,"The use of certain multikinase inhibitors has been associated with pulmonary toxicity.  Serious cases of interstitial lung disease (ILD), including fatal cases and interstitial pneumonitis or pulmonar...More",,DDInter1296
2,Thromboembolism,"Arterial thromboembolic events, including myocardial infarction have been reported in patients taking nintedanib.  It is recommended to exercise caution when treating patients at higher cardiovascular...More",,DDInter1296
2,Hemorrhage,Nintedanib may increase the risk of bleeding.  Nintedanib should only be used in patients with known risk of bleeding if the anticipated benefit outweighs the potential risk.  Close monitoring is reco...More,,DDInter1296
2,Peptic Ulcer Perforation,Nintedanib may increase the risk of gastrointestinal perforation.  Use caution when treating patients who have had recent abdominal surgery.  It is recommended to discontinue therapy with nintedanib i...More,,DDInter1296
2,Hepatic Insufficiency,The use of nintedanib is associated with elevations of liver enzymes.  Treatment with nintedanib is not recommended in patients with moderate or severe hepatic impairment.  Patients with mild hepatic ...More,,DDInter1296
2,Kidney Diseases,"Based on a population pharmacokinetics analysis of nintedanib, exposure to nintedanib is not influenced by mild or moderate renal impairment.  No dose adjustment is required in patients with mild to m...More",,DDInter1296
2,Cardiovascular disease,Niraparib has the potential to cause effects on pulse rate and blood pressure.  Hypertension and hypertensive crisis have been reported in patients treated with niraparib.  It is recommended to monito...More,,DDInter1297
2,Liver Diseases,No dose adjustment is needed in patients with mild hepatic impairment according to the National Cancer Institute - Organ Dysfunction Working Group (NCI-ODWG) criteria.  Caution is recommended in patie...More,,DDInter1297
2,Myelodysplastic Syndromes,"Myelodysplastic Syndrome/Acute Myeloid Leukemia (MDS/AML), including cases with fatal outcome, have been reported with the use of niraparib.  It is recommended to use caution when using this agent in ...More",,DDInter1297
2,Pancytopenia,"Hematologic adverse reactions (thrombocytopenia, anemia and neutropenia) have been reported in patients treated with niraparib.  It is recommended to monitor complete blood counts weekly for the first...More",,DDInter1297
2,Kidney Diseases,No dose adjustment is necessary for patients with mild to moderate renal impairment.  Caution is recommended in patients with severe renal impairment or end stage renal disease undergoing hemodialysis...More,,DDInter1297
3,"Shock, Cardiogenic","In general, calcium channel blockers (CCBs) should not be used in patients with hypotension (systolic pressure < 90 mm Hg) or cardiogenic shock.  Due to potential negative inotropic and peripheral vas...More",,DDInter1298
3,Coronary Artery Disease,"Increased frequency, duration, and/or severity of angina, as well as acute myocardial infarction, have rarely developed during initiation or dosage increase of calcium channel blockers (CCBs), particu...More",,DDInter1298
3,Liver Diseases,"Calcium channel blockers (CCBs) are extensively metabolized by the liver.  The half-lives of CCBs may be prolonged substantially in patients with severe hepatic impairment, with the potential for sign...More",,DDInter1298
2,Heart Failure,"Calcium channel blockers (CCBs) may have varying degrees of negative inotropic effect.  Congestive heart failure (CHF), worsening of CHF, and pulmonary edema have occurred in some patients treated wit...More",,DDInter1298
2,Diabetes Mellitus,Alinia (brand of nitazoxanide) oral suspension contains 1.48 grams of sucrose per 5 mL.  The sugar content should be considered when this product is used in patients with diabetes.,,DDInter1299
2,Liver Diseases,The pharmacokinetics of nitazoxanide in patients with compromised renal and/or hepatic function have not been studied.  Therapy with nitazoxanide should be administered cautiously in patients with hep...More,,DDInter1299
2,Leukopenia,"In clinical trials, patients treated with oral formulations of nitisinone and dietary restriction developed transient leukopenia (3%), thrombocytopenia (3%), or both (1.5%).  No patients developed inf...More",,DDInter1300
No matching records,,,,DDInter1301
2,Heart Failure,"Patients with left ventricular dysfunction treated with nitric oxide may experience pulmonary edema, increased pulmonary capillary wedge pressure, worsening of left ventricular dysfunction, systemic h...More",,DDInter1302
3,Colitis,"Clostridioides difficile-associated diarrhea (CDAD), formerly pseudomembranous colitis, has been reported with almost all antibacterial drugs and may range from mild diarrhea to fatal colitis.  The mo...More",,DDInter1303
3,Glucosephosphate Dehydrogenase Deficiency,"Hemolytic anemia has been reported in patients treated with nitrofurantoin, primarily in patients with glucose-6-phosphate dehydrogenase (G-6-PD) deficiency.  Therapy with nitrofurantoin should be avo...More",,DDInter1303
3,Liver Diseases,"The use of nitrofurantoin has rarely been associated with hepatotoxicity, including hepatitis, cholestatic jaundice, chronic active hepatitis, and hepatic necrosis.  Nitrofurantoin macrocrystals capsu...More",,DDInter1303
3,Kidney Diseases,"The use of nitrofurantoin is contraindicated in patients with anuria, oliguria, or significant renal impairment (CrCl < 60 mL/min).  Urinary concentration of the drug is likely to be inadequate in the...More",,DDInter1303
2,Peripheral Nervous System Diseases,"The use of nitrofurantoin has occasionally been associated with the development of peripheral neuropathy, which may be severe and irreversible.  Patients at risk include the elderly and those with ren...More",,DDInter1303
2,Respiratory Insufficiency,"Chronic pulmonary reactions, generally in patients who have received continuous treatment for 6 months or longer have been reported with the use of nitrofurantoin.  Caution is recommended when prescri...More",,DDInter1303
3,Myocardial Infarction,The benefits of organic nitrates and nitrites in patients with acute myocardial infarction (AMI) or congestive heart failure have not been established and its use is not recommended in these settings....More,,DDInter1304
3,Anemia,"Some manufacturers and medical references consider the use of nitrates and nitrites to be contraindicated in patients with severe anemia.  Nitrates and nitrites can cause methemoglobinemia, primarily ...More",,DDInter1304
3,Diseases requiring hemodialysis,"The combined effect of organic nitrates or nitrites with hemodialysis, which often lowers blood pressure, can cause life-threatening hypotension.  Therapy with these agents should be administered caut...More",,DDInter1304
3,Hypotension,"Organic nitrates and nitrites may cause severe hypotension, syncope and shock, even with small doses.  Hypotension induced by these agents may be accompanied by paradoxical bradycardia and increased a...More",,DDInter1304
3,Intracranial Hypertension,"Organic nitrates and nitrites can increase cerebrospinal fluid pressure.  Therapy with these agents should be administered cautiously, if at all, in patients with or at risk for intracranial hypertens...More",,DDInter1304
3,Pericarditis,"The use of intravenous nitroglycerin is contraindicated in patients with constrictive pericarditis, pericardial tamponade, or restrictive cardiomyopathy.  In these patients, cardiac output is dependen...More",,DDInter1304
2,"Cardiomyopathy, Hypertrophic",Organic nitrates and nitrites may aggravate the angina associated with hypertrophic cardiomyopathy and should be administered cautiously in patients with this condition.,,DDInter1304
1,Glaucoma,"Some medical references state that organic nitrates and nitrites may increase intraocular pressure and should be used with caution in patients with glaucoma.  However, the effect on intraocular pressu...More",,DDInter1304
3,Cerebrovascular Disorders,The use of nitroprusside is contraindicated in patients with cerebral vascular insufficiency.,,DDInter1305
3,Hypertension,"Nitroprusside should not be used for the treatment of compensatory hypertension, such as that associated with aortic coarctation or arteriovenous shunt.",,DDInter1305
3,"Optic Atrophy, Hereditary, Leber","The use of nitroprusside is contraindicated in patients with defective or absent rhodanase activity, such as patients with congenital (Leber's) optic atrophy or with tobacco amblyopia.",,DDInter1305
3,Sepsis,Sodium nitroprusside should not be used for the treatment of acute congestive heart failure associated with reduced peripheral vascular resistance such as high- output heart failure that may be seen i...More,,DDInter1305
2,Anemia,"When sodium nitroprusside is used to control hypotension during anesthesia, the patient's capacity to compensate for anemia and hypovolemia may be diminished.  If possible, preexisting anemia and hypo...More",,DDInter1305
2,Hepatic Insufficiency,Use caution when administering sodium nitroprusside to patients with hepatic insufficiency.,,DDInter1305
2,Intracranial Hypertension,"Like other vasodilators, sodium nitroprusside can cause increases in intracranial pressure.  In patients whose intracranial pressure is already elevated, sodium nitroprusside should be used only with ...More",,DDInter1305
3,Methemoglobinemia,"Sodium nitrite causes hypotension and methemoglobin formation, which diminishes oxygen carrying capacity.  Hypotension and methemoglobin formation can occur concurrently or separately.  Sodium nitrite...More",,DDInter1306
2,Renal Insufficiency,"Sodium nitrite is known to be substantially excreted by the kidney, and the risk of toxic reactions to this drug may be greater in patients with impaired renal function.  Because elderly patients are ...More",,DDInter1306
No matching records,,,,DDInter1307
3,Infections,"Because of their cytotoxic effects on rapidly proliferating tissues, antineoplastic agents frequently can, to varying extent, induce myelosuppression.  The use of these drugs may be contraindicated in...More",,DDInter1308
3,Cardiovascular Diseases,"The use of monoclonal antibodies administered via IV infusion may cause serious infusion reactions, including bronchospasm, hypoxia, dyspnea, fluctuations in blood pressure, laryngeal edema and pulmon...More",,DDInter1308
3,Tumor Lysis Syndrome,Tumor lysis syndrome (TLS) has occurred in patients receiving certain monoclonal antibodies.  Patients with high tumor burden and those with high circulating lymphocyte counts of greater than 25 X 10^...More,,DDInter1308
2,Colitis,Immune-mediated colitis has been reported with the use of nivolumab.  Monitor patients for signs and symptoms of colitis.  It is recommended to administer corticosteroids at a dose of 1 to 2 mg/kg/day...More,,DDInter1308
2,Diabetes Mellitus,Nivolumab can cause type 1 diabetes mellitus.  Monitor for hyperglycemia or other signs and symptoms of diabetes.  Withhold treatment in cases of severe hyperglycemia until metabolic control is achiev...More,,DDInter1308
2,Hepatic Insufficiency,"Nivolumab can cause immune-mediated hepatitis.  Based on a population pharmacokinetic analysis, no dose adjustment is recommended for patients with mild or moderate hepatic impairment.  Caution is rec...More",,DDInter1308
2,Nervous System Diseases,"Nivolumab can cause immune-mediated encephalitis with no clear alternate etiology.  It is recommended to evaluate patients with neurologic symptoms with consultation with a neurologist, brain MRI, lum...More",,DDInter1308
2,Pneumonia,"Immune-mediated pneumonitis, including fatal cases have been reported with the use of nivolumab.  Monitor patients for signs with radiographic imaging and for symptoms of pneumonitis.  It is recommend...More",,DDInter1308
2,Kidney Diseases,Nivolumab can cause immune-mediated nephritis.  Monitor patients for elevated serum creatinine prior to and periodically during treatment.  It is recommended to administer corticosteroids at a dose of...More,,DDInter1308
2,Thyroid Diseases,Nivolumab can cause autoimmune thyroid disorders.  Monitor thyroid function prior to and periodically during treatment.  Administer hormone-replacement therapy for hypothyroidism.  Initiate medical ma...More,,DDInter1308
3,Peptic Ulcer Hemorrhage,"Histamine H2 receptor antagonists should not be used in the presence of vomit with blood, or bloody or black stools.  These might be serious conditions and the diagnosis needs to be ruled out.",,DDInter1309
2,Kidney Diseases,"Nizatidine and its metabolites are primarily eliminated by the kidney.  Although the drug is generally well-tolerated, the daily dosage should be reduced in patients with moderate to severe renal impa...More",,DDInter1309
No matching records,,,,DDInter1310
3,Venous Thromboembolism,"Norepinephrine injection should not be given to patients with mesenteric or peripheral vascular thrombosis (because of the risk of increasing ischemia and extending the area of infarction) unless, in ...More",,DDInter1311
3,Dehydration,The use of sympathomimetic amines has been infrequently associated with significant hypotension especially in dehydrated patients secondary to the drug's beta-2 mediated vasodilation.  Hypovolemia sho...More,,DDInter1311
2,Acidosis,"Acidosis, hypoxia, and hypercapnia may reduce the effectiveness of sympathomimetic amines in raising blood pressure.  These conditions should be corrected before initiating therapy with sympathomimeti...More",,DDInter1311
3,Abnormal Genital Bleeding,The use of contraceptives is contraindicated when there is an undiagnosed abnormal genital bleeding.  Adequate diagnostic measures should be undertaken to rule out the presence of any malignancy.,,DDInter1312
3,Liver Neoplasms,"The use of oral contraceptives is contraindicated in patients with liver tumors.  An increased risk of benign hepatic adenomas and hepatocellular carcinomas has been associated with long-term, oral es...More",,DDInter1312
3,Breast Neoplasms,The use of progestogens is considered by manufacturers to be contraindicated in patients with existing or suspected malignancy of the breast.  Some supportive data are available for medroxyprogesteron...More,,DDInter1312
3,Liver Diseases,"The use of progestogens, in general, is contraindicated in patients with impaired hepatic function or liver disease.  There are little or no data concerning the pharmacokinetic disposition of the diff...More",,DDInter1312
3,Thromboembolism,"The use of progestogens, in general, is considered by manufacturers to be contraindicated in patients with active thrombophlebitis, cerebrovascular disease, or a current or past history of thromboembo...More",,DDInter1312
2,Depressive Disorder,The use of oral contraceptives has been associated with an increased incidence of depression.  It is uncertain whether this effect is related to the estrogenic or the progestogenic component of the co...More,,DDInter1312
2,Water-Electrolyte Imbalance,"Estrogens and progestogens may cause fluid retention, particularly when given in high dosages or for prolonged periods.  Therapy with these agents should be administered cautiously in patients who hav...More",,DDInter1312
2,Glucose Intolerance,"Impaired glucose tolerance has been observed in some patients administered oral contraceptives and appears to be related primarily to the estrogen dose.  However, progestogens can increase insulin sec...More",,DDInter1312
2,Eye Diseases,Estrogens and progestogens may cause retinal thrombosis.  Oral contraceptives should be discontinued if there is unexplained partial or complete loss of vision; onset of proptosis or diplopia; papille...More,,DDInter1312
2,Thyroid Diseases,"When administering estrogen and/or progestogen therapy in patients with thyroid disorders, clinicians should be aware that these hormones may affect thyroid function tests.  Changes have mostly been r...More",,DDInter1312
3,Colitis,"Clostridioides difficile-associated diarrhea (CDAD), formerly pseudomembranous colitis, has been reported with almost all antibacterial drugs and may range from mild diarrhea to fatal colitis.  The mo...More",,DDInter1313
3,Central Nervous System Diseases,"Quinolones may cause CNS stimulation manifested as tremors, agitation, restlessness, anxiety, confusion, hallucinations, paranoia, insomnia, toxic psychosis, and/or seizures.  Benign intracranial hype...More",,DDInter1313
3,Myasthenia Gravis,"Fluoroquinolones have neuromuscular blocking activity and may exacerbate muscle weakness in persons with myasthenia gravis.  Postmarketing serious adverse events, including deaths and requirement for ...More",,DDInter1313
3,Peripheral Nervous System Diseases,The use of quinolones has been associated with an increased risk of peripheral neuropathy.  Monitor closely and discontinue their use in patients experiencing symptoms of peripheral neuropathy.  It is...More,,DDInter1313
3,Long QT Syndrome,Quinolones have been reported to prolong the QT interval of the electrocardiogram in some patients.  QT prolongation may potentiate the risk of ventricular arrhythmias including ventricular tachycardi...More,,DDInter1313
3,Tendinopathy,"Tendonitis and ruptures of the shoulder, hand, and Achilles tendons have been reported in patients receiving quinolones, both during and after treatment.  Avoid the use of these agents in patients who...More",,DDInter1313
2,Crystalluria,"Crystalluria has been reported rarely during quinolone therapy.  Although it is not expected to occur under normal circumstances with usual recommended dosages, patients who are dehydrated (e.g., due ...More",,DDInter1313
2,Diabetes Mellitus,The use of certain quinolones has been associated with disturbances in blood glucose homeostasis possibly stemming from effects on pancreatic beta cell ATP-sensitive potassium channels that regulate i...More,,DDInter1313
2,Kidney Diseases,"Quinolones (except trovafloxacin, moxifloxacin, and nalidixic acid) and their metabolites are eliminated by the kidney.  Patients with renal impairment may be at greater risk for adverse effects from ...More",,DDInter1313
No matching records,,,,DDInter1314
No matching records,,,,DDInter1315
3,Anticholinergic Syndrome,"Tricyclic and tetracyclic antidepressants (TCAs) have anticholinergic activity, to which elderly patients are particularly sensitive.  Tertiary amines such as amitriptyline and trimipramine tend to ex...More",,DDInter1316
3,Cardiovascular Diseases,"Tricyclic and tetracyclic antidepressants (TCAs) may cause orthostatic hypotension, reflex tachycardia, syncope, and dizziness, particularly during initiation of therapy or rapid escalation of dosage....More",,DDInter1316
3,Pheochromocytoma,Tricyclic and tetracyclic antidepressants (TCAs) may potentiate the effects of circulating catecholamines.  Enhanced sympathetic activity can provoke hypertensive crises in patients with pheochromocyt...More,,DDInter1316
3,Acute Myocardial Infarction Recovery,The use of most tricyclic antidepressants is contraindicated in patients that are going through the acute recovery period after a myocardial infarction.,,DDInter1316
3,Depressive Disorder,Adult and pediatric patients with depression may experience worsening of their symptoms and may have the emergence of suicidal thoughts and behavior.  Patients should be monitored appropriately and ob...More,,DDInter1316
3,Epilepsy,"Tricyclic antidepressants (TCAs), can lower the seizure threshold and trigger seizures.  These drugs should be used with extreme caution in patients with a history of seizures, or other predisposing f...More",,DDInter1316
2,Bone Marrow Failure Disorders,"The use of tricyclic and tetracyclic antidepressants (TCAs) has rarely been associated with bone marrow suppression.  Leukopenia, agranulocytosis, thrombocytopenia, anemia, eosinophilia, purpura, and ...More",,DDInter1316
2,Diabetes Mellitus,"Both elevation and lowering of blood sugar levels have been reported with the use of some tricyclic antidepressants (TCAs).  Rarely, these effects have also occurred with maprotiline, a tetracyclic an...More",,DDInter1316
2,Liver Diseases,"Tricyclic and tetracyclic antidepressants (TCAs) are known to undergo metabolism in the liver.  Some of the metabolites, such as those of imipramine, clomipramine and desipramine, may be pharmacologic...More",,DDInter1316
2,Schizophrenia,"Tricyclic antidepressants (TCAs) may aggravate symptoms of psychosis in schizophrenic patients, particularly those with paranoid symptomatology.  Depressed patients, usually those with bipolar disorde...More",,DDInter1316
No matching records,,,,DDInter1317
No matching records,,,,DDInter1318
3,Cholestasis,Obeticholic acid is contraindicated in patients with complete biliary obstruction.,,DDInter1319
3,Liver Failure,"In postmarketing reports, hepatic decompensation and failure, in some cases fatal, have been reported in patients with primary biliary cholangitis (PBC) with decompensated cirrhosis or Child-Pugh Clas...More",,DDInter1319
2,Hyperlipidemias,Patients with primary biliary cholangitis generally exhibit hyperlipidemia characterized by a significant elevation in total cholesterol primarily due to increased levels of high-density lipoprotein-c...More,,DDInter1319
3,Hepatitis B,"The use of anti-CD20 antibodies has caused reactivation of hepatitis B virus, in some cases with fatal outcomes.  It is recommended to screen all patients for hepatitis B virus infection before initia...More",,DDInter1320
3,"Leukoencephalopathy, Progressive Multifocal","Serious infections, including reactivation of viral infections, have been reported with the use of anti-CD20 antibodies.  JC virus infections resulting in progressive multifocal leukoencephalopathy (P...More",,DDInter1320
3,Tumor Lysis Syndrome,Tumor lysis syndrome (TLS) has occurred in patients receiving certain monoclonal antibodies.  Patients with high tumor burden and those with high circulating lymphocyte counts of greater than 25 X 10^...More,,DDInter1320
2,Pulmonary Heart Disease,Patients with a prior history of cardiac or pulmonary disease should be closely monitored during and after the infusion of anti-CD20 antibodies as they can increase the risk of presenting a severe and...More,,DDInter1320
2,Pancytopenia,"Severe neutropenia, thrombocytopenia, and anemia have been documented with the use of anti-CD20 antibodies.  Monitor complete blood counts during and after therapy according to clinical guidelines.",,DDInter1320
3,Hepatitis B,The use of ocrelizumab is contraindicated in patients with an active hepatitis B virus (HBV) infection.  It is recommended to consult a liver disease expert before starting and during treatment with o...More,,DDInter1321
2,Breast Neoplasms,"Ocrelizumab may increase the risk of malignancies, including breast cancer.  It is recommended to follow standard breast cancer screening guidelines.  Exercise care when using this agent in patients w...More",,DDInter1321
2,Infections,"Ocrelizumab may increase the risk for upper respiratory tract infections, lower respiratory tract infections, skin infections, and herpes-related infections.  It is recommended to delay the use of ocr...More",,DDInter1321
No matching records,,,,DDInter1322
3,Colitis,"Clostridioides difficile-associated diarrhea (CDAD), formerly pseudomembranous colitis, has been reported with almost all antibacterial drugs and may range from mild diarrhea to fatal colitis.  The mo...More",,DDInter1325
3,Central Nervous System Diseases,"Quinolones may cause CNS stimulation manifested as tremors, agitation, restlessness, anxiety, confusion, hallucinations, paranoia, insomnia, toxic psychosis, and/or seizures.  Benign intracranial hype...More",,DDInter1325
3,Myasthenia Gravis,"Fluoroquinolones have neuromuscular blocking activity and may exacerbate muscle weakness in persons with myasthenia gravis.  Postmarketing serious adverse events, including deaths and requirement for ...More",,DDInter1325
3,Peripheral Nervous System Diseases,The use of quinolones has been associated with an increased risk of peripheral neuropathy.  Monitor closely and discontinue their use in patients experiencing symptoms of peripheral neuropathy.  It is...More,,DDInter1325
3,Long QT Syndrome,Quinolones have been reported to prolong the QT interval of the electrocardiogram in some patients.  QT prolongation may potentiate the risk of ventricular arrhythmias including ventricular tachycardi...More,,DDInter1325
3,Tendinopathy,"Tendonitis and ruptures of the shoulder, hand, and Achilles tendons have been reported in patients receiving quinolones, both during and after treatment.  Avoid the use of these agents in patients who...More",,DDInter1325
2,Crystalluria,"Crystalluria has been reported rarely during quinolone therapy.  Although it is not expected to occur under normal circumstances with usual recommended dosages, patients who are dehydrated (e.g., due ...More",,DDInter1325
2,Diabetes Mellitus,The use of certain quinolones has been associated with disturbances in blood glucose homeostasis possibly stemming from effects on pancreatic beta cell ATP-sensitive potassium channels that regulate i...More,,DDInter1325
2,Diseases requiring hemodialysis,"The following quinolones are known to be partially removed by hemodialysis and should be administered after dialysis: ciprofloxacin, enoxacin, gatifloxacin, levofloxacin, lomefloxacin, and ofloxacin.",,DDInter1325
2,Kidney Diseases,"Quinolones (except trovafloxacin, moxifloxacin, and nalidixic acid) and their metabolites are eliminated by the kidney.  Patients with renal impairment may be at greater risk for adverse effects from ...More",,DDInter1325
3,Dementia,"Older patients with dementia-related psychosis treated with antipsychotic drugs are at an increased risk of death; although the causes were varied, most of the deaths appeared to be either cardiovascu...More",,DDInter1326
3,Alcoholic Intoxication,The use of neuroleptic agents is contraindicated in patients with acute alcohol intoxication exhibiting depressed vital signs.  The central nervous system depressant effects of neuroleptic agents may ...More,,DDInter1326
3,Respiratory Insufficiency,The use of neuroleptic agents is contraindicated in comatose patients and patients with severe central nervous system depression.  Neuroleptic agents may potentiate the CNS and respiratory depression ...More,,DDInter1326
3,Neuroleptic Malignant Syndrome,The central dopaminergic blocking effects of neuroleptic agents may precipitate or aggravate a potentially fatal symptom complex known as neuroleptic malignant syndrome (NMS).  NMS is observed most fr...More,,DDInter1326
2,"Pneumonia, Aspiration",Esophageal dysmotility and aspiration have been associated with the use of antipsychotic drugs.  These drugs should be administered cautiously in patients at risk for aspiration pneumonia.,,DDInter1326
2,Seizures,Antipsychotic and neuroleptic drugs can lower the seizure threshold and trigger seizures in a dose-dependent manner.  This risk is greatest in patients with a history of seizures or with conditions th...More,,DDInter1326
2,Hematologic Diseases,"Cases of leukopenia, neutropenia, and agranulocytosis have been reported with the use of atypical antipsychotic agents.  Patients with preexisting low white blood cell count may be at increased risk. ...More",,DDInter1326
2,Hyperglycemia,"Hyperglycemia, in some cases extreme and associated with ketoacidosis or hyperosmolar coma or death, has been reported with the use of atypical antipsychotic agents.  Patients with diabetes should be ...More",,DDInter1326
2,Hypotension,The use of atypical antipsychotic agents has been associated with orthostatic hypotension and syncope.  Therapy with atypical antipsychotics should be administered cautiously in patients with hypotens...More,,DDInter1326
2,Dyslipidemias,"Atypical antipsychotic drugs have been associated with undesirable alterations in lipid levels.  While all agents in the class have been shown to produce some changes, each drug has its own specific r...More",,DDInter1326
2,Neutropenia,"Olaparib might cause Myelodysplastic Syndrome/Acute Myeloid Leukemia (MDS/AML), sometimes with fatal outcomes.  Care should be exercised when using olaparib in patients with a history of previous canc...More",,DDInter1327
2,Hepatic Insufficiency,Olaparib primarily undergoes hepatic metabolism via CYP450 3A4 and CYP450 3A5; the majority of metabolism is through oxidation with some metabolites undergoing subsequent glucuronide or sulfate conjug...More,,DDInter1327
2,Respiration Disorders,"Pneumonitis, including fatal cases, occurred in <1% of patients treated with olaparib.  It is recommended to interrupt treatment if patients present new or worsening respiratory symptoms such as dyspn...More",,DDInter1327
2,Kidney Diseases,"In a olaparib renal impairment trial, the mean AUC increased by 24%, and the Cmax increased by 15%, in patients with mild renal impairment.  In patients with moderate renal impairment, the AUC increas...More",,DDInter1327
2,Hepatic Insufficiency,Olaratumab population pharmacokinetic analysis in patients with mild to moderate hepatic impairment indicated that hepatic impairment had no clinically important effect on the pharmacokinetics of olar...More,,DDInter1328
2,Kidney Diseases,Olaratumab population pharmacokinetic analysis in patients with mild to moderate renal impairment indicated that renal impairment had no clinically important effect on the pharmacokinetics of olaratum...More,,DDInter1328
3,Gastrointestinal Diseases,"Narcotic (opioid) analgesic agents increase smooth muscle tone in the gastrointestinal tract and decrease peristalsis, which can lead to elevated intraluminal pressure, spasm, and constipation followi...More",,DDInter1329
3,Alcoholic Intoxication,The use of opiate agonists is contraindicated in patients with acute alcohol intoxication exhibiting depressed vital signs.  The central nervous system depressant effects of opiate agonists may be add...More,,DDInter1329
3,Substance-Related Disorders,"Opiate agonists have the potential to cause dependence and abuse.  Tolerance as well as physical and psychological dependence can develop after prolonged use.  Abrupt cessation, reduction in dosage, o...More",,DDInter1329
3,Intestinal Obstruction,"Opioid agonists are contraindicated in patients with known or suspected gastrointestinal obstruction, including paralytic ileus.",,DDInter1329
3,Hypotension,"Opiate agonists can induce vasodilation and significant hypotension, particularly when given in high dosages and/or by rapid intravenous administration.  Opiate analgesics cause vasodilatation that ma...More",,DDInter1329
3,Intracranial Hypertension,"The hypoventilation associated with administration of opiate agonists, particularly by the intravenous route, can induce cerebral hypoxia and vasodilatation with resultant increase in intracranial pre...More",,DDInter1329
3,Respiratory Insufficiency,"Opiate agonists may produce significant central nervous system and respiratory depression of varying duration, particularly when given in high dosages and/or by rapid intravenous administration.  Apne...More",,DDInter1329
2,Adrenal Insufficiency,"Patients with Addison's disease may have increased risk of respiratory depression and prolonged CNS depression associated with the use of narcotic (opioid) analgesic agents.  Conversely, these agents ...More",,DDInter1329
2,Epilepsy,"Narcotic (opioid) analgesic agents may exacerbate seizures in patients with seizure disorders and, at higher dosages, have been reported to induce seizures in patients without previous history of seiz...More",,DDInter1329
2,Urinary Retention,"Narcotic (opioid) analgesic agents may inhibit the urinary voiding reflex and increase the tone of the vesical sphincter in the bladder.  Acute urinary retention requiring catheterization may occur, p...More",,DDInter1329
3,Angioedema,The use of these agents is contraindicated in patients with a history of angioedema related to previous angiotensin-converting enzyme (ACE) inhibitor or angiotensin II receptor blocker (ARB) therapy o...More,,DDInter1330
3,Hypotension,"Angiotensin II receptor (AR) antagonists can cause symptomatic hypotension in patients with an activated renin-angiotensin system, such as volume- and/or sodium-depleted patients.  Therapy with AR ant...More",,DDInter1330
2,Heart Failure,"Angiotensin II receptor (AR) antagonists can cause renal impairment in patients whose renal function depends on the activity of the renin-angiotensin-aldosterone system.  In addition, symptomatic hypo...More",,DDInter1330
2,Hyperkalemia,"Drugs that inhibit the renin-angiotensin, such as angiotensin II receptor antagonist system can cause hyperkalemia.  Concomitant use of these agents with drugs that increase potassium levels may incre...More",,DDInter1330
2,Renal Artery Obstruction,"In patients with bilateral renal artery stenosis or renal artery stenosis in a solitary kidney, angiotensin II receptor (AR) antagonists may reduce renal perfusion to a critically low level.  Increase...More",,DDInter1330
2,Kidney Diseases,Changes in renal function including acute renal failure can be caused by drugs that inhibit the renin-angiotensin system and by diuretics.  Patients whose renal function may depend in part on the acti...More,,DDInter1330
2,Liver Diseases,"Olmesartan is eliminated unchanged in the urine and bile.  After repeated dosing in patients with severe renal impairment (CrCl < 20 mL/min), the systemic exposure (AUC) was approximately tripled comp...More",,DDInter1330
3,Asthma,Long acting beta- 2 adrenergic antagonists (LABA) increase the risk of asthma related death.  Olodaterol inhalation spray is not indicated to treat asthma.,,DDInter1331
2,Hepatic Insufficiency,Some long acting beta- 2 adrenergic agonists (LABA) such as arformoterol and olodaterol should be used with caution in patients with hepatic impairment due to increased systemic exposure.,,DDInter1331
2,Cardiovascular Diseases,"Adrenergic bronchodilators can stimulate cardiovascular beta- 1 and beta- 2 receptors, resulting in adverse effects such as tachycardia, palpitation, peripheral vasodilation, blood pressure changes, a...More",,DDInter1331
2,Diabetes Mellitus,"Adrenergic bronchodilators may cause increases in blood glucose concentrations.  These effects are usually transient and slight, but may be significant with dosages higher than those normally recommen...More",,DDInter1331
2,Hypokalemia,"Adrenergic bronchodilators may cause decreases in serum potassium concentrations, primarily when given by nebulization or intravenous administration.  Although this effect is usually transient and doe...More",,DDInter1331
2,Seizures,Adrenergic bronchodilators may cause CNS stimulation.  Therapy with adrenergic bronchodilators should be administered cautiously in patients with seizure disorders.  Systemic adverse effects are minim...More,,DDInter1331
No matching records,,,,DDInter1332
2,Alcoholism,Concurrent use of olopatadine nasal spray with alcohol or other central nervous system depressants should be avoided as additional reductions in alertness and additional impairment of the central nerv...More,,DDInter1333
2,Kidney Diseases,"The use of mesalamine and other compounds which contain or are converted to mesalamine has rarely been associated with renal adverse effects, including minimal change nephropathy, acute and chronic in...More",,DDInter1334
No matching records,,,,DDInter1335
3,Colitis,"Clostridioides difficile-associated diarrhea (CDAD), formerly pseudomembranous colitis, has been reported with almost all antibacterial drugs and may range from mild diarrhea to fatal colitis.  The mo...More",,DDInter1336
2,Neoplasms,"In clinical trials malignancies have been observed in patients receiving omalizumab.  Periodic examination is recommended for all patients, particularly those with risk factors for cancer.  Caution sh...More",,DDInter1337
No matching records,,,,DDInter1338
No matching records,,,,DDInter1339
3,Clostridium Infections,"Published observational studies suggest that proton pump inhibitor (PPI) use may be associated with an increased risk of Clostridium difficile-associated diarrhea (CDAD), especially in hospitalized pa...More",,DDInter1340
2,"Fractures, Bone","Various published observational studies have reported that PPI therapy may be associated with an increased risk for osteoporosis related fractures of the hip, wrist or spine.  The risk was increased i...More",,DDInter1340
2,"Hypomagnesemia 1, Intestinal","Symptomatic and asymptomatic hypomagnesemia has been reported rarely in patients treated with PPIs for at least 3 months, in most cases after a year of therapy.  Serious adverse events can include tet...More",,DDInter1340
3,Liver Diseases,The use of onasemnogene abeparvovec-xioi can increase liver enzyme levels and cause acute serious liver injury.  Close monitoring is recommended in patients with pre-existing liver impairment as they ...More,,DDInter1341
2,Cardiotoxicity,"In clinical trials, transient increases in cardiac troponin-I levels (up to 0.176 µg/L) were observed following onasemnogene abeparvovec-xioi infusion.  The clinical importance of these findings is no...More",,DDInter1341
2,Thrombocytopenia,"Transient decreases in platelet counts, some of which met the criteria for thrombocytopenia, were observed at different time points after onasemnogene abeparvovec-xioi infusion.  Care should be exerci...More",,DDInter1341
3,Long QT Syndrome,"ECG changes including QT interval prolongation have been observed in patients receiving ondansetron.  Additionally, there have been some postmarketing reports of Torsade de Pointes cases.  The use of ...More",,DDInter1342
2,Liver Diseases,Ondansetron is extensively metabolized by the liver.  The plasma clearance of ondansetron may be substantially decreased and the half-life prolonged in patients with impaired hepatic function.  During...More,,DDInter1342
3,Pheochromocytoma,"The use of opicapone is contraindicated in patients with pheochromocytoma, paraganglioma, or other catecholamine secreting neoplasms.",,DDInter1343
3,Psychotic Disorders,"Opicapone may cause impulse control disorders including pathological gambling, increased libido, hypersexuality, compulsive spending or buying, binge eating, and compulsive eating.  Patients with a ma...More",,DDInter1343
2,"Kidney Failure, Chronic",The pharmacokinetics of opicapone have not been studied in patients with end stage renal disease.  Caution is advised.,,DDInter1343
2,Hypotension,Opicapone may cause orthostatic blood pressure changes including fainting and dizziness and patients should be advised to avoid standing rapidly after sitting or lying down.  Caution is advised in pat...More,,DDInter1343
2,Liver Failure,The mean overall plasma exposure (AUC) of opicapone increased by 84% in patients with moderate (Child-Pugh Class B) liver dysfunction.  A dosage adjustment is required on these patients.  The pharmaco...More,,DDInter1343
2,Lactose Intolerance,Opicapone formulations contain lactose.  Caution is advised if used in patients with lactose intolerance.,,DDInter1343
3,Gastrointestinal Diseases,"Narcotic (opioid) analgesic agents increase smooth muscle tone in the gastrointestinal tract and decrease peristalsis, which can lead to elevated intraluminal pressure, spasm, and constipation followi...More",,DDInter1344
3,Dysentery,"Narcotic (opioid) analgesic agents may prolong and/or worsen diarrhea associated with organisms that invade the intestinal mucosa, such as toxigenic E. coli, Salmonella, Shigella, and pseudomembranous...More",,DDInter1344
3,Liver Diseases,"Narcotic (opioid) analgesic agents are extensively metabolized by the liver, and several of them (e.g., codeine, hydrocodone, meperidine, methadone, morphine, propoxyphene) have active metabolites tha...More",,DDInter1344
3,Premature Birth,"The use of narcotic (opioid) analgesic agents is contraindicated in premature infants.  These agents may cross the immature blood-brain barrier to a greater extent than in adults, resulting in disprop...More",,DDInter1344
3,Alcoholic Intoxication,The use of opiate agonists is contraindicated in patients with acute alcohol intoxication exhibiting depressed vital signs.  The central nervous system depressant effects of opiate agonists may be add...More,,DDInter1344
3,Substance-Related Disorders,"Opiate agonists have the potential to cause dependence and abuse.  Tolerance as well as physical and psychological dependence can develop after prolonged use.  Abrupt cessation, reduction in dosage, o...More",,DDInter1344
3,Intestinal Obstruction,"Opioid agonists are contraindicated in patients with known or suspected gastrointestinal obstruction, including paralytic ileus.",,DDInter1344
3,Hypotension,"Opiate agonists can induce vasodilation and significant hypotension, particularly when given in high dosages and/or by rapid intravenous administration.  Opiate analgesics cause vasodilatation that ma...More",,DDInter1344
3,Intracranial Hypertension,"The hypoventilation associated with administration of opiate agonists, particularly by the intravenous route, can induce cerebral hypoxia and vasodilatation with resultant increase in intracranial pre...More",,DDInter1344
3,Respiratory Insufficiency,"Opiate agonists may produce significant central nervous system and respiratory depression of varying duration, particularly when given in high dosages and/or by rapid intravenous administration.  Apne...More",,DDInter1344
3,Water-Electrolyte Imbalance,"Oprelvekin causes fluid retention that can result in peripheral edema, dyspnea on exertion, pulmonary edema, atrial arrhythmias, dilution decreases in hemoglobin and hematocrit and changes in serum el...More",,DDInter1345
2,"Arrhythmias, Cardiac","Transient artrial arrhythmias (fibrillation and flutter) have occurred in approximately 10% of patients receiving oprelvekin.  Cardiac conditions, previous cardiotoxic chemotherapy, or advanced age ar...More",,DDInter1345
2,Papilledema,Papilledema has been reported in 2% of patients receiving oprelvekin.  Therapy with oprelvekin should be administered cautiously in patients with papilledema or CNS tumors as papilledema can be worsen...More,,DDInter1345
2,Kidney Diseases,Oprelvekin is primarily eliminated by the kidneys and drug exposure was significantly increased in patients with severe renal impairment (CrCl <30 mL/min).  The recommended dose in these patients is 5...More,,DDInter1345
2,Cardiovascular Diseases,"Adrenergic bronchodilators can stimulate cardiovascular beta- 1 and beta- 2 receptors, resulting in adverse effects such as tachycardia, palpitation, peripheral vasodilation, blood pressure changes, a...More",,DDInter1346
2,Diabetes Mellitus,"Adrenergic bronchodilators may cause increases in blood glucose concentrations.  These effects are usually transient and slight, but may be significant with dosages higher than those normally recommen...More",,DDInter1346
2,Hypokalemia,"Adrenergic bronchodilators may cause decreases in serum potassium concentrations, primarily when given by nebulization or intravenous administration.  Although this effect is usually transient and doe...More",,DDInter1346
2,Seizures,Adrenergic bronchodilators may cause CNS stimulation.  Therapy with adrenergic bronchodilators should be administered cautiously in patients with seizure disorders.  Systemic adverse effects are minim...More,,DDInter1346
3,Colitis,"Clostridioides difficile-associated diarrhea (CDAD), formerly pseudomembranous colitis, has been reported with almost all antibacterial drugs and may range from mild diarrhea to fatal colitis.  The mo...More",,DDInter1347
2,Hemorrhage,"Oritavancin has been shown to artificially prolong prothrombin time (PT) and international normalized ratio (INR) for up to 12 hours, making the monitoring of the anticoagulation effect of warfarin un...More",,DDInter1347
2,Hepatic Insufficiency,No dosage adjustment of oritavancin is needed in patients with mild or moderate hepatic impairment.  Care should be taken when administering oritavancin to patients with severe hepatic impairment as t...More,,DDInter1347
2,Kidney Diseases,No dosage adjustment of oritavancin is needed in patients with mild or moderate renal impairment.  Care should be taken when administering oritavancin to patients with severe renal impairment as the p...More,,DDInter1347
3,Malabsorption Syndromes,The use of orlistat is contraindicated in patients with chronic malabsorption syndrome or cholestasis.  Orlistat can worsen the malabsorption in these conditions by reversibly inhibiting lipases that ...More,,DDInter1348
2,"Diabetes Mellitus, Type 2","Obese, type 2 diabetic patients who achieve weight loss may demonstrate improved metabolic control of their disease as a result of their reduced weight.  Therefore, patients with type 2 diabetes melli...More",,DDInter1348
2,Fat Soluble Vitamin Deficiency,"At the recommended therapeutic dosage of 120 mg three times a day, orlistat inhibits dietary fat absorption by approximately 30% and has been shown to reduce the absorption of some fat-soluble vitamin...More",,DDInter1348
2,Nephrolithiasis,"Following treatment with orlistat, some patients may develop increased levels of urinary oxalate as a result of fat malabsorption.  Therapy with orlistat should be administered cautiously in patients ...More",,DDInter1348
3,Anticholinergic Syndrome,"Orphenadrine has mild anticholinergic activity, to which elderly patients are particularly sensitive.  The manufacturer considers the use of orphenadrine to be contraindicated in patients with glaucom...More",,DDInter1349
2,Hepatic Insufficiency,The safety and pharmacokinetics of oseltamivir in patients with severe hepatic impairment have not been evaluated.  No dose adjustment is required in patients with mild to moderate hepatic impairment.,,DDInter1350
2,Kidney Diseases,Dose adjustment of oseltamivir treatment is recommended for patients with a serum creatinine clearance between 10 and 30 mL/min.  No recommended dosing regimens are available for patients with end-sta...More,,DDInter1350
2,Hepatic Insufficiency,Dosage adjustment of osilodrostat is required for patients with moderate to severe liver dysfunction.  The recommended starting dose for patients with moderate liver dysfunction is 1 mg orally twice a...More,,DDInter1351
2,Kidney Diseases,"No dosage adjustment of osilodrostat is required for patients with impaired renal function.  However, in patients with moderate to severe renal dysfunction, urinary free cortisol (UFC) levels should b...More",,DDInter1351
2,"Arrhythmias, Cardiac","The use of osilodrostat is associated with a dose-dependent QT interval prolongation, which may cause cardiac arrhythmias.  It is recommended to perform an ECG to obtain a baseline QTc interval measur...More",,DDInter1351
2,Adrenal Insufficiency,Osilodrostat lowers cortisol levels and can lead to hypocortisolism and sometimes life-threatening adrenal insufficiency.  Patients should be evaluated for precipitating causes of hypocortisolism.  Se...More,,DDInter1351
3,Cardiomyopathies,Cardiomyopathy was observed in clinical trials of certain EGFR inhibitors.  Assess Left Ventricular Ejection Fraction (LVEF) by echocardiogram or multigated acquisition (MUGA) scan before initiation o...More,,DDInter1352
3,Stevens-Johnson Syndrome,"Cutaneous reactions, in some cases severe, have been reported with the use of EGFR inhibitors.  Monitor patients who develop dermatologic or soft tissue toxicities while receiving these agents for the...More",,DDInter1352
3,Eye Diseases,"Some epidermal growth factor receptor (EGFR) inhibitors should be administered cautiously in patients with ocular disorders such as primary keratitis, ulcerative keratitis, or conjunctivitis.  It is r...More",,DDInter1352
3,Lung Diseases,"The use of certain EGFR inhibitors has been associated with pulmonary toxicity.  Serious cases of interstitial lung disease (ILD), including fatal cases and interstitial pneumonitis or pulmonary fibro...More",,DDInter1352
3,Long QT Syndrome,"QT prolongation was observed in patients treated with certain EGFR inhibitors.  These agents should be administered with caution in patients with congenital long QTc syndrome, congestive heart failure...More",,DDInter1352
2,Hepatic Insufficiency,"No formal pharmacokinetic studies of osimertinib have been conducted in patients with renal or hepatic impairment.  Based on population pharmacokinetic (PK) analysis of osimertinib, no dose adjustment...More",,DDInter1352
3,Breast Neoplasms,"Ospemifene has not been adequately studied in women with breast cancer, therefore should not be used in women with known, suspected or with a history of breast cancer.  Additionally, ospemifene is con...More",,DDInter1353
3,Cardiovascular disease,There is a reported increase of stroke and deep vein thrombosis (DVT) in postmenopausal women receiving oral conjugated estrogens.  Ospemifene should be prescribed for the shortest duration consistent...More,,DDInter1353
3,Uterine Hemorrhage,The use of ospemifene is contraindicated in women with any undiagnosed abnormal genital bleeding.  There is an increased risk of endometrial hyperplasia and endometrial cancer in patients using estrog...More,,DDInter1353
3,Liver Failure,"Ospemifene should not be used in women with severe hepatic impairment, as the pharmacokinetics have not been studied in these patients.  No clinically important differences were observed in women with...More",,DDInter1353
3,Colitis,"Clostridioides difficile-associated diarrhea (CDAD), formerly pseudomembranous colitis, has been reported with almost all antibacterial drugs and may range from mild diarrhea to fatal colitis.  The mo...More",,DDInter1354
3,Hematologic Diseases,"The use of penicillinase-resistant penicillins has been associated with adverse hematologic effects, including neutropenia, leukopenia, granulocytopenia and thrombocytopenia, particularly when given i...More",,DDInter1354
2,Kidney Diseases,"Oxacillin is partially converted by the liver to active and inactive metabolites, and both parent drug and metabolites are eliminated by the kidney.  The serum concentrations of oxacillin and its meta...More",,DDInter1354
2,Water-Electrolyte Imbalance,Each gram of parenteral oxacillin sodium contains approximately 64 to 71 mg (2.8 to 3.1 mEq) of sodium and is buffered with 40 mg of dibasic sodium phosphate.  Each 250 mg capsule of oxacillin sodium ...More,,DDInter1354
3,"Arrhythmias, Cardiac","The use of oxaliplatin has been associated with QT prolongation, and ventricular arrhythmias including fatal Torsade de Pointes.  Therapy with oxaliplatin should be administered cautiously in patients...More",,DDInter1355
3,Lung Diseases,"Oxaliplatin has been associated with pulmonary fibrosis (<1% of study patients), which may be fatal.  Caution should be exercised when administering oxaliplatin in patients with compromised pulmonary ...More",,DDInter1355
2,Neurotoxicity Syndromes,"Oxaliplatin for injection is associated with two types of neuropathy.  An acute, reversible, primarily peripheral, sensory neuropathy that is of early onset, occurring within hours or one to two days ...More",,DDInter1355
2,Neutropenia,"The use of oxaliplatin for injection and 5-fluorouracil/leucovorin has been associated with sepsis, neutropenic sepsis and septic shock with fatal outcomes.  Therapy with oxaliplatin should be adminis...More",,DDInter1355
2,Kidney Diseases,The major route of platinum elimination is renal excretion.  The exposure (AUC) of unbound platinum in plasma ultrafiltrate tends to increase in renally impaired patients.  The starting dose of oxalip...More,,DDInter1355
2,Rhabdomyolysis,"Rhabdomyolysis, including fatal cases, has been reported during the administration of oxaliplatin.  Therapy with oxaliplatin should be administered cautiously in patients with or predisposed to myopat...More",,DDInter1355
2,Thrombocytopenia,Thrombocytopenia was frequently reported with the combination of oxaliplatin and infusional 5-FU/LV.  Therapy with oxaliplatin should be administered cautiously in patients whose bone marrow reserve m...More,,DDInter1355
No matching records,,,,DDInter1356
3,Prostatic Neoplasms,The use of androgenic anabolic steroids is contraindicated for male patients with carcinoma of the breast or prostate.  Circulating androgens can be converted in peripheral tissues to estrogens and di...More,,DDInter1357
3,Water-Electrolyte Imbalance,"Androgenic anabolic steroids may cause sodium and water retention, particularly when given in high dosages or for prolonged periods.  Therapy with these agents should be administered cautiously in pat...More",,DDInter1357
3,Breast Neoplasms,"When treated with androgenic anabolic steroids, patients with metastatic breast cancer may develop hypercalcemia due to osteolysis.  Frequent determination of urine and serum calcium levels is recomme...More",,DDInter1357
3,Hyperlipoproteinemias,"Androgenic anabolic steroids may adversely affect serum lipids, including lowering HDL and elevating LDL levels.  These changes can be marked, particularly with the 17-alpha-alkyl derivatives (i.e., f...More",,DDInter1357
3,Liver Diseases,"The use of androgenic anabolic steroids may be associated with development of cholestatic hepatitis and jaundice.  Other, more serious hepatotoxicities such as peliosis hepatis and hepatocellular neop...More",,DDInter1357
3,Polycythemia,Androgenic anabolic steroids may cause polycythemia when given in high dosages or for prolonged periods.  Patients with preexisting polycythemia may experience worsening of their condition.  Frequent ...More,,DDInter1357
3,Blood Coagulation Disorders,"Androgenic anabolic steroids may cause suppression of clotting factors II, V, VII, and X, and an increase in prothrombin time.  Androgen therapy should be administered cautiously in patients with blee...More",,DDInter1357
2,Diabetes Mellitus,The metabolic effects of androgenic anabolic steroids may lower blood glucose.  Decreased glucose tolerance and increased insulin resistance have also been reported.  Patients with diabetes mellitus s...More,,DDInter1357
2,Hypercalcemia,"Androgenic anabolic steroids decrease urinary excretion of calcium, which may result in hypercalcemia.  Therapy with androgenic agents should be administered cautiously in patients with hypercalcemia,...More",,DDInter1357
1,Thyroid Diseases,"When androgenic anabolic steroids are used in patients with thyroid disorders, clinicians should be aware that these agents may affect thyroid function tests.  Specifically, thyroid-binding globulin l...More",,DDInter1357
3,Asthma,"Nonsteroidal anti-inflammatory drugs (NSAIDs) are contraindicated in patients with history of asthma, urticaria, or other allergic-type reactions after taking aspirin or other NSAIDs; severe, sometime...More",,DDInter1358
3,Water-Electrolyte Imbalance,Fluid retention and edema have been reported in association with the use of nonsteroidal anti-inflammatory drugs (NSAIDs).  Therapy with NSAIDs should be administered cautiously in patients with preex...More,,DDInter1358
3,Peptic Ulcer,"Nonsteroidal anti-inflammatory drugs (NSAIDs) can cause serious gastrointestinal (GI) adverse events including inflammation, bleeding, ulceration, and perforation of the esophagus, stomach, small inte...More",,DDInter1358
3,Exanthema,"Nonsteroidal anti-inflammatory drugs (NSAIDs) can cause serious skin adverse reactions (e.g., Stevens-Johnson syndrome, toxic epidermal necrolysis, and exfoliative dermatitis), which can be fatal.  Th...More",,DDInter1358
3,Kidney Diseases,Long-term use of nonsteroidal anti-inflammatory drugs (NSAIDs) has resulted in renal papillary necrosis and other renal injury.  Renal toxicity has been seen in patients in whom renal prostaglandins h...More,,DDInter1358
3,Thrombosis,"Nonsteroidal anti-inflammatory drugs (NSAIDs) cause an increased risk of serious cardiovascular thrombotic events, including myocardial infarction and stroke, which can be fatal.  This risk may occur ...More",,DDInter1358
2,Anemia,"Anemia has been reported in patients treated with nonsteroidal anti-inflammatory drugs (NSAIDs).  This may be due to fluid retention, occult/gross blood loss, or an incompletely described effect on er...More",,DDInter1358
2,Heart Failure,"Fluid retention and edema have been observed in patients treated with nonsteroidal anti-inflammatory drugs (NSAIDs), including some topical formulations.  These drugs should be avoided in patients wit...More",,DDInter1358
2,Liver Diseases,"Borderline elevations of 1 or more liver tests may occur in up to 15% of patients treated with nonsteroidal anti-inflammatory drugs (NSAIDs).  These laboratory abnormalities may progress, remain uncha...More",,DDInter1358
2,Hyperkalemia,"Increases in serum potassium concentration (including hyperkalemia) have been reported with use of nonsteroidal anti-inflammatory drugs (NSAIDs), even in some patients without renal impairment.  In pa...More",,DDInter1358
3,Alcoholic Intoxication,The use of benzodiazepines with alcohol is not recommended.  Patients with acute alcohol intoxication exhibit depressed vital signs.  The central nervous system depressant effects of benzodiazepines m...More,,DDInter1359
3,"Glaucoma, Angle-Closure",The manufacturers consider the use of benzodiazepines to be contraindicated in patients with acute angle-closure glaucoma or untreated open-angle glaucoma.  These agents do not possess anticholinergic...More,,DDInter1359
3,Substance-Related Disorders,"Benzodiazepines have the potential to cause dependence and abuse.  Tolerance as well as physical and psychological dependence can develop, particularly after prolonged use and/or excessive dosages.  H...More",,DDInter1359
3,Psychotic Disorders,The use of some benzodiazepines is not recommended for depressive neuroses and psychotic reactions.,,DDInter1359
3,Liver Diseases,"Benzodiazepines are metabolized by the liver, and the metabolites are excreted in the urine.  Chlordiazepoxide, clorazepate, diazepam, flurazepam and quazepam undergo oxidative N-dealkylation to activ...More",,DDInter1359
3,Respiratory Insufficiency,"Benzodiazepines may cause respiratory depression and apnea, usually when given in high dosages and/or by intravenous administration.  However, some patients may be susceptible at commonly used dosages...More",,DDInter1359
3,Seizures,The use of benzodiazepines in patients with seizure disorders may increase the incidence or precipitate the onset of generalized tonic-clonic seizures (grand mal).  Appropriate anticonvulsant medicati...More,,DDInter1359
2,Depressive Disorder,Benzodiazepines depress the central nervous system and may cause or exacerbate mental depression and cause suicidal behavior and ideation.  Episodes of mania and hypomania have also been reported in d...More,,DDInter1359
2,Obesity,"The plasma half-lives of benzodiazepines may be prolonged in obese patients, presumably due to increased distribution into fat.  Marked increases in distribution (> 100%) have been reported for diazep...More",,DDInter1359
2,Psychotic Disorders,"Paradoxical reactions, including excitability, irritability, aggressive behavior, agitation, nervousness, hostility, anxiety, sleep disturbances, nightmares and vivid dreams, have been reported with t...More",,DDInter1359
3,Depressive Disorder,Antiepileptic drugs can increase depression and suicidal thoughts or behaviors in patients receiving these drugs for any indication.  Patients should be monitored for the emergence or worsening of dep...More,,DDInter1360
3,Liver Diseases,"Most anticonvulsants are primarily metabolized by the liver.  Metabolic activity may be decreased in patients with liver disease, resulting in elevated drug levels and increased risk of toxicity.  The...More",,DDInter1360
3,Kidney Diseases,Most anticonvulsants are primarily excreted by the kidney.  The plasma clearance may be decreased and the half-life prolonged in patients with impaired renal function.  Therapy with anticonvulsants sh...More,,DDInter1360
2,Hyponatremia,Some anticonvulsants can cause clinically significant hyponatremia (Na < 125 mmol/L).  Therapy with these drugs should be administered cautiously in patients with conditions predisposing to hyponatrem...More,,DDInter1360
2,Depressive Disorder,Antiepileptic drugs (AEDs) have been associated with an increased risk of suicidal thoughts or behavior in patients taking these drugs for any indication.  Pooled analyses of 199 placebo-controlled cl...More,,DDInter1360
2,"Arrhythmias, Cardiac","Aromatic antiepileptic drugs such as phenytoin, carbamazepine, and oxcarbazepine, inhibit voltage- gated sodium channels and reduce membrane excitability in neurons and muscle and can be associated wi...More",,DDInter1360
2,Hematologic Diseases,"Rare events of pancytopenia, leukopenia, and agranulocytosis have been reported in patients treated with oxcarbazepine during postmarketing observations.  Discontinuation of the drug should be conside...More",,DDInter1360
2,Hypothyroidism,"Decreased values for thyroid function tests, especially T4 have been observed with the administration of oxcarbazepine.  This should be taken into account in patients with thyroid disorders.",,DDInter1360
No matching records,,,,DDInter1362
No matching records,,,,DDInter1363
No matching records,,,,DDInter1364
3,Diabetic Neuropathies,"Agents with anticholinergic activity can exacerbate many of the manifestations of autonomic neuropathy, including tachycardia, anhidrosis, bladder atony, obstipation, dry mouth and eyes, cycloplegia a...More",,DDInter1365
3,Dysentery,"The use of drugs with antiperistaltic activity (primarily antidiarrheal and antimuscarinic agents, but also antispasmodic agents such as dicyclomine or oxybutynin at high dosages) is contraindicated i...More",,DDInter1365
3,"Glaucoma, Angle-Closure",The use of oxybutynin is contraindicated in patients with uncontrolled angle-closure (narrow angle) or narrow anterior chamber glaucoma.  Oxybutynin exerts anticholinergic activity (1/5 that of atropi...More,,DDInter1365
3,Intestinal Obstruction,"The use of oxybutynin is contraindicated in patients with GI obstruction, ileus, atony, megacolon, toxic megacolon associated with ulcerative colitis, severe colitis, and obstructive uropathy.  Oxybut...More",,DDInter1365
3,Myasthenia Gravis,The use of oxybutynin is contraindicated in patients with myasthenia gravis.  Oxybutynin exerts direct antispasmodic effects on smooth muscle and inhibits the muscarinic action of acetylcholine on smo...More,,DDInter1365
2,Parkinson Disease,"Oxybutynin is associated with anticholinergic central nervous system (CNS) effects.  If a patient experiences anticholinergic CNS effects, dose reduction or drug discontinuation should be considered. ...More",,DDInter1365
3,Gastrointestinal Diseases,"Narcotic (opioid) analgesic agents increase smooth muscle tone in the gastrointestinal tract and decrease peristalsis, which can lead to elevated intraluminal pressure, spasm, and constipation followi...More",,DDInter1366
3,Dysentery,"Narcotic (opioid) analgesic agents may prolong and/or worsen diarrhea associated with organisms that invade the intestinal mucosa, such as toxigenic E. coli, Salmonella, Shigella, and pseudomembranous...More",,DDInter1366
3,Liver Diseases,"Narcotic (opioid) analgesic agents are extensively metabolized by the liver, and several of them (e.g., codeine, hydrocodone, meperidine, methadone, morphine, propoxyphene) have active metabolites tha...More",,DDInter1366
3,Premature Birth,"The use of narcotic (opioid) analgesic agents is contraindicated in premature infants.  These agents may cross the immature blood-brain barrier to a greater extent than in adults, resulting in disprop...More",,DDInter1366
3,Alcoholic Intoxication,The use of opiate agonists is contraindicated in patients with acute alcohol intoxication exhibiting depressed vital signs.  The central nervous system depressant effects of opiate agonists may be add...More,,DDInter1366
3,Substance-Related Disorders,"Opiate agonists have the potential to cause dependence and abuse.  Tolerance as well as physical and psychological dependence can develop after prolonged use.  Abrupt cessation, reduction in dosage, o...More",,DDInter1366
3,Intestinal Obstruction,"Opioid agonists are contraindicated in patients with known or suspected gastrointestinal obstruction, including paralytic ileus.",,DDInter1366
3,Hypotension,"Opiate agonists can induce vasodilation and significant hypotension, particularly when given in high dosages and/or by rapid intravenous administration.  Opiate analgesics cause vasodilatation that ma...More",,DDInter1366
3,Intracranial Hypertension,"The hypoventilation associated with administration of opiate agonists, particularly by the intravenous route, can induce cerebral hypoxia and vasodilatation with resultant increase in intracranial pre...More",,DDInter1366
3,Respiratory Insufficiency,"Opiate agonists may produce significant central nervous system and respiratory depression of varying duration, particularly when given in high dosages and/or by rapid intravenous administration.  Apne...More",,DDInter1366
No matching records,,,,DDInter1367
2,Prostatic Hyperplasia,"Topically applied sympathomimetic agents are systemically absorbed, with the potential for producing clinically significant systemic effects, particularly during prolonged or indiscriminate use.  In p...More",,DDInter1368
2,Cardiovascular Diseases,"Topically applied sympathomimetic agents are systemically absorbed, with the potential for producing clinically significant systemic effects, particularly during prolonged or indiscriminate use.  In c...More",,DDInter1368
2,Diabetes Mellitus,"Topically applied sympathomimetic agents are systemically absorbed, particularly during prolonged or indiscriminate use.  Slight increases in blood glucose concentrations may occur with the use of the...More",,DDInter1368
No matching records,,,,DDInter1369
No matching records,,,,DDInter1370
3,Prostatic Neoplasms,The use of androgenic anabolic steroids is contraindicated for male patients with carcinoma of the breast or prostate.  Circulating androgens can be converted in peripheral tissues to estrogens and di...More,,DDInter1371
3,Water-Electrolyte Imbalance,"Androgenic anabolic steroids may cause sodium and water retention, particularly when given in high dosages or for prolonged periods.  Therapy with these agents should be administered cautiously in pat...More",,DDInter1371
3,Breast Neoplasms,"When treated with androgenic anabolic steroids, patients with metastatic breast cancer may develop hypercalcemia due to osteolysis.  Frequent determination of urine and serum calcium levels is recomme...More",,DDInter1371
3,Hyperlipoproteinemias,"Androgenic anabolic steroids may adversely affect serum lipids, including lowering HDL and elevating LDL levels.  These changes can be marked, particularly with the 17-alpha-alkyl derivatives (i.e., f...More",,DDInter1371
3,Liver Diseases,"The use of androgenic anabolic steroids may be associated with development of cholestatic hepatitis and jaundice.  Other, more serious hepatotoxicities such as peliosis hepatis and hepatocellular neop...More",,DDInter1371
3,Polycythemia,Androgenic anabolic steroids may cause polycythemia when given in high dosages or for prolonged periods.  Patients with preexisting polycythemia may experience worsening of their condition.  Frequent ...More,,DDInter1371
3,Blood Coagulation Disorders,"Androgenic anabolic steroids may cause suppression of clotting factors II, V, VII, and X, and an increase in prothrombin time.  Androgen therapy should be administered cautiously in patients with blee...More",,DDInter1371
2,Diabetes Mellitus,The metabolic effects of androgenic anabolic steroids may lower blood glucose.  Decreased glucose tolerance and increased insulin resistance have also been reported.  Patients with diabetes mellitus s...More,,DDInter1371
2,Hypercalcemia,"Androgenic anabolic steroids decrease urinary excretion of calcium, which may result in hypercalcemia.  Therapy with androgenic agents should be administered cautiously in patients with hypercalcemia,...More",,DDInter1371
1,Thyroid Diseases,"When androgenic anabolic steroids are used in patients with thyroid disorders, clinicians should be aware that these agents may affect thyroid function tests.  Specifically, thyroid-binding globulin l...More",,DDInter1371
3,Gastrointestinal Diseases,"Narcotic (opioid) analgesic agents increase smooth muscle tone in the gastrointestinal tract and decrease peristalsis, which can lead to elevated intraluminal pressure, spasm, and constipation followi...More",,DDInter1372
3,Dysentery,"Narcotic (opioid) analgesic agents may prolong and/or worsen diarrhea associated with organisms that invade the intestinal mucosa, such as toxigenic E. coli, Salmonella, Shigella, and pseudomembranous...More",,DDInter1372
3,Liver Diseases,"Narcotic (opioid) analgesic agents are extensively metabolized by the liver, and several of them (e.g., codeine, hydrocodone, meperidine, methadone, morphine, propoxyphene) have active metabolites tha...More",,DDInter1372
3,Premature Birth,"The use of narcotic (opioid) analgesic agents is contraindicated in premature infants.  These agents may cross the immature blood-brain barrier to a greater extent than in adults, resulting in disprop...More",,DDInter1372
3,Alcoholic Intoxication,The use of opiate agonists is contraindicated in patients with acute alcohol intoxication exhibiting depressed vital signs.  The central nervous system depressant effects of opiate agonists may be add...More,,DDInter1372
3,Substance-Related Disorders,"Opiate agonists have the potential to cause dependence and abuse.  Tolerance as well as physical and psychological dependence can develop after prolonged use.  Abrupt cessation, reduction in dosage, o...More",,DDInter1372
3,Intestinal Obstruction,"Opioid agonists are contraindicated in patients with known or suspected gastrointestinal obstruction, including paralytic ileus.",,DDInter1372
3,Hypotension,"Opiate agonists can induce vasodilation and significant hypotension, particularly when given in high dosages and/or by rapid intravenous administration.  Opiate analgesics cause vasodilatation that ma...More",,DDInter1372
3,Intracranial Hypertension,"The hypoventilation associated with administration of opiate agonists, particularly by the intravenous route, can induce cerebral hypoxia and vasodilatation with resultant increase in intracranial pre...More",,DDInter1372
3,Respiratory Insufficiency,"Opiate agonists may produce significant central nervous system and respiratory depression of varying duration, particularly when given in high dosages and/or by rapid intravenous administration.  Apne...More",,DDInter1372
No matching records,,,,DDInter1373
3,Colitis,"Clostridioides difficile-associated diarrhea (CDAD), formerly pseudomembranous colitis, has been reported with almost all antibacterial drugs and may range from mild diarrhea to fatal colitis.  The mo...More",,DDInter1374
2,Diseases requiring hemodialysis,Oxytetracycline is partially removed by hemodialysis.  Doses should either be scheduled for administration after dialysis or supplemental doses be given after dialysis.,,DDInter1374
2,Liver Diseases,"The use of tetracyclines has rarely been associated with hepatotoxicity.  Histologic fatty changes of the liver, elevated liver enzymes, and jaundice have been reported, primarily in patients treated ...More",,DDInter1374
2,Kidney Diseases,Tetracyclines (except doxycycline) are eliminated by the kidney to various extent.  Patients with renal impairment may be at greater risk for tetracycline-associated hepatic and/or renal toxicity (inc...More,,DDInter1374
2,Esophageal Diseases,The use of oral tetracycline capsules and tablets has been associated with esophageal irritation and ulceration in patients who ingested the drug without sufficient fluid shortly before bedtime.  Ther...More,,DDInter1374
2,Vascular Diseases,"Hypertensive events, subarachnoid hemorrhage, and arrhythmias have occurred during oxytocin therapy.  Oxytocin possesses presser activity.  Caution is advised in patients with uncontrolled hypertensio...More",,DDInter1375
2,Edema,"Volume overload can occur during administration of oxytocin.  Oxytocin possess antidiuretic properties.  Consideration should, therefore, be given to the possibility of volume overload and water intox...More",,DDInter1375
3,Cardiovascular Diseases,"Ozanimod is contraindicated in patients who have had a recent myocardial infarction, those with unstable angina, stroke, transient ischemic attack, decompensated heart failure with hospitalization, or...More",,DDInter1376
2,Cardiac Conduction System Disease,The use of ozanimod may result in a transient decrease in heart rate and atrioventricular conduction delays upon starting treatment.  It is recommended to follow an up-titration scheme to reach the ma...More,,DDInter1376
2,Hypertension,The use of ozanimod may result in increased blood pressure.  Care should be exercised when using this drug in hypertensive patients and those at risk for hypertension.  It is recommended to monitor bl...More,,DDInter1376
2,Infections,Ozanimod may increase the risk of infections and some serious infections with opportunistic pathogens including viruses have been reported.  Because of reversible sequestration of lymphocytes in lymph...More,,DDInter1376
2,Liver Diseases,"The use of ozanimod may result in elevations of aminotransferases.  The use of ozanimod in patients with hepatic impairment is not recommended.  While on treatment with this drug, if a patient develop...More",,DDInter1376
2,Respiratory Insufficiency,The use of ozanimod may result in a dose-dependent reduction in absolute forced expiratory volume over 1 second (FEV1) and may manifest as early as 3 months after treatment initiation.  Care should be...More,,DDInter1376
2,Brain Diseases,Rare cases of posterior reversible encephalopathy syndrome (PRES) have been reported in patients receiving a sphingosine 1-phosphate receptor modulator.  It is recommended to promptly schedule a compl...More,,DDInter1376
2,Macular Edema,Macular edema has been reported with the use of sphingosine 1-phosphate (S1P) receptor modulators.  Care should be exercised when using these drugs in patients with a history of uveitis and patients w...More,,DDInter1376
2,Multiple Sclerosis,"Rare cases of severe exacerbation of multiple sclerosis (MS), including disease rebound, have been reported after discontinuation of sphingosine 1-phosphate receptor modulator in MS treated patients. ...More",,DDInter1376
No matching records,,,,DDInter1377
3,Cardiac Conduction System Disease,"Severe conduction abnormalities, some requiring pacemaker placement, have been reported during paclitaxel therapy.  Therapy with paclitaxel should be administered cautiously in patients with or predis...More",,DDInter1378
3,Liver Diseases,"Paclitaxel is extensively metabolized by the liver.  Patients with moderate to severe hepatic impairment may be at increased risk for hepatotoxicity.  Additionally, myelotoxicity of paclitaxel may be ...More",,DDInter1378
3,Bone Marrow Failure Disorders,"Paclitaxel induces dose-dependent myelosuppression, primarily affecting neutrophils.  Anemia characterized as a red blood cell count <11 g/dl has been reported in 78% of patients administered paclitax...More",,DDInter1378
3,Peripheral Nervous System Diseases,Dose-dependent peripheral neuropathy has been reported in 60% of patients during paclitaxel therapy.  Severe peripheral neuropathy is rare and requires a 20% reduction in dosage of paclitaxel.  Therap...More,,DDInter1378
2,Lung Diseases,"The use of certain multikinase inhibitors has been associated with pulmonary toxicity.  Serious cases of interstitial lung disease (ILD), including fatal cases and interstitial pneumonitis or pulmonar...More",,DDInter1379
2,Hepatic Insufficiency,Based on a population pharmacokinetic analysis with palbociclib mild hepatic impairment had no effect on the exposure of palbociclib.  Close monitoring is recommended when using this agent in patients...More,,DDInter1379
2,Neutropenia,"The use of palbociclib may cause neutropenia, including febrile neutropenia and neutropenic sepsis.  It is recommended to monitor complete blood counts prior to starting treatment and at the beginning...More",,DDInter1379
2,Premenopausal,Pre/perimenopausal women treated with the combination palbociclib plus fulvestrant therapy should be treated with luteinizing hormone-releasing hormone (LHRH) agonists according to current clinical pr...More,,DDInter1379
2,Kidney Diseases,Based on a population pharmacokinetic analysis with palbociclib mild and moderate renal impairment had no effect on the exposure of palbociclib.  Close monitoring is recommended when using this agent ...More,,DDInter1379
No matching records,,,,DDInter1380
3,Dementia,"Older patients with dementia-related psychosis treated with antipsychotic drugs are at an increased risk of death; although the causes were varied, most of the deaths appeared to be either cardiovascu...More",,DDInter1381
3,Long QT Syndrome,Some atypical antipsychotic agents can prolong the QTc interval of the electrocardiogram in a dose-dependent manner.  Electrolyte disturbances such as hypokalemia and hypomagnesemia may augment the pr...More,,DDInter1381
3,Neuroleptic Malignant Syndrome,The central dopaminergic blocking effects of neuroleptic agents may precipitate or aggravate a potentially fatal symptom complex known as neuroleptic malignant syndrome (NMS).  NMS is observed most fr...More,,DDInter1381
2,"Pneumonia, Aspiration",Esophageal dysmotility and aspiration have been associated with the use of antipsychotic drugs.  These drugs should be administered cautiously in patients at risk for aspiration pneumonia.,,DDInter1381
2,Seizures,Antipsychotic and neuroleptic drugs can lower the seizure threshold and trigger seizures in a dose-dependent manner.  This risk is greatest in patients with a history of seizures or with conditions th...More,,DDInter1381
2,Hematologic Diseases,"Cases of leukopenia, neutropenia, and agranulocytosis have been reported with the use of atypical antipsychotic agents.  Patients with preexisting low white blood cell count may be at increased risk. ...More",,DDInter1381
2,Hyperglycemia,"Hyperglycemia, in some cases extreme and associated with ketoacidosis or hyperosmolar coma or death, has been reported with the use of atypical antipsychotic agents.  Patients with diabetes should be ...More",,DDInter1381
2,Hypotension,The use of atypical antipsychotic agents has been associated with orthostatic hypotension and syncope.  Therapy with atypical antipsychotics should be administered cautiously in patients with hypotens...More,,DDInter1381
2,Dyslipidemias,"Atypical antipsychotic drugs have been associated with undesirable alterations in lipid levels.  While all agents in the class have been shown to produce some changes, each drug has its own specific r...More",,DDInter1381
2,Priapism,"Atypical antipsychotic agents with alpha-adrenergic blocking effects may cause priapism.  The condition is characterized by prolonged, often painful erections lasting longer than 4 hours.  If not trea...More",,DDInter1381
2,"Kidney Failure, Chronic","Mild to moderate renal impairment does not significantly affect palonosetron pharmacokinetic parameters.  However, total systemic exposure increased approximately 28% in patients with severe renal imp...More",,DDInter1382
2,Hepatic Insufficiency,No dosage adjustment for palonosetron is necessary for patients with mild to moderate hepatic impairment (Child-Pugh score 5 to 8).  Limited data are available in patients with severe hepatic impairme...More,,DDInter1382
2,Water-Electrolyte Imbalance,"Standard hypercalcemia- related metabolic parameters, such as serum levels of calcium, phosphate, magnesium, and potassium, should be carefully monitored following initiation of therapy with pamidrona...More",,DDInter1383
1,Kidney Diseases,"Pamidronate has been associated with renal toxicity manifested as deterioration of renal function, and potential renal failure.  Due to this risk, single doses of pamidronate disodium should not excee...More",,DDInter1383
2,Hyperuricemia,Porcine-derived pancreatic enzyme products contain purines that may increase blood uric acid levels.  Extremely high dosages of exogenous pancreatic enzymes have also been associated with hyperuricosu...More,,DDInter1384
No matching records,,,,DDInter1385
3,Water-Electrolyte Imbalance,"The use of certain EGFR inhibitors has been associated with progressive decreases in serum magnesium levels leading to severe cases of hypomagnesemia and accompanying electrolyte abnormalities, includ...More",,DDInter1386
3,Stevens-Johnson Syndrome,"Cutaneous reactions, in some cases severe, have been reported with the use of EGFR inhibitors.  Monitor patients who develop dermatologic or soft tissue toxicities while receiving these agents for the...More",,DDInter1386
3,Eye Diseases,"Some epidermal growth factor receptor (EGFR) inhibitors should be administered cautiously in patients with ocular disorders such as primary keratitis, ulcerative keratitis, or conjunctivitis.  It is r...More",,DDInter1386
3,Lung Diseases,"The use of certain EGFR inhibitors has been associated with pulmonary toxicity.  Serious cases of interstitial lung disease (ILD), including fatal cases and interstitial pneumonitis or pulmonary fibro...More",,DDInter1386
2,Liver Failure,No formal pharmacokinetic studies of panitumumab have been conducted in patients with renal or hepatic impairment.  Close monitoring is recommended.,,DDInter1386
3,Cardiotoxicity,"Severe and fatal cardiac ischemic events, as well as severe arrhythmias, and electrocardiogram (ECG) changes have occurred in patients receiving panobinostat.  Panobinostat may prolong cardiac ventric...More",,DDInter1387
2,Hepatic Insufficiency,Hepatic impairment can increase panobinostat exposure.  It is recommended to reduce the starting dose of panobinostat in patients with mild or moderate hepatic impairment.  Avoid the use of panobinost...More,,DDInter1387
2,Infections,"Localized and systemic infections, including pneumonia, bacterial infections, invasive fungal infections, and viral infections have been reported in patients taking panobinostat.  It is recommended to...More",,DDInter1387
2,Bone Marrow Failure Disorders,"Panobinostat causes myelosuppression.  Cases of severe thrombocytopenia, neutropenia and anemia have been reported with the use of panobinostat.  It is recommended to obtain a baseline CBC and monitor...More",,DDInter1387
2,Kidney Diseases,Mild renal impairment to severe renal impairment did not impact the plasma exposure of panobinostat.  The use of panobinostat has not been studied in patients with end stage renal disease or patients ...More,,DDInter1387
3,Clostridium Infections,"Published observational studies suggest that proton pump inhibitor (PPI) use may be associated with an increased risk of Clostridium difficile-associated diarrhea (CDAD), especially in hospitalized pa...More",,DDInter1388
2,Liver Diseases,"Pantoprazole is primarily metabolized by the liver.  In patients with mild to moderate hepatic impairment, little drug accumulation has been observed following once-daily, multiple-dose administration...More",,DDInter1388
2,"Fractures, Bone","Various published observational studies have reported that PPI therapy may be associated with an increased risk for osteoporosis related fractures of the hip, wrist or spine.  The risk was increased i...More",,DDInter1388
2,"Hypomagnesemia 1, Intestinal","Symptomatic and asymptomatic hypomagnesemia has been reported rarely in patients treated with PPIs for at least 3 months, in most cases after a year of therapy.  Serious adverse events can include tet...More",,DDInter1388
No matching records,,,,DDInter1389
No matching records,,,,DDInter1390
No matching records,,,,DDInter1391
No matching records,,,,DDInter1392
3,Hyperparathyroidism,"Patients known to have an underlying hypercalcemic disorder, such as primary hyperparathyroidism, should not be treated with parathyroid hormone and its analogs because of the risk of exacerbating hyp...More",,DDInter1393
3,Neoplasms,Parathyroid hormone and its analogs should not be used in patients who are at increased baseline risk for osteosarcoma.  These agents should only be used if the potential benefits are considered to ou...More,,DDInter1393
2,Kidney Diseases,Parathyroid hormone is eliminated by the kidney and maximum drug levels increased with renal impairment.  No dose adjustment is recommended in patients with mild to moderate renal impairment.  No stud...More,,DDInter1393
3,"Arrhythmias, Cardiac","Paricalcitol, a vitamin D analog, reduces hyperparathyroidism associated with chronic renal failure without significant increase in serum calcium levels.  Serum calcium and phosphate concentrations ca...More",,DDInter1394
3,Water-Electrolyte Imbalance,Vitamin D analogs administered in the presence of hyperphosphatemia can result in precipitation of calcium-phosphate deposits within the vascular or  renal systems or other soft tissue calcifications....More,,DDInter1394
3,Hypercalcemia,"Vitamin D analogs such as calciferol and ergocalciferol should not be given to patients with hypercalcemia, malabsorption syndrome, or evidence of vitamin D toxicity.",,DDInter1394
2,Liver Diseases,Paricalcitol is metabolized by the liver. Parent compound and metabolites are primarily eliminated by in the bile and feces.  Paricalcitol metabolites have not been characterized or identified. Metabo...More,,DDInter1394
No matching records,,,,DDInter1395
3,Intestinal Obstruction,The use of oral aminoglycosides is contraindicated in patients with intestinal obstruction.  Orally administered aminoglycosides are poorly absorbed from the gastrointestinal tract and primarily elimi...More,,DDInter1396
3,Colitis,"Clostridioides difficile-associated diarrhea (CDAD), formerly pseudomembranous colitis, has been reported with almost all antibacterial drugs and may range from mild diarrhea to fatal colitis.  The mo...More",,DDInter1396
3,Gastroenteritis,"Like other aminoglycosides, paromomycin is potentially oto- and nephrotoxic.  While it is poorly absorbed from the gastrointestinal tract, significant systemic absorption may occur if intestinal mucos...More",,DDInter1396
3,Depressive Disorder,Adult and pediatric patients with depression and other psychiatric disorders may experience worsening of their symptoms and may have the emergence of suicidal thoughts and behavior.  Patients should b...More,,DDInter1397
2,"Fractures, Bone",Some epidemiological studies have reported association between antidepressant treatment and bone fractures.  The extent of this risk is unknown.  Treatment with paroxetine should be administered with ...More,,DDInter1397
2,Kidney Diseases,Paroxetine may accumulate in renal dysfunction.  The mean plasma concentration of paroxetine in patients with creatinine clearance below 30 mL/min has been shown to be approximately four times greater...More,,DDInter1397
2,Hyponatremia,"Treatment with SSRI antidepressants can cause hyponatremia.  Caution should be used when treating patients with hyponatremia or at greater risk of hyponatremia such as the elderly, patients taking diu...More",,DDInter1397
2,Glaucoma,"Some SSRI antidepressants such as fluoxetine, paroxetine and sertraline may have an effect on pupil size causing dilation.  This effect can potentially narrow the eye angle resulting in increased intr...More",,DDInter1397
2,Liver Diseases,Selective serotonin reuptake inhibitors (SSRIs) are primarily metabolized by the liver.  The plasma concentrations of SSRIs and their metabolites may be increased and the half-lives prolonged in patie...More,,DDInter1397
2,Mania,"Selective serotonin reuptake inhibitors (SSRIs), like other antidepressants, may occasionally cause or activate mania or hypomania.  The reported incidence ranged from 0.1% to 2% in premarketing testi...More",,DDInter1397
2,Blood Platelet Disorders,"The use of selective serotonin reuptake inhibitors (SSRIs) has been associated with altered platelet function.  Petechiae, purpura, ecchymosis, increased bleeding times, epistaxis and gastrointestinal...More",,DDInter1397
2,Epilepsy,"Selective serotonin reuptake inhibitors (SSRIs) may trigger seizures in approximately 0.2% of patients, and some of them are not recommended in patients with unstable epilepsy.  Therapy with SSRIs sho...More",,DDInter1397
2,Inappropriate ADH Syndrome,"The use of selective serotonin reuptake inhibitors (SSRIs) has rarely been associated with hyponatremia, sometimes secondary to development of the syndrome of inappropriate secretion of antidiuretic h...More",,DDInter1397
3,Hepatic Insufficiency,"The use of pasireotide causes elevations in ALT or AST.  No dose adjustment is required in patients with mild hepatic impairment, but is required for patients with moderate hepatic impairment.  The us...More",,DDInter1398
2,Long QT Syndrome,The use of pasireotide is associated with QT prolongation.  Pasireotide should be used with caution in patients who are at significant risk of developing QT prolongation.  It is recommended to correct...More,,DDInter1398
2,Adrenal Insufficiency,Treatment with somatostatin analogs may suppress the pituitary hormones other than GH/IGF-1.  It is recommended to monitor pituitary function prior to initiation of therapy and periodically during tre...More,,DDInter1398
2,Bradycardia,Bradycardia has been reported with the use of somatostatin analogs.  It is recommended to carefully monitor patients with cardiac disorders for the development of bradycardia.  Dose adjustments of bet...More,,DDInter1398
2,Cholelithiasis,Somatostatin analogs may reduce gallbladder motility and lead to gallstones formation.  It is recommended to assess the gallbladder prior to starting therapy and periodically thereafter.,,DDInter1398
2,Diabetes Mellitus,Elevations in blood glucose levels have been reported with the use of somatostatin analogs.  Cushing's disease patients with poor glycemic control may be at a higher risk of developing severe hypergly...More,,DDInter1398
3,Gastrointestinal Diseases,"The use of patiromer should be avoided in patients with severe constipation, bowel obstruction or impaction, including abnormal post-operative bowel motility disorders, as this agent may be ineffectiv...More",,DDInter1399
2,"Hypomagnesemia 1, Intestinal","Patiromer binds to magnesium in the colon, which can lead to hypomagnesemia.  It is recommended to monitor serum magnesium concentrations during therapy.  Therapy with patiromer should be administered...More",,DDInter1399
3,Hemorrhage,"Pazopanib may increase the risk of bleeding.  Patients who have a history of hemoptysis, cerebral hemorrhage or those who have experienced clinically significant gastrointestinal hemorrhage in the pas...More",,DDInter1400
3,Liver Diseases,Severe and fatal hepatotoxicity has been observed with the use of pazopanib.  No dose adjustment is required in patients with mild hepatic impairment.  Pazopanib dose should be reduced to 200 mg per d...More,,DDInter1400
3,Peptic Ulcer Perforation,Inhibitors of vascular endothelial growth factor receptors (VEGFR) may cause gastrointestinal perforation and fistulae.  Avoid use of these agents in patients with ovarian cancer who have evidence of ...More,,DDInter1400
2,Cardiovascular Diseases,Patients should be carefully monitored for clinical signs or symptoms of congestive heart failure.  Baseline and periodic evaluation of LVEF is recommended in patients at risk of cardiac dysfunction i...More,,DDInter1400
2,Hypothyroidism,Hypothyroidism has been reported in patients taking pazopanib.  Therapy with pazopanib should be administered cautiously to patients with thyroid dysfunction.  Baseline laboratory measurement of thyro...More,,DDInter1400
2,Liver Diseases,Interstitial Lung Disease (ILD)/Pneumonitis has been reported with the use of pazopanib.  Monitor patients for pulmonary symptoms indicative of ILD/pneumonitis and discontinue pazopanib in patients de...More,,DDInter1400
2,Long QT Syndrome,"Pazopanib can cause QT prolongation which may lead to an increased risk for ventricular arrhythmias, including Torsade de Pointes.  This agent should be administered with caution in patients with a hi...More",,DDInter1400
2,Hypertension,Inhibitors of vascular endothelial growth factor receptors (VEGFR) have been associated with severe increases in blood pressure.  Therapy with these agents should be administered cautiously in patient...More,,DDInter1400
2,Posterior Leukoencephalopathy Syndrome,Posterior Reversible Encephalopathy Syndrome (PRES) has been reported with the use of inhibitors of vascular endothelial growth factor receptors (VEGFR) in clinical studies.  PRES is a neurological di...More,,DDInter1400
2,Proteinuria,The incidence and severity of proteinuria is increased in patients taking inhibitors of vascular endothelial growth factor receptors (VEGFR).  Therapy with these agents should be administered cautious...More,,DDInter1400
No matching records,,,,DDInter1401
3,Blood Platelet Disorders,Pegademase bovine should be used with caution in patients with thrombocytopenia.  This agent should not be used in patients with severe thrombocytopenia.  Pegademase is administered by IM injection an...More,,DDInter1402
3,Eye Infections,"Drugs requiring intravitreal administration (including aflibercept, faricimab, pegaptanib, and ranibizumab) are contraindicated in patients with active intraocular inflammation or ocular/periocular in...More",,DDInter1403
3,Hemorrhagic Disorders,"The use of pegaspargase is contraindicated in patients who developed significant bleeding with previous L-asparaginase therapy.  Pegaspargase interferes with coagulation factors, and both thrombosis a...More",,DDInter1404
3,Pancreatitis,The use of pegaspargase is contraindicated in patients with or a history of pancreatitis.  Pegaspargase can cause decreased insulin synthesis or inflammation and/or necrosis of cells of the pancreas. ...More,,DDInter1404
2,Liver Diseases,Reversible liver abnormalities such as elevated liver transaminase and bilirubin levels and decreased albumin synthesis have been reported during pegaspargase therapy.  Fatty changes and liver failure...More,,DDInter1404
2,Hyperglycemia,Hyperglycemia requiring insulin therapy has been reported during pegaspargase therapy.  Therapy with pegaspargase should be administered cautiously to patients with diabetes mellitus.,,DDInter1404
3,Glomerulonephritis,"Although it has been reported that renal dysfunction has no effect on the pharmacokinetics of colony stimulating factors (CSF), filgrastim and pegfilgrastim may cause glomerulonephritis.  Symptoms inc...More",,DDInter1405
3,"Leukemia, Myeloid","Colony stimulating factors primarily stimulates the proliferation of neutrophils but may also, theoretically, enhance tumor growth, particularly in myeloid malignancies.  Therapy with these drugs shou...More",,DDInter1405
3,Leukocytosis,"Filgrastim and pegfilgrastim are growth factors for neutrophil progenitor cells.  Therefore, these should not be used in patients with leukocytosis.  If excessive white blood cell counts occur during ...More",,DDInter1405
No matching records,,,,DDInter1406
3,Kidney Diseases,"Proteinuria (rare), not associated with a decrease in serum protein, is the most common renal toxicity observed with interferon- alfa therapy.  Increased BUN and serum creatinine levels, hematuria, ac...More",,DDInter1407
3,Autoimmune Diseases,"Antiviral interferons may exacerbate autoimmune disorders such as myositis, thyroiditis, systemic lupus erythematosus, rheumatoid arthritis, psoriasis, or autoimmune hepatitis.  Therapy should be avoi...More",,DDInter1407
3,Heart Diseases,"Hypertension, arrhythmias, angina, myocardial infarction, cardiomyopathy, and congestive heart failure have been reported during interferon therapy.  Therapy with interferons should be administered wi...More",,DDInter1407
3,"Hepatitis, Autoimmune",The use of peginterferons alfa are contraindicated in patients with autoimmune hepatitis.,,DDInter1407
3,Depressive Disorder,"Life-threatening or fatal neuropsychiatric reactions have been reported in patients receiving peginterferons alfa, including suicide, suicide ideation, homicidal ideation, depression, relapse of drug ...More",,DDInter1407
3,Liver Failure,"The use of peginterferons alfa are contraindicated in patients with hepatic decompensation (Child-Pugh score greater than 6, class B or C) in cirrhotic patients before treatment, and in patients with ...More",,DDInter1407
2,Bone Marrow Failure Disorders,"Peginterferons alfa suppress bone marrow function and may result in severe cytopenias.  Very rarely, it may be associated with aplastic anemia.  These drugs should be used with caution in patients wit...More",,DDInter1407
2,Endocrine System Diseases,"Peginterferons alfa can cause or aggravate hypothyroidism, hyperthyroidism, hyperglycemia, hypoglycemia and diabetes mellitus.  Treatment should be administered with caution on patients with these con...More",,DDInter1407
2,Eye Diseases,"Decrease or loss of vision, retinopathy including macular edema, retinal artery or vein thrombosis, retinal hemorrhages and cotton wool spots, optic neuritis, papilledema, and serious retinal detachme...More",,DDInter1407
2,Respiration Disorders,"Dyspnea, pulmonary infiltrates, pneumonia, bronchiolitis, pulmonary hypertension, and other pulmonary disorders resulting in respiratory failure and/or death may be induced or aggravated by alpha inte...More",,DDInter1407
3,Kidney Diseases,"Proteinuria (rare), not associated with a decrease in serum protein, is the most common renal toxicity observed with interferon- alfa therapy.  Increased BUN and serum creatinine levels, hematuria, ac...More",,DDInter1408
3,Autoimmune Diseases,"Antiviral interferons may exacerbate autoimmune disorders such as myositis, thyroiditis, systemic lupus erythematosus, rheumatoid arthritis, psoriasis, or autoimmune hepatitis.  Therapy should be avoi...More",,DDInter1408
3,Heart Diseases,"Hypertension, arrhythmias, angina, myocardial infarction, cardiomyopathy, and congestive heart failure have been reported during interferon therapy.  Therapy with interferons should be administered wi...More",,DDInter1408
3,Central Nervous System Diseases,"Reversible CNS effects such as seizures, mental status changes, manic behavior or psychotic reactions, gait disturbances, and dizziness have occurred in patients receiving interferons.  Therapy with i...More",,DDInter1408
3,Depressive Disorder,Interferons (alfa or beta) can induce depression and suicidal behavior.  Suicidal attempts and suicides have been reported.  Therapy with interferons (alfa or beta) should be administered cautiously t...More,,DDInter1408
3,Hypothyroidism,"Thyroid abnormalities, hypothyroidism or hyperthyroidism, have been reported in patients administered interferons.  Therapy with interferons should be administered cautiously to patients with thyroid ...More",,DDInter1408
3,"Hepatitis, Autoimmune",The use of peginterferons alfa are contraindicated in patients with autoimmune hepatitis.,,DDInter1408
3,Liver Failure,"The use of peginterferons alfa are contraindicated in patients with hepatic decompensation (Child-Pugh score greater than 6, class B or C) in cirrhotic patients before treatment, and in patients with ...More",,DDInter1408
3,Hemoglobinopathies,"The use of peginterferon alfa-2b is contraindicated in patients with hemoglobinopathies such as, thalassemia major, and sickle-cell anemia.",,DDInter1408
2,Colitis,"Fatal and nonfatal ulcerative or hemorrhagic/ischemic colitis have been observed within 12 weeks of the start of alpha interferon treatment.  Abdominal pain, bloody diarrhea, and fever are the typical...More",,DDInter1408
3,Liver Diseases,"Severe hepatic injury, including hepatitis, autoimmune hepatitis, cases of hepatic failure and asymptomatic transient increases in the concentrations of serum transaminases, have been reported in pati...More",,DDInter1409
2,Autoimmune Diseases,"Autoimmune disorders of multiple target organs including idiopathic thrombocytopenia, hyper- and hypothyroidism, and autoimmune hepatitis have been reported with interferon beta.  If patients develop ...More",,DDInter1409
2,Heart Failure,"Congestive heart failure, cardiomyopathy, and cardiomyopathy with congestive heart failure occur in patients receiving interferon beta.  It is recommended to monitor patients with significant cardiac ...More",,DDInter1409
2,Pancytopenia,"Interferon beta can cause decreased peripheral blood counts in all cell lines, including rare instances of pancytopenia and severe thrombocytopenia.  It is recommended to monitor patients for infectio...More",,DDInter1409
2,Depressive Disorder,"Depression, suicidal ideation, and suicide have been reported in patients receiving peginterferon beta.  Patients should be monitored for any evidence of depression or other psychiatric symptoms.  Pat...More",,DDInter1409
2,Injection Site Reaction,"Injection site reactions, including injection site necrosis, can occur with the use of subcutaneous interferon beta.  Caution should be exercised when prescribing this agent and the decisions to disco...More",,DDInter1409
2,Kidney Diseases,Pharmacokinetic studies have shown that renal impairment can increase the Cmax of Peginterferon beta-1a.  Caution should be taken when prescribing this agent to these patients.  It is recommended to m...More,,DDInter1409
2,Seizures,The use of peginterferon beta-1a may cause seizures.  Exercise caution when prescribing this agent to patients with a history of seizure disorders.  Close monitoring is recommended.,,DDInter1409
2,Thrombotic Microangiopathies,"Cases of thrombotic microangiopathy (TMA), including thrombotic thrombocytopenic purpura and hemolytic uremic syndrome, some fatal, have been reported with interferon beta products.  Discontinue thera...More",,DDInter1409
3,Glucosephosphate Dehydrogenase Deficiency,"The antihyperuricemic agents pegloticase and rasburicase are contraindicated in patients deficient in glucose-6-phosphate-dehydrogenase (G6PD), as these have shown to cause severe hemolytic reactions ...More",,DDInter1410
2,Heart Failure,"Pegloticase has not been formally studied in patients with congestive heart failure, and some patients in clinical trials have experienced exacerbation.  Caution should be exercised when using pegloti...More",,DDInter1410
No matching records,,,,DDInter1411
2,Diabetes Mellitus,"Pegvisomant is an analog of human growth hormone (GH) that selectively binds to growth hormone (GH) receptors on cell surfaces, where it blocks the binding of endogenous GH, and thus interferes with G...More",,DDInter1412
2,Liver Diseases,"Asymptomatic, transient elevations in transaminases up to 15 times ULN have been observed in patients treated with pegvisomant.  Baseline serum alanine aminotransferase (ALT), aspartate aminotransfera...More",,DDInter1412
3,Infections,"Because of their cytotoxic effects on rapidly proliferating tissues, antineoplastic agents frequently can, to varying extent, induce myelosuppression.  The use of these drugs may be contraindicated in...More",,DDInter1413
3,Cardiovascular Diseases,"The use of monoclonal antibodies administered via IV infusion may cause serious infusion reactions, including bronchospasm, hypoxia, dyspnea, fluctuations in blood pressure, laryngeal edema and pulmon...More",,DDInter1413
3,Tumor Lysis Syndrome,Tumor lysis syndrome (TLS) has occurred in patients receiving certain monoclonal antibodies.  Patients with high tumor burden and those with high circulating lymphocyte counts of greater than 25 X 10^...More,,DDInter1413
2,Myasthenia Gravis,Certain PD-1 inhibitors such as nivolumab and pembrolizumab should be used with caution in patients with myasthenia gravis (MG).  Worsening of myasthenic weakness has been reported in people with prev...More,,DDInter1413
2,Colitis,Immune-mediated colitis has been reported with the use of pembrolizumab.  Monitor patients for signs and symptoms of colitis.  It is recommended to administer corticosteroids at a dose of 1 to 2 mg/kg...More,,DDInter1413
2,Diabetes Mellitus,"Pembrolizumab can cause type 1 diabetes mellitus, including diabetic ketoacidosis.  Monitor for hyperglycemia or other signs and symptoms of diabetes.  Administer insulin for type 1 diabetes, and with...More",,DDInter1413
2,Hepatic Insufficiency,"Pembrolizumab can cause immune-mediated hepatitis.  Based on a population pharmacokinetic analysis, no dose adjustment is recommended for patients with mild hepatic impairment.  Caution is recommended...More",,DDInter1413
2,Multiple Myeloma,The use of pembrolizumab is not recommended in patients with multiple myeloma with a PD-1 or PD-L1 blocking antibody in combination with a thalidomide analog plus dexamethasone.  In two randomized cli...More,,DDInter1413
2,Pneumonia,"Immune-mediated pneumonitis, including fatal cases have been reported with the use of pembrolizumab.  Monitor patients for signs with radiographic imaging and for symptoms of pneumonitis.  It is recom...More",,DDInter1413
2,Kidney Diseases,"Pembrolizumab can cause immune-mediated nephritis.  Monitor patients for changes in renal function, including elevated serum creatinine, prior to and periodically during treatment.  It is recommended ...More",,DDInter1413
No matching records,,,,DDInter1414
No matching records,,,,DDInter1415
3,Mental Disorders,"The use of central nervous system (CNS) stimulants is contraindicated in patients with marked agitation and/or anxiety, since these symptoms may be aggravated.  CNS stimulants may also exacerbate symp...More",,DDInter1416
3,Heart Diseases,"The use of CNS stimulants is contraindicated in patients with significant cardiovascular impairment such as uncompensated heart failure, severe coronary disease, severe hypertension (including that as...More",,DDInter1416
3,Hypertension,"CNS stimulant medications have shown to increase blood pressure, and their use might be contraindicated in patients with severe hypertension.  Caution should be used when administering to patients wit...More",,DDInter1416
3,Liver Diseases,"In general, CNS stimulants are extensively metabolized by the liver.  Their plasma clearance may be decreased and their half-life prolonged in patients with impaired hepatic function.  Therapy with CN...More",,DDInter1416
3,Mental Disorders,"The use of CNS stimulants can cause psychotic or maniac symptoms, suicidal ideation, aggression and can exacerbate symptoms of behavior disturbance and thought disorder.  Psychiatric symptoms have bee...More",,DDInter1416
3,Substance-Related Disorders,"Central nervous system (CNS) stimulants, especially amphetamines, have significant potential for habituation and abuse.  Tolerance, psychological dependence and severe social dysfunction can develop a...More",,DDInter1416
3,Tics,"Central nervous system (CNS) stimulants have been reported to exacerbate Tourette's syndrome and other motor and phonic tics.  Therapy with CNS stimulants, if necessary, should be administered cautiou...More",,DDInter1416
3,Kidney Diseases,Pemoline is primarily eliminated by the kidney.  The plasma clearance of pemoline may be decreased and the half-life prolonged in patients with renal impairment.  Therapy with pemoline should be admin...More,,DDInter1416
2,Bipolar Disorder,"Central nervous system (CNS) stimulants may induce a mixed/manic episode in patients with bipolar disorder.  Prior to initiating treatment, screen patients for risk factors for developing a manic epis...More",,DDInter1416
2,Psychotic Disorders,Central nervous system (CNS) stimulants may exacerbate symptoms of behavior disturbance and thought disorder in patients with a preexisting psychotic disorder.  Close monitoring is recommended when us...More,,DDInter1416
3,Atrioventricular Block,The use of beta-adrenergic receptor blocking agents (aka beta-blockers) is contraindicated in patients with sinus bradyarrhythmia or heart block greater than the first degree (unless a functioning pac...More,,DDInter1417
3,"Shock, Cardiogenic",The use of beta-adrenergic receptor blocking agents (aka beta-blockers) is contraindicated in patients with hypotension or cardiogenic shock.  Due to their negative inotropic and chronotropic effects ...More,,DDInter1417
3,Heart Failure,Beta-adrenergic receptor blocking agents (aka beta-blockers) in general should not be used in patients with overt congestive heart failure (CHF).  Sympathetic stimulation may be important in maintaini...More,,DDInter1417
3,Diabetes Mellitus,"Beta-adrenergic receptor blocking agents (aka beta-blockers) may mask symptoms of hypoglycemia such as tremors, tachycardia and blood pressure changes.  In addition, the nonselective beta-blockers (e....More",,DDInter1417
3,Diseases requiring hemodialysis,"Therapy with beta-adrenergic receptor blocking agents (aka beta-blockers) should be administered cautiously in patients requiring hemodialysis.  When given after dialysis, hemodynamic stability should...More",,DDInter1417
3,Hypersensitivity,The use of beta-adrenergic receptor blocking agents (aka beta-blockers) in patients with a history of allergic reactions or anaphylaxis may be associated with heightened reactivity to culprit allergen...More,,DDInter1417
3,Myocardial Ischemia,"Heightened sensitivity to catecholamines may occur after prolonged use of beta-adrenergic receptor blocking agents (aka beta-blockers).  Exacerbation of angina, myocardial infarction and ventricular a...More",,DDInter1417
3,Peripheral Vascular Diseases,"Due to their negative inotropic and chronotropic effects on the heart, beta-adrenergic receptor blocking agents (aka beta-blockers) reduce cardiac output and may precipitate or aggravate symptoms of a...More",,DDInter1417
3,Asthma,"Some beta-adrenergic receptor blocking agents (i.e., non-cardioselective beta-blockers) are contraindicated in patients with bronchial asthma or with a history of bronchial asthma, or severe chronic o...More",,DDInter1417
3,Liver Diseases,Penbutolol is primarily metabolized by the liver.  Patients with liver disease may be at greater risk for adverse effects from penbutolol due to decreased drug clearance.  Therapy with penbutolol shou...More,,DDInter1417
No matching records,,,,DDInter1418
3,Bone Marrow Failure Disorders,The use of penicillamine is contraindicated in patients with a history of penicillamine-related aplastic anemia or agranulocytosis.,,DDInter1419
3,Kidney Diseases,"Penicillamine is considerably excreted by the kidney, and the risk of toxic reactions to this drug may be greater in patients with impaired renal function.  The use of penicillamine is contraindicated...More",,DDInter1419
2,Liver Diseases,Cases of intrahepatic cholestasis and toxic hepatitis have been reported with the use of penicillamine.  Care should be taken and liver function tests are recommended every six months for the duration...More,,DDInter1419
2,Myasthenia Gravis,"The use of penicillamine has been associated with fatalities due to certain diseases such as Goodpasture's syndrome, and myasthenia gravis.  Caution is advised in patients with these conditions.",,DDInter1419
2,Asthma,Penicillin products should be used with caution in individuals with histories of significant allergies and/or asthma.,,DDInter1419
3,Cardiovascular Diseases,"Parenteral use of pentamidine may be associated with serious and potentially fatal cardiovascular effects.  Sudden and severe hypotension, cardiorespiratory arrest, ventricular tachycardia, torsade de...More",,DDInter1420
3,Dehydration,Patients who are dehydrated may be particularly susceptible to the nephrotoxic and hypotensive effects associated with the parenteral use of pentamidine.  Dehydration should preferably be corrected pr...More,,DDInter1420
3,Diabetes Mellitus,"Pentamidine may have direct toxic effects on beta cells of the pancreas.  Hypoglycemia, which may be severe and/or prolonged, as well as hyperglycemia and insulin-dependent diabetes mellitus, the latt...More",,DDInter1420
3,Hematologic Diseases,"Hematologic toxicities have been associated occasionally with the parenteral use of pentamidine.  Leukopenia and, less frequently, thrombocytopenia have been reported and may be severe (e.g., leukocyt...More",,DDInter1420
3,Pancreatitis,"Acute and potentially fatal pancreatitis has been reported with parenteral use and, rarely, oral inhalation of pentamidine.  Patients with a history of or known risk factors for pancreatitis, such as ...More",,DDInter1420
3,Kidney Diseases,"Parenteral use of pentamidine may be associated with nephrotoxicity, usually evidenced by elevations in BUN or serum creatinine concentrations.  Azotemia has also been reported.  Although pentamidine-...More",,DDInter1420
2,Asthma,Orally inhaled pentamidine may induce bronchospasm and cough.  Therapy with aerosolized pentamidine should be administered cautiously in patients with severe bronchospastic disease or a history of ext...More,,DDInter1420
2,Liver Diseases,"Parenteral use of pentamidine may cause elevated liver function tests.  Therapy with pentamidine should be administered cautiously in patients with hepatic impairment.  Serum transaminase, alkaline ph...More",,DDInter1420
3,Gastrointestinal Diseases,"Narcotic (opioid) analgesic agents increase smooth muscle tone in the gastrointestinal tract and decrease peristalsis, which can lead to elevated intraluminal pressure, spasm, and constipation followi...More",,DDInter1421
3,Dysentery,"Narcotic (opioid) analgesic agents may prolong and/or worsen diarrhea associated with organisms that invade the intestinal mucosa, such as toxigenic E. coli, Salmonella, Shigella, and pseudomembranous...More",,DDInter1421
3,Liver Diseases,"Narcotic (opioid) analgesic agents are extensively metabolized by the liver, and several of them (e.g., codeine, hydrocodone, meperidine, methadone, morphine, propoxyphene) have active metabolites tha...More",,DDInter1421
3,Premature Birth,"The use of narcotic (opioid) analgesic agents is contraindicated in premature infants.  These agents may cross the immature blood-brain barrier to a greater extent than in adults, resulting in disprop...More",,DDInter1421
3,Intestinal Obstruction,"Opioid agonists are contraindicated in patients with known or suspected gastrointestinal obstruction, including paralytic ileus.",,DDInter1421
3,Myocardial Infarction,"Opiate partial agonists may increase systemic and pulmonary arterial pressure and systemic vascular resistance, particularly when given by intravenous administration.  Data are available for pentazoci...More",,DDInter1421
3,Substance-Related Disorders,"Opiate partial agonists have the potential to cause dependence and abuse, particularly in patients with a history of drug abuse.  Tolerance as well as physical and psychological dependence can develop...More",,DDInter1421
3,Intracranial Hypertension,The hypoventilation associated with administration of opiate partial agonists can induce cerebral hypoxia and vasodilatation with resultant increase in intracranial pressure.  Unless mechanical ventil...More,,DDInter1421
3,Respiratory Insufficiency,"Opiate partial agonists may produce respiratory depression by decreasing respiratory drive and increasing airway resistance.  A ""ceiling effect"" has been noted for these agents, and increasing doses d...More",,DDInter1421
2,Adrenal Insufficiency,"Patients with Addison's disease may have increased risk of respiratory depression and prolonged CNS depression associated with the use of narcotic (opioid) analgesic agents.  Conversely, these agents ...More",,DDInter1421
2,Asthma,"The use of the nebulized radiomitigation chelators, pentetate zinc trisodium, and pentetate calcium trisodium is associated with asthma exacerbation.  Caution is recommended when using these agents in...More",,DDInter1422
2,Hemochromatosis,Pentetate calcium trisodium should be used only as a single dose in patients with hemochromatosis.  Deaths have been reported in patients with severe hemochromatosis with the use of pentetate calcium ...More,,DDInter1422
2,Water-Electrolyte Imbalance,Radiomitigation chelators such as pentetate zinc trisodium and pentetate calcium trisodium treatment may lead to depletion of body stores of endogenous metals.  The risk for depletion increases when t...More,,DDInter1422
2,Kidney Diseases,"Radiomitigation chelators such as pentetate zinc trisodium and pentetate calcium trisodium are excreted by glomerular filtration.  No dose adjustment is needed; however, care should be exercised when ...More",,DDInter1422
3,Alcoholic Intoxication,The use of barbiturates is contraindicated in patients with acute alcohol intoxication exhibiting depressed vital signs.  The central nervous system depressant effects of barbiturates may be additive ...More,,DDInter1423
3,Substance-Related Disorders,"Barbiturates have the potential to cause dependence and abuse.  Tolerance as well as physical and psychological dependence can develop, particularly after prolonged use of excessive dosages.  Abrupt c...More",,DDInter1423
3,Liver Diseases,Barbiturates are extensively metabolized by the liver.  The plasma clearance of barbiturates may be decreased and the half-lives prolonged in patients with impaired hepatic function.  Therapy with bar...More,,DDInter1423
3,Porphyrias,The use of barbiturates is contraindicated in patients with a history of porphyria.  Barbiturates may exacerbate acute intermittent porphyria or porphyria variegata by inducing the enzymes responsible...More,,DDInter1423
3,Exanthema,"Skin eruptions may precede rare but potentially fatal barbiturate-induced reactions such as systemic lupus erythematosus and exfoliative dermatitis, the latter of which may be accompanied by hepatitis...More",,DDInter1423
3,Respiratory Insufficiency,"Barbiturates may produce severe respiratory depression, apnea, laryngospasm, bronchospasm and cough, particularly during rapid intravenous administration.  In usual hypnotic dosages, the degree of res...More",,DDInter1423
3,Cardiovascular Diseases,"The intravenous administration of barbiturates may produce severe cardiovascular reactions such as bradycardia, hypertension, or vasodilation with fall in blood pressure, particularly during rapid inf...More",,DDInter1423
3,Hypotension,Barbiturates should not be administered by injection to patients in shock or coma or who have recently received another respiratory depressant.  The hypnotic and hypotensive effects of these agents ma...More,,DDInter1423
2,Adrenal Insufficiency,"Barbiturates, especially phenobarbital, secobarbital and butabarbital, may diminish the systemic effects of exogenous and endogenous corticosteroids via induction of hepatic microsomal enzymes, thereb...More",,DDInter1423
2,Depressive Disorder,Barbiturates depress the central nervous system and may cause or exacerbate mental depression.  Therapy with barbiturates should be administered cautiously in patients with a history of depression or ...More,,DDInter1423
2,Hemorrhage,"Pentosan polysulfate sodium induces weak anticoagulant activity (1/15 the activity of heparin).  Bleeding complications (ecchymosis, epistaxis, bleeding gums) have occurred.  Increases in PT and  PTT,...More",,DDInter1424
2,Hepatic Insufficiency,"The use of pentosan polysulfate sodium has not been studied in patients with hepatic insufficiency.  Because there is evidence of hepatic contribution to the elimination of this drug, hepatic impairme...More",,DDInter1424
3,Infections,"Because of their cytotoxic effects on rapidly proliferating tissues, antineoplastic agents frequently can, to varying extent, induce myelosuppression.  The use of these drugs may be contraindicated in...More",,DDInter1425
3,Bone Marrow Failure Disorders,"Pentostatin can induce myelosuppression, primarily during the initial courses of therapy.  Disease status, including a bone marrow examination, should be determined if severe neutropenia continues.  P...More",,DDInter1425
3,Kidney Diseases,Pentostatin is primarily eliminated by the kidney and is a nephrotoxic drug.  Approximately 90% of pentostatin is excreted as unchanged drug and/or metabolites in the urine.  Pentostatin clearance is ...More,,DDInter1425
3,Cerebral Hemorrhage,The use of pentoxifylline is contraindicated in patients with recent cerebral and/or retinal hemorrhage.  Dose-related hemorrhagic effects can occur.,,DDInter1426
2,Cardiomyopathies,"Although pentoxifylline has been used safely to treat peripheral arterial disease in patients with concurrent coronary artery and cerebrovascular diseases, there have been occasional reports of angina...More",,DDInter1426
2,Hepatic Insufficiency,"In patients with hepatic or renal impairment, the exposure to pentoxifylline and/or active metabolites is increased.  The consequences of the increase in drug exposure are not known.  Caution is advis...More",,DDInter1426
No matching records,,,,DDInter1427
3,Kidney Diseases,"Perampanel should be used with caution in patients with moderate renal impairment, and slower titration may be considered.  No dose adjustment is required in patients with mild renal impairment.  Care...More",,DDInter1428
2,Depressive Disorder,Antiepileptic drugs (AEDs) have been associated with an increased risk of suicidal thoughts or behavior in patients taking these drugs for any indication.  Pooled analyses of 199 placebo-controlled cl...More,,DDInter1428
2,Hypertriglyceridemia,"Increased levels of triglycerides have occurred in patients using perampanel.  Care should be taken when prescribing this agent to patients with high triglycerides levels, and close monitoring of lipi...More",,DDInter1428
2,Weight Gain,"Weight gain has occurred with the use of perampanel.  Care should be taken when prescribing this agent to patients predisposed to weight gain, and regular monitoring of weight is recommended.",,DDInter1428
2,Hepatic Insufficiency,The use of perampanel in patients with severe hepatic impairment is not recommended.  Dosage adjustments are recommended in patients with mild or moderate hepatic impairment as the half-life of peramp...More,,DDInter1428
3,Cardiovascular Diseases,"Serious cardiopulmonary reactions including fatalities have uncommonly occurred during or shortly following perflutren- containing microsphere administration, typically within 30 minutes of administra...More",,DDInter1429
2,Hepatic Insufficiency,The pharmacokinetics of activated perflutren has not been studied in subjects with hepatic disease.  Caution is advised if used in these patients.,,DDInter1429
3,Hypotension,"Dopamine agonists may impair the systemic regulation of blood pressure, with resultant orthostatic hypotension, especially during dose escalation.  Therapy with dopamine agonists should be monitored c...More",,DDInter1430
3,Neuroleptic Malignant Syndrome,"The use of dopamine agonists is contraindicated in patients with neuroleptic malignant syndrome (NMS).  NMS is characterized by hyperthermia, muscle rigidity, altered mental status, irregular pulse or...More",,DDInter1430
3,Psychotic Disorders,"The use of dopamine agonists has been associated with psychiatric effects such as hallucinations, psychosis, confusion, anxiety, mania, hypomania, depression, rapid mood cycling, nightmares, and hyper...More",,DDInter1430
3,Psychotic Disorders,"Ordinarily, patients with major psychotic disorder should not be treated with dopaminergic antiparkinson agents, because of the risk of exacerbating psychosis.  Hallucinations and psychotic-like behav...More",,DDInter1430
3,Heart Valve Diseases,"The use of pergolide has been shown to increase the risk of cardiac valvular disease involving one or more valves.  Some patients have required valve replacement, and deaths have been reported.  Speci...More",,DDInter1430
3,Angioedema,The use of these agents is contraindicated in patients with hereditary angioedema or a history of idiopathic angioedema.  Patients with a history of angioedema unrelated to ACE inhibitors may be at in...More,,DDInter1431
3,Bone Marrow Failure Disorders,"ACE inhibitors may cause bone marrow suppression, rarely in uncomplicated individuals but more frequently in patients with renal impairment, especially if they also have a collagen-vascular disease su...More",,DDInter1431
3,Heart Failure,"ACE inhibitors can cause marked renal impairment in patients whose renal function depends on the activity of the renin-angiotensin-aldosterone system.  In addition, symptomatic and sometimes excessive...More",,DDInter1431
3,Diseases requiring hemodialysis,Anaphylactoid reactions have been reported in patients undergoing hemodialysis with high-flux polyacrylonitrile membranes and treated concomitantly with an ACE inhibitor.  The frequency and mechanism ...More,,DDInter1431
3,Hyperkalemia,"In patients with hyperkalemia, especially those associated with impaired renal function or congestive heart failure, ACE inhibitors may further raise serum potassium levels.  Therapy with ACE inhibito...More",,DDInter1431
3,Hypotension,"ACE inhibitors can cause symptomatic hypotension, most often during the initiation of therapy and in patients who are volume- and/or sodium-depleted or treated for congestive heart failure (CHF).  The...More",,DDInter1431
2,Liver Diseases,"Rarely, elevations of liver enzymes and/or serum bilirubin have occurred with the use of ACE inhibitors.  Patients receiving ACE inhibitors who develop jaundice or marked elevations of hepatic enzymes...More",,DDInter1431
2,Kidney Diseases,"With the exception of fosinopril, ACE inhibitors (and/or their active metabolites in some cases) are primarily eliminated by the kidney and may accumulate in patients with renal impairment.  ACE inhib...More",,DDInter1431
2,Hepatic Insufficiency,"The bioavailability of perindoprilat, the active moiety of perindopril is increased in patients with impaired hepatic function.  Plasma concentrations of perindoprilat in patients with impaired liver ...More",,DDInter1431
3,Dementia,"Older patients with dementia-related psychosis treated with antipsychotic drugs are at an increased risk of death; although the causes were varied, most of the deaths appeared to be either cardiovascu...More",,DDInter1432
3,Hepatic Insufficiency,The manufacturer considers the use of perphenazine to be contraindicated in patients with preexisting liver damage.  Phenothiazines are extensively metabolized by the liver and may accumulate in patie...More,,DDInter1432
3,Alcoholic Intoxication,The use of phenothiazines is contraindicated in patients with acute alcohol intoxication exhibiting depressed vital signs.  The central nervous system depressant effects of phenothiazines may be addit...More,,DDInter1432
3,Cardiovascular Diseases,"Phenothiazines may cause hypotension (including orthostatic hypotension), reflex tachycardia, increased pulse rate, syncope, and dizziness, particularly after the first parenteral dose but rarely afte...More",,DDInter1432
3,Respiratory Insufficiency,The use of phenothiazines is contraindicated in comatose patients and patients with severe central nervous system depression.  Phenothiazines may potentiate the CNS and respiratory depression in these...More,,DDInter1432
3,Craniocerebral Trauma,"The use of phenothiazines is contraindicated in patients with suspected or established subcortical brain damage, with or without hypothalamic involvement.  Phenothiazines can interfere with thermoregu...More",,DDInter1432
2,Anticholinergic Syndrome,"Phenothiazines have anticholinergic activity, to which elderly patients are particularly sensitive.  Low-potency agents such as chlorpromazine and thioridazine tend to exhibit greater anticholinergic ...More",,DDInter1432
2,Breast Neoplasms,"The chronic use of phenothiazines is associated with persistent elevations in prolactin levels.  Based on in vitro data, approximately one-third of human breast cancers are thought to be prolactin-dep...More",,DDInter1432
2,Dystonic Disorders,"Phenothiazines may cause acute, dose-related dystonic reactions secondary to central dopaminergic blockade.  These reactions are characterized by spastic contraction of discrete muscle groups and may ...More",,DDInter1432
2,Hematologic Diseases,"Phenothiazines may infrequently cause hematologic toxicity, including agranulocytosis, thrombocytopenia, eosinophilia, aplastic anemia, purpura, granulocytopenia, and hemolytic anemia.  Mild leukopeni...More",,DDInter1432
No matching records,,,,DDInter1433
3,Lung Diseases,"Pulmonary toxicity, sometimes fatal has been reported with agents that block HER2 activity.  Pulmonary toxicity includes dyspnea, interstitial pneumonitis, pulmonary infiltrates, pleural effusions, no...More",,DDInter1434
2,Heart Failure,"Decreases in left ventricular ejection fraction (LVEF) have been reported with agents that block HER2 activity.  Patients who have received prior anthracyclines, those who received anthracycline after...More",,DDInter1434
2,Peripheral Nervous System Diseases,"Peripheral neuropathy has been reported with the use of agents that block HER2 activity.  Patients experiencing peripheral neuropathy may require temporary interruption, dose reduction, or treatment d...More",,DDInter1434
2,Thrombocytopenia,Thrombocytopenia has been reported with the use of agents that block HER2 activity.  Monitor platelet counts prior to initiation of therapy and prior to each dose.  If appropriate modify the dose acco...More,,DDInter1434
2,Kidney Diseases,No dose adjustment of pertuzumab is necessary in patients with mild or moderate renal impairment.  Caution should be exercised if pertuzumab is used in patients with severe renal impairment as there i...More,,DDInter1434
No matching records,,,,DDInter1435
No matching records,,,,DDInter1436
No matching records,,,,DDInter1437
3,Glucosephosphate Dehydrogenase Deficiency,Patients with glucose-6-phosphate dehydrogenase (G-6-PD) deficiency may be at increased risk for phenazopyridine-induced methemoglobinemia and hemolytic anemia.  These conditions have occurred rarely ...More,,DDInter1438
3,Hepatitis,"The use of phenazopyridine is contraindicated in patients with severe hepatitis.  Rare cases of hepatotoxicity have been associated with phenazopyridine, usually at overdose levels.  Hypersensitivity ...More",,DDInter1438
3,Kidney Diseases,The use of phenazopyridine is contraindicated in patients with impaired renal function.  Phenazopyridine is primarily eliminated unchanged by the kidney and may accumulate to toxic levels during prolo...More,,DDInter1438
3,Cardiovascular Diseases,"The use of amphetamines and amphetamine-like drugs is contraindicated in patients with advanced arteriosclerosis, symptomatic or unstable cardio- or cerebrovascular disease, moderate to severe hyperte...More",,DDInter1439
3,Glaucoma,"The use of amphetamines and amphetamine-like drugs is contraindicated in patients with narrow-angle glaucoma or anatomically narrow angles.  Like other sympathomimetic amines, amphetamines can induce ...More",,DDInter1439
3,Mental Disorders,"The use of central nervous system (CNS) stimulants is contraindicated in patients with marked agitation and/or anxiety, since these symptoms may be aggravated.  CNS stimulants may also exacerbate symp...More",,DDInter1439
3,Heart Diseases,"The use of CNS stimulants is contraindicated in patients with significant cardiovascular impairment such as uncompensated heart failure, severe coronary disease, severe hypertension (including that as...More",,DDInter1439
3,Hypertension,"CNS stimulant medications have shown to increase blood pressure, and their use might be contraindicated in patients with severe hypertension.  Caution should be used when administering to patients wit...More",,DDInter1439
3,Liver Diseases,"In general, CNS stimulants are extensively metabolized by the liver.  Their plasma clearance may be decreased and their half-life prolonged in patients with impaired hepatic function.  Therapy with CN...More",,DDInter1439
3,Mental Disorders,"The use of CNS stimulants can cause psychotic or maniac symptoms, suicidal ideation, aggression and can exacerbate symptoms of behavior disturbance and thought disorder.  Psychiatric symptoms have bee...More",,DDInter1439
3,"Hypertension, Pulmonary","The use of some CNS stimulants has been associated with an increased risk of developing pulmonary hypertension, a rare but fatal disorder.  The onset or aggravation of exertional dyspnea, or unexplain...More",,DDInter1439
3,Substance-Related Disorders,"Central nervous system (CNS) stimulants, especially amphetamines, have significant potential for habituation and abuse.  Tolerance, psychological dependence and severe social dysfunction can develop a...More",,DDInter1439
3,Tics,"Central nervous system (CNS) stimulants have been reported to exacerbate Tourette's syndrome and other motor and phonic tics.  Therapy with CNS stimulants, if necessary, should be administered cautiou...More",,DDInter1439
3,Cerebrovascular Disorders,"The use of monoamine oxidase inhibitor (MAOI) antidepressants is contraindicated in patients with cerebrovascular or cardiovascular disease, including hypertension and congestive heart failure.  Nonsp...More",,DDInter1440
3,Malignant Carcinoid Syndrome,"The use of nonspecific monoamine oxidase inhibitors (MAOIs) is contraindicated in patients with carcinoid syndrome.  Nonspecific MAOIs inhibit the breakdown of pressor amines, including serotonin, and...More",,DDInter1440
3,Headache,"The use of monoamine oxidase inhibitor (MAOI) antidepressants is contraindicated in patients with a history of headaches.  Nonspecific MAOIs inhibit the breakdown of pressor amines, the accumulation o...More",,DDInter1440
3,Hyperthyroidism,"Nonspecific monoamine oxidase inhibitors (MAOIs) inhibit the breakdown of pressor amines, the accumulation of which can precipitate hypertensive crises.  Intracranial hemorrhage and death have resulte...More",,DDInter1440
3,Liver Diseases,The use of monoamine oxidase inhibitor (MAOI) antidepressants is contraindicated in patients with abnormal liver function tests or a history of liver disease.  A low incidence of altered liver functio...More,,DDInter1440
3,Pheochromocytoma,"The use of nonspecific monoamine oxidase inhibitors (MAOIs) is contraindicated in patients with pheochromocytoma or other tumors of the adrenal medulla, such as some neuroblastomas, that secrete press...More",,DDInter1440
3,Kidney Diseases,The use of monoamine oxidase inhibitor (MAOI) antidepressants is contraindicated in patients with severe renal dysfunction.  These drugs may accumulate in plasma when renal function is impaired.,,DDInter1440
3,Alcoholism,The use of monoamine oxidase inhibitors with alcohol or any other CNS depressants is contraindicated.,,DDInter1440
3,Depressive Disorder,Adult and pediatric patients with depression and other psychiatric disorders may experience worsening of their symptoms and may have the emergence of suicidal thoughts and behavior.  Patients should b...More,,DDInter1440
3,Cardiovascular disease,"The use of most monoamine oxidase inhibitors (MAOIs) is contraindicated in patients with diagnosed cardiovascular disease, hypertension, or confirmed or suspected cerebrovascular disorders.  These dru...More",,DDInter1440
No matching records,,,,DDInter1441
3,Alcoholic Intoxication,The use of barbiturates is contraindicated in patients with acute alcohol intoxication exhibiting depressed vital signs.  The central nervous system depressant effects of barbiturates may be additive ...More,,DDInter1442
3,Substance-Related Disorders,"Barbiturates have the potential to cause dependence and abuse.  Tolerance as well as physical and psychological dependence can develop, particularly after prolonged use of excessive dosages.  Abrupt c...More",,DDInter1442
3,Liver Diseases,Barbiturates are extensively metabolized by the liver.  The plasma clearance of barbiturates may be decreased and the half-lives prolonged in patients with impaired hepatic function.  Therapy with bar...More,,DDInter1442
3,Porphyrias,The use of barbiturates is contraindicated in patients with a history of porphyria.  Barbiturates may exacerbate acute intermittent porphyria or porphyria variegata by inducing the enzymes responsible...More,,DDInter1442
3,Exanthema,"Skin eruptions may precede rare but potentially fatal barbiturate-induced reactions such as systemic lupus erythematosus and exfoliative dermatitis, the latter of which may be accompanied by hepatitis...More",,DDInter1442
3,Respiratory Insufficiency,"Barbiturates may produce severe respiratory depression, apnea, laryngospasm, bronchospasm and cough, particularly during rapid intravenous administration.  In usual hypnotic dosages, the degree of res...More",,DDInter1442
3,Cardiovascular Diseases,"The intravenous administration of barbiturates may produce severe cardiovascular reactions such as bradycardia, hypertension, or vasodilation with fall in blood pressure, particularly during rapid inf...More",,DDInter1442
3,Hypotension,Barbiturates should not be administered by injection to patients in shock or coma or who have recently received another respiratory depressant.  The hypnotic and hypotensive effects of these agents ma...More,,DDInter1442
3,Kidney Diseases,"The long-acting barbiturate, phenobarbital, is partially eliminated by the kidney.  The plasma clearance of phenobarbital may be decreased and the half-life prolonged in patients with impaired renal f...More",,DDInter1442
2,Depressive Disorder,Antiepileptic drugs (AEDs) have been associated with an increased risk of suicidal thoughts or behavior in patients taking these drugs for any indication.  Pooled analyses of 199 placebo-controlled cl...More,,DDInter1442
No matching records,,,,DDInter1443
3,Cardiomyopathies,"The use of phenoxybenzamine is contraindicated when a decrease in blood pressure may be undesirable, such as in patients with marked cerebrovascular or coronary insufficiency in whom ischemia may be a...More",,DDInter1444
2,Kidney Diseases,Phenoxybenzamine should be administered with caution in patients with marked renal damage.,,DDInter1444
2,Respiratory Tract Infections,The adrenergic blocking effect of phenoxybenzamine may aggravate the symptoms of respiratory infections.  Caution is recommended when treating patients with respiratory infections.,,DDInter1444
3,Colitis,"Clostridioides difficile-associated diarrhea (CDAD), formerly pseudomembranous colitis, has been reported with almost all antibacterial drugs and may range from mild diarrhea to fatal colitis.  The mo...More",,DDInter1445
2,Asthma,Penicillin products should be used with caution in individuals with histories of significant allergies and/or asthma.,,DDInter1445
No matching records,,,,DDInter1446
3,Cardiovascular Diseases,"The use of amphetamines and amphetamine-like drugs is contraindicated in patients with advanced arteriosclerosis, symptomatic or unstable cardio- or cerebrovascular disease, moderate to severe hyperte...More",,DDInter1447
3,Glaucoma,"The use of amphetamines and amphetamine-like drugs is contraindicated in patients with narrow-angle glaucoma or anatomically narrow angles.  Like other sympathomimetic amines, amphetamines can induce ...More",,DDInter1447
3,Mental Disorders,"The use of central nervous system (CNS) stimulants is contraindicated in patients with marked agitation and/or anxiety, since these symptoms may be aggravated.  CNS stimulants may also exacerbate symp...More",,DDInter1447
3,Heart Diseases,"The use of CNS stimulants is contraindicated in patients with significant cardiovascular impairment such as uncompensated heart failure, severe coronary disease, severe hypertension (including that as...More",,DDInter1447
3,Hypertension,"CNS stimulant medications have shown to increase blood pressure, and their use might be contraindicated in patients with severe hypertension.  Caution should be used when administering to patients wit...More",,DDInter1447
3,Liver Diseases,"In general, CNS stimulants are extensively metabolized by the liver.  Their plasma clearance may be decreased and their half-life prolonged in patients with impaired hepatic function.  Therapy with CN...More",,DDInter1447
3,Mental Disorders,"The use of CNS stimulants can cause psychotic or maniac symptoms, suicidal ideation, aggression and can exacerbate symptoms of behavior disturbance and thought disorder.  Psychiatric symptoms have bee...More",,DDInter1447
3,"Hypertension, Pulmonary","The use of some CNS stimulants has been associated with an increased risk of developing pulmonary hypertension, a rare but fatal disorder.  The onset or aggravation of exertional dyspnea, or unexplain...More",,DDInter1447
3,Substance-Related Disorders,"Central nervous system (CNS) stimulants, especially amphetamines, have significant potential for habituation and abuse.  Tolerance, psychological dependence and severe social dysfunction can develop a...More",,DDInter1447
3,Tics,"Central nervous system (CNS) stimulants have been reported to exacerbate Tourette's syndrome and other motor and phonic tics.  Therapy with CNS stimulants, if necessary, should be administered cautiou...More",,DDInter1447
3,Cardiomyopathies,"The use of phentolamine is contraindicated in patients with myocardial infarction, or a history of myocardial infarction, coronary artery disease or insufficiency, or angina.  Hypotension due to decre...More",,DDInter1448
2,Cerebrovascular Disorders,Cerebrovascular spasms and occlusions have occurred as a result of marked hypotension during phentolamine therapy.  Therapy with phentolamine should be administered cautiously in patients with or a hi...More,,DDInter1448
2,Liver Failure,The pharmacokinetic disposition of phentolamine has not been fully determined.  Limited data suggest that phentolamine is metabolized by the liver.  Phentolamine is eliminated by the kidney and approx...More,,DDInter1448
No matching records,,,,DDInter1449
No matching records,,,,DDInter1450
No matching records,,,,DDInter1451
3,Water-Electrolyte Imbalance,"The use of sodium phenylbutyrate may cause fluid retention in patients with congestive heart failure, renal dysfunction, or sodium retention with edema.  Sodium phenylbutyrate is primarily excreted by...More",,DDInter1452
2,Liver Diseases,Sodium phenylbutyrate is primarily metabolized in the liver and kidney.  Therapy with sodium phenylbutyrate should be administered cautiously in patients with liver disease.  Monitoring plasma levels ...More,,DDInter1452
2,Neurotoxicity Syndromes,"Sodium phenylbutyrate is a pro-drug and is rapidly metabolized to the active, phenylacetate.  Neurotoxicity, including exacerbation of a preexisting neuropathy, has been reported with the use of intra...More",,DDInter1452
3,Cardiovascular Diseases,"Sympathomimetic agents may cause adverse cardiovascular effects, particularly when used in high dosages and/or in susceptible patients.  In cardiac tissues, these agents may produce positive chronotro...More",,DDInter1453
2,Prostatic Hyperplasia,Sympathomimetic agents may cause or worsen urinary difficulty in patients with prostate enlargement due to smooth muscle contraction in the bladder neck via stimulation of alpha-1 adrenergic receptors...More,,DDInter1453
2,Diabetes Mellitus,Sympathomimetic agents may cause increases in blood glucose concentrations.  These effects are usually transient and slight but may be significant with dosages higher than those normally recommended. ...More,,DDInter1453
2,Glaucoma,"Sympathomimetic agents can induce transient mydriasis via stimulation of alpha-1 adrenergic receptors.  In patients with anatomically narrow angles or narrow-angle glaucoma, pupillary dilation can pro...More",,DDInter1453
2,Prostatic Hyperplasia,"Topically applied sympathomimetic agents are systemically absorbed, with the potential for producing clinically significant systemic effects, particularly during prolonged or indiscriminate use.  In p...More",,DDInter1454
2,Cardiovascular Diseases,"Topically applied sympathomimetic agents are systemically absorbed, with the potential for producing clinically significant systemic effects, particularly during prolonged or indiscriminate use.  In c...More",,DDInter1454
2,Diabetes Mellitus,"Topically applied sympathomimetic agents are systemically absorbed, particularly during prolonged or indiscriminate use.  Slight increases in blood glucose concentrations may occur with the use of the...More",,DDInter1454
3,"Glaucoma, Angle-Closure",The use of nonspecific ophthalmic sympathomimetic agents is contraindicated in patients with narrow-angle glaucoma or anatomically narrow angles.  These agents stimulate both alpha-1 and alpha-2 adren...More,,DDInter1455
2,Prostatic Hyperplasia,"Topically applied sympathomimetic agents are systemically absorbed, with the potential for producing clinically significant systemic effects, particularly during prolonged or indiscriminate use.  In p...More",,DDInter1455
2,Cardiovascular Diseases,"Topically applied sympathomimetic agents are systemically absorbed, with the potential for producing clinically significant systemic effects, particularly during prolonged or indiscriminate use.  In c...More",,DDInter1455
2,Diabetes Mellitus,"Topically applied sympathomimetic agents are systemically absorbed, particularly during prolonged or indiscriminate use.  Slight increases in blood glucose concentrations may occur with the use of the...More",,DDInter1455
No matching records,,,,DDInter1456
2,Cardiovascular Diseases,"Topically applied sympathomimetic agents are systemically absorbed, with the potential for producing clinically significant systemic effects, particularly during prolonged or indiscriminate use.  In c...More",,DDInter1457
2,Prostatic Hyperplasia,"Topically applied sympathomimetic agents are systemically absorbed, with the potential for producing clinically significant systemic effects, particularly during prolonged or indiscriminate use.  In p...More",,DDInter1457
2,Diabetes Mellitus,"Topically applied sympathomimetic agents are systemically absorbed, particularly during prolonged or indiscriminate use.  Slight increases in blood glucose concentrations may occur with the use of the...More",,DDInter1457
No matching records,,,,DDInter1458
No matching records,,,,DDInter1459
3,Hematologic Diseases,"Hematologic toxicities have been associated with the use of hydantoin anticonvulsants, particularly mephenytoin.  Thrombocytopenia, leukopenia, neutropenia, agranulocytosis, pancytopenia and, rarely, ...More",,DDInter1460
3,Liver Diseases,"Hydantoin anticonvulsants are primarily metabolized by the liver.  Both metabolic activity and plasma protein binding may be significantly altered in patients with liver disease, resulting in elevated...More",,DDInter1460
3,Porphyrias,The use of phenytoin has rarely been associated with exacerbation of porphyria.  Therapy with phenytoin should be administered cautiously in patients with porphyria.  The same precaution should also b...More,,DDInter1460
3,Kidney Diseases,"The plasma protein binding of phenytoin may be significantly decreased in patients with renal impairment, resulting in elevated free drug concentrations and increased risk of toxicity.  This effect is...More",,DDInter1460
3,Cardiotoxicity,"The intravenous administration of phenytoin or its prodrug, fosphenytoin, is contraindicated in patients with sinus bradycardia, sino-atrial block, second and third degree AV block, and patients with ...More",,DDInter1460
2,Depressive Disorder,Antiepileptic drugs (AEDs) have been associated with an increased risk of suicidal thoughts or behavior in patients taking these drugs for any indication.  Pooled analyses of 199 placebo-controlled cl...More,,DDInter1460
2,"Arrhythmias, Cardiac","Aromatic antiepileptic drugs such as phenytoin, carbamazepine, and oxcarbazepine, inhibit voltage- gated sodium channels and reduce membrane excitability in neurons and muscle and can be associated wi...More",,DDInter1460
2,Hyperglycemia,"Phenytoin, particularly in high dosages, may cause hyperglycemia by inhibiting insulin release.  The drug may also raise serum glucose levels in diabetic patients.  Therapy with phenytoin should be ad...More",,DDInter1460
2,"Anemia, Megaloblastic","Hydantoin anticonvulsants may interfere with folate metabolism and precipitate macrocytosis and megaloblastic anemia, which usually respond to folic acid therapy.  These reactions have been fairly unc...More",,DDInter1460
2,Osteomalacia,Phenytoin may interfere with vitamin D metabolism.  Hypocalcemia and osteomalacia have been reported.  Therapy with phenytoin should be administered cautiously in patients with preexisting vitamin D d...More,,DDInter1460
2,Liver Diseases,Phytonadione is fat soluble and requires bile for adequate intestinal absorption.  Biliary dysfunction decreases the absorption of phytonadione.   Phytonadione is metabolized by the liver and excreted...More,,DDInter1461
3,Bradycardia,"Due to their pharmacological action, cholinesterase inhibitors can have a vagotonic effect on the sinoatrial and atrioventricular nodes producing bradycardia or heart block.  Therapy with cholinestera...More",,DDInter1462
3,Bronchial Spasm,"Cholinesterase inhibitors inhibit the hydrolysis of acetylcholine.  The enhanced effect of acetylcholine produces constriction of the bronchi, increased bronchial secretions, and bronchospasm.  Therap...More",,DDInter1462
3,Coronary Artery Disease,The use of cholinesterase inhibitors  has been associated with a constriction of coronary arteries.  Therapy with cholinesterase inhibitors should be administered cautiously in patients with coronary ...More,,DDInter1462
3,Parkinsonian Disorders,Cholinesterase inhibitors should be used with caution in patients with parkinsonism.  Some of these drugs might be contraindicated in these patients (refer to specific prescribing information).  Sympt...More,,DDInter1462
3,Peptic Ulcer,The use of cholinesterase inhibitors is associated with an increase in gastric acid secretion and gastric contractions.  Therapy with cholinesterase inhibitors should be administered cautiously in pat...More,,DDInter1462
3,Seizures,Cholinesterase inhibitors have been associated with convulsions and tremor.  Therapy with cholinesterase inhibitors should be administered cautiously in patients with seizure disorders.,,DDInter1462
3,Asthma,"Physostigmine is a cholinesterase inhibitor that inhibit the hydrolysis of acetylcholine.  The enhanced effect of acetylcholine produces constriction of the bronchi, increased bronchial secretions, an...More",,DDInter1462
3,Cardiovascular Diseases,Physostigmine salicylate injection is contraindicated in patients with cardiovascular disease.,,DDInter1462
3,Diabetes Mellitus,"Physostigmine salicylate injection is contraindicated in patients with diabetes, and in patients with gangrene.",,DDInter1462
3,Intestinal Obstruction,Physostigmine is a cholinesterase inhibitor that inhibit the hydrolysis of acetylcholine.  Physostigmine salicylate injection is contraindicated in patients with mechanical obstruction of the intestin...More,,DDInter1462
No matching records,,,,DDInter1463
No matching records,,,,DDInter1464
3,Bronchial Spasm,The use of cholinergic agonists is contraindicated in patients with uncontrolled reactive airway disease.  Cholinergic agonists inhibits the hydrolysis of acetylcholine.  The enhanced effect of acetyl...More,,DDInter1465
3,Heart Failure,"The use of cholinergic agonists, such as bethanechol and pilocarpine, is contraindicated in patients with pronounced bradycardia, hypotension/hypertension, coronary artery disease or conduction disord...More",,DDInter1465
3,Urinary Bladder Neck Obstruction,"The use of cholinergic agonists is contraindicated in patients with peptic ulcers, mechanical GI obstruction, acute GI inflammatory conditions, or urinary obstruction.  Cholinergic activity may result...More",,DDInter1465
3,Hyperthyroidism,The use of cholinergic agents may be contraindicated in patients with hyperthyroidism.  Atrial fibrillation has occurred in hyperthyroid patients administered a cholinergic agonist.,,DDInter1465
3,Parkinsonian Disorders,The use of cholinergic agonists may be contraindicated in patients with parkinsonism.  Cholinergic agonists directly stimulates the parasympathetic nervous system inducing acetylcholinergic effects.  ...More,,DDInter1465
3,Epilepsy,The use of cholinergic agonists may be contraindicated in patients with seizure disorders.  Cholinomimetics have been associated with convulsions.,,DDInter1465
3,Glaucoma,"The use of pilocarpine is contraindicated in conditions where miosis is undesirable, such as acute iritis and in narrow-angle (angle closure) glaucoma.",,DDInter1465
2,Cholelithiasis,Pilocarpine should be administered with caution to patients with known or suspected cholelithiasis or biliary tract disease.  Contractions of the gallbladder or biliary smooth muscle could precipitate...More,,DDInter1465
2,Nephrolithiasis,"Pilocarpine may increase ureteral smooth muscle tone and could theoretically precipitate renal colic (or ureteral reflux), particularly in patients with nephrolithiasis.  Caution is advised when used ...More",,DDInter1465
3,Retinal Detachment,"The use of miotic agents may occasionally cause retinal detachment due to drug-induced ciliary or accommodative spasm, which causes the lens and vitreous to move forward and create a retinal tear.  Th...More",,DDInter1466
3,Uveitis,The use of miotic agents is contraindicated in patients with active anterior uveitis and/or glaucoma associated with iridocyclitis.  Pupillary constriction produced by these agents may aggravate the i...More,,DDInter1466
2,Cataract,The use of miotic agents has been associated with the development of lens opacities characterized by the appearance of anterior subcapsular vacuoles.  The incidence of cataracts appears to be highest ...More,,DDInter1466
2,Anticholinergic Syndrome,"Topically applied cholinergic agents are systemically absorbed, with the potential for producing rare but clinically significant systemic effects, including urinary incontinence, tightness of the blad...More",,DDInter1466
3,Dementia,"Older patients with dementia-related psychosis treated with antipsychotic drugs are at an increased risk of death; although the causes were varied, most of the deaths appeared to be either cardiovascu...More",,DDInter1467
3,Neuroleptic Malignant Syndrome,The central dopaminergic blocking effects of neuroleptic agents may precipitate or aggravate a potentially fatal symptom complex known as neuroleptic malignant syndrome (NMS).  NMS is observed most fr...More,,DDInter1467
3,Hepatic Insufficiency,"The use of pimavanserin is not recommended in patients with hepatic impairment, as this drug has not been evaluated in this patient population.",,DDInter1467
3,Long QT Syndrome,"Pimavanserin prolongs the QT interval and should be avoided in patients with known QT prolongation or in patients taking other drugs known to prolong QT interval (class 1A and class 3 antiarrhythmics,...More",,DDInter1467
2,Seizures,Antipsychotic and neuroleptic drugs can lower the seizure threshold and trigger seizures in a dose-dependent manner.  This risk is greatest in patients with a history of seizures or with conditions th...More,,DDInter1467
2,Hematologic Diseases,"Cases of leukopenia, neutropenia, and agranulocytosis have been reported with the use of atypical antipsychotic agents.  Patients with preexisting low white blood cell count may be at increased risk. ...More",,DDInter1467
2,Hyperglycemia,"Hyperglycemia, in some cases extreme and associated with ketoacidosis or hyperosmolar coma or death, has been reported with the use of atypical antipsychotic agents.  Patients with diabetes should be ...More",,DDInter1467
2,Hyperprolactinemia,"The chronic use of neuroleptic agents can cause persistent elevations in prolactin levels due to antagonism of dopamine D2 receptors.  Based on in vitro data, approximately one-third of human breast c...More",,DDInter1467
2,Kidney Diseases,"The use of pimavanserin is not recommended in patients with severe renal impairment (CrCl < 30 mL/min), as it has not been evaluated in this patient population.  No dose adjustment is needed for patie...More",,DDInter1467
No matching records,,,,DDInter1468
3,IMMUNE SUPPRESSION,"The use of calcineurin inhibitors as pimecrolimus and tacrolimus topical should be avoided in immunocompromised adults and children, including patients on systemic immunosuppressive medications.  Alth...More",,DDInter1469
2,Skin Neoplasms,The use of calcineurin inhibitors such as pimecrolimus and tacrolimus topical should be avoided on malignant or premalignant skin conditions.  Some of these conditions might present as dermatitis.  Ca...More,,DDInter1469
3,Dementia,"Older patients with dementia-related psychosis treated with antipsychotic drugs are at an increased risk of death; although the causes were varied, most of the deaths appeared to be either cardiovascu...More",,DDInter1470
3,Central Nervous System Diseases,"The use of most miscellaneous antipsychotics is contraindicated in patients with severe central nervous system depression or comatose states from any cause (e.g., lesion, disease, drug or alcohol indu...More",,DDInter1470
3,Neuroleptic Malignant Syndrome,"Neuroleptic Malignant Syndrome (NMS), a potentially fatal symptom complex, has been reported in association with the use of antipsychotic drugs.  The diagnostic evaluation is complicated and the manag...More",,DDInter1470
3,Epilepsy,Antipsychotics can lower the seizure threshold and trigger seizures in a dose-dependent manner.  Seizures have been reported in patients receiving antipsychotic therapy and may occur in epileptic pati...More,,DDInter1470
3,Alcoholic Intoxication,The use of neuroleptic agents is contraindicated in patients with acute alcohol intoxication exhibiting depressed vital signs.  The central nervous system depressant effects of neuroleptic agents may ...More,,DDInter1470
3,Respiratory Insufficiency,The use of neuroleptic agents is contraindicated in comatose patients and patients with severe central nervous system depression.  Neuroleptic agents may potentiate the CNS and respiratory depression ...More,,DDInter1470
3,Neuroleptic Malignant Syndrome,The central dopaminergic blocking effects of neuroleptic agents may precipitate or aggravate a potentially fatal symptom complex known as neuroleptic malignant syndrome (NMS).  NMS is observed most fr...More,,DDInter1470
3,Pituitary Neoplasms,"Pimozide may have a tumorigenic potential and has been shown to cause a dose-related increase in pituitary tumors in mice.  When treated for up to 18 months, pituitary gland changes that occurred were...More",,DDInter1470
3,Long QT Syndrome,The use of pimozide is contraindicated in patients with congenital or acquired QT interval prolongation syndromes or a history of cardiac arrhythmias.  Pimozide can prolong the QT interval of the elec...More,,DDInter1470
3,Tics,Pimozide is contraindicated in the treatment of simple tics or tics other than those associated with Tourette's Disorder.,,DDInter1470
3,Atrioventricular Block,The use of beta-adrenergic receptor blocking agents (aka beta-blockers) is contraindicated in patients with sinus bradyarrhythmia or heart block greater than the first degree (unless a functioning pac...More,,DDInter1471
3,"Shock, Cardiogenic",The use of beta-adrenergic receptor blocking agents (aka beta-blockers) is contraindicated in patients with hypotension or cardiogenic shock.  Due to their negative inotropic and chronotropic effects ...More,,DDInter1471
3,Heart Failure,Beta-adrenergic receptor blocking agents (aka beta-blockers) in general should not be used in patients with overt congestive heart failure (CHF).  Sympathetic stimulation may be important in maintaini...More,,DDInter1471
3,Diabetes Mellitus,"Beta-adrenergic receptor blocking agents (aka beta-blockers) may mask symptoms of hypoglycemia such as tremors, tachycardia and blood pressure changes.  In addition, the nonselective beta-blockers (e....More",,DDInter1471
3,Diseases requiring hemodialysis,"Therapy with beta-adrenergic receptor blocking agents (aka beta-blockers) should be administered cautiously in patients requiring hemodialysis.  When given after dialysis, hemodynamic stability should...More",,DDInter1471
3,Hypersensitivity,The use of beta-adrenergic receptor blocking agents (aka beta-blockers) in patients with a history of allergic reactions or anaphylaxis may be associated with heightened reactivity to culprit allergen...More,,DDInter1471
3,Myocardial Ischemia,"Heightened sensitivity to catecholamines may occur after prolonged use of beta-adrenergic receptor blocking agents (aka beta-blockers).  Exacerbation of angina, myocardial infarction and ventricular a...More",,DDInter1471
3,Peripheral Vascular Diseases,"Due to their negative inotropic and chronotropic effects on the heart, beta-adrenergic receptor blocking agents (aka beta-blockers) reduce cardiac output and may precipitate or aggravate symptoms of a...More",,DDInter1471
3,Asthma,"Some beta-adrenergic receptor blocking agents (i.e., non-cardioselective beta-blockers) are contraindicated in patients with bronchial asthma or with a history of bronchial asthma, or severe chronic o...More",,DDInter1471
3,Liver Diseases,Pindolol is extensively metabolized by the liver.  Patients with liver disease may be at greater risk for adverse effects from pindolol due to decreased drug clearance.  Therapy with pindolol should b...More,,DDInter1471
3,Heart Failure,"The use of thiazolidinediones, alone or in combination with other antidiabetic agents, has been associated with fluid retention and new onset or exacerbation of heart failure.  An increased risk of ca...More",,DDInter1472
3,"Diabetes Mellitus, Type 1","Thiazolidinediones exert their hypoglycemic effect only in the presence of insulin.  Therefore, these agents should not be used in patients with type I diabetes or for the treatment of diabetic ketoac...More",,DDInter1472
2,Urinary Bladder Neoplasms,"There are insufficient data to determine if pioglitazone has an effect on preexisting bladder tumors or if it can cause bladder cancer.  However, the manufacturer does not recommend the use of pioglit...More",,DDInter1472
2,Edema,Thiazolidinediones can cause dose-related edema.  Therapy with thiazolidinediones should be administered cautiously in patients at risk for congestive heart failure as well as those with fluid overloa...More,,DDInter1472
2,Liver Diseases,Initiation of rosiglitazone or pioglitazone therapy is not recommended in patients who exhibit clinical evidence of active liver disease or increased baseline serum transaminase levels (ALT exceeding ...More,,DDInter1472
2,Macular Edema,New onset or worsening diabetic macular edema with decreased visual acuity have been reported in postmarketing reports in some diabetic patients who were taking thiazolidinedione drugs.  Some patients...More,,DDInter1472
2,Anovulation,"In premenopausal, anovulatory patients with insulin resistance, treatment with thiazolidinediones may result in resumption of ovulation.  Due to improved insulin sensitivity, pregnancy can occur if ad...More",,DDInter1472
2,Weight Gain,"Thiazolidinediones can cause dose-related weight gain, which may be undesirable in obese patients attempting to lose weight.  The mechanism of weight gain is unclear but probably involves a combinatio...More",,DDInter1472
1,Anemia,"Thiazolidinediones can cause slight decreases in hemoglobin and hematocrit.  In clinical studies, hemoglobin levels were reduced primarily within the first 4 to 12 weeks of therapy but remained relati...More",,DDInter1472
No matching records,,,,DDInter1473
No matching records,,,,DDInter1474
3,Liver Diseases,The use of piperazine is contraindicated in patients with liver impairment.  Approximately 25% of piperazine undergoes metabolism by the liver.,,DDInter1475
3,Kidney Diseases,The use of piperazine is contraindicated in patients with renal dysfunction.  Piperazine is primarily excreted unchanged in the urine.,,DDInter1475
2,Epilepsy,The use of piperazine has rarely been associated with epileptiform convulsions.  Therapy with piperazine should be administered cautiously in patients with preexisting seizure disorders.,,DDInter1475
2,Cardiovascular Diseases,"Adrenergic bronchodilators can stimulate cardiovascular beta- 1 and beta- 2 receptors, resulting in adverse effects such as tachycardia, palpitation, peripheral vasodilation, blood pressure changes, a...More",,DDInter1476
2,Diabetes Mellitus,"Adrenergic bronchodilators may cause increases in blood glucose concentrations.  These effects are usually transient and slight, but may be significant with dosages higher than those normally recommen...More",,DDInter1476
2,Hypokalemia,"Adrenergic bronchodilators may cause decreases in serum potassium concentrations, primarily when given by nebulization or intravenous administration.  Although this effect is usually transient and doe...More",,DDInter1476
2,Seizures,Adrenergic bronchodilators may cause CNS stimulation.  Therapy with adrenergic bronchodilators should be administered cautiously in patients with seizure disorders.  Systemic adverse effects are minim...More,,DDInter1476
2,Hepatic Insufficiency,"Increases in ALT and AST (>3 x ULN) with or without concomitant elevations in bilirubin, have been reported in patients treated with pirfenidone.  These findings were reversible with dose modification...More",,DDInter1477
2,Kidney Diseases,"Pirfenidone should be used with caution in patients with mild, moderate, or severe renal impairment, monitoring for adverse reactions and considering dosage modifications or discontinuation as needed....More",,DDInter1477
3,Asthma,"Nonsteroidal anti-inflammatory drugs (NSAIDs) are contraindicated in patients with history of asthma, urticaria, or other allergic-type reactions after taking aspirin or other NSAIDs; severe, sometime...More",,DDInter1478
3,Water-Electrolyte Imbalance,Fluid retention and edema have been reported in association with the use of nonsteroidal anti-inflammatory drugs (NSAIDs).  Therapy with NSAIDs should be administered cautiously in patients with preex...More,,DDInter1478
3,Peptic Ulcer,"Nonsteroidal anti-inflammatory drugs (NSAIDs) can cause serious gastrointestinal (GI) adverse events including inflammation, bleeding, ulceration, and perforation of the esophagus, stomach, small inte...More",,DDInter1478
3,Exanthema,"Nonsteroidal anti-inflammatory drugs (NSAIDs) can cause serious skin adverse reactions (e.g., Stevens-Johnson syndrome, toxic epidermal necrolysis, and exfoliative dermatitis), which can be fatal.  Th...More",,DDInter1478
3,Kidney Diseases,Long-term use of nonsteroidal anti-inflammatory drugs (NSAIDs) has resulted in renal papillary necrosis and other renal injury.  Renal toxicity has been seen in patients in whom renal prostaglandins h...More,,DDInter1478
3,Thrombosis,"Nonsteroidal anti-inflammatory drugs (NSAIDs) cause an increased risk of serious cardiovascular thrombotic events, including myocardial infarction and stroke, which can be fatal.  This risk may occur ...More",,DDInter1478
2,Anemia,"Anemia has been reported in patients treated with nonsteroidal anti-inflammatory drugs (NSAIDs).  This may be due to fluid retention, occult/gross blood loss, or an incompletely described effect on er...More",,DDInter1478
2,Heart Failure,"Fluid retention and edema have been observed in patients treated with nonsteroidal anti-inflammatory drugs (NSAIDs), including some topical formulations.  These drugs should be avoided in patients wit...More",,DDInter1478
2,Liver Diseases,"Borderline elevations of 1 or more liver tests may occur in up to 15% of patients treated with nonsteroidal anti-inflammatory drugs (NSAIDs).  These laboratory abnormalities may progress, remain uncha...More",,DDInter1478
2,Hyperkalemia,"Increases in serum potassium concentration (including hyperkalemia) have been reported with use of nonsteroidal anti-inflammatory drugs (NSAIDs), even in some patients without renal impairment.  In pa...More",,DDInter1478
3,Liver Diseases,"The use of HMG-CoA reductase inhibitors is contraindicated in patients with active liver disease or unexplained, persistent elevations of serum transaminases.  HMG-CoA reductase inhibitors are extensi...More",,DDInter1479
3,Rhabdomyolysis,"Severe myopathy, including rhabdomyolysis with acute renal failure secondary to myoglobinuria, has been reported rarely with the use of HMG-CoA reductase inhibitors.  The myopathy may be dose-related ...More",,DDInter1479
2,Diabetes Mellitus,Increases in HbA1c and fasting serum glucose levels have been reported with the use of certain HMG-CoA reductase inhibitors.  Caution should be exercised when using these agents in diabetic patients a...More,,DDInter1479
2,Kidney Diseases,"Some HMG-CoA reductase inhibitors such as fluvastatin, have not been studied in patients with severe renal impairment or end-stage renal disease.  Some others such as pitavastatin and simvastatin, req...More",,DDInter1479
3,Hepatic Insufficiency,Pitolisant is contraindicated in patients with severe hepatic impairment.  Pitolisant is extensively metabolized by the liver.  Care should be exercised when using pitolisant in patients with moderate...More,,DDInter1480
2,Bipolar Disorder,"Central nervous system (CNS) stimulants may induce a mixed/manic episode in patients with bipolar disorder.  Prior to initiating treatment, screen patients for risk factors for developing a manic epis...More",,DDInter1480
2,Psychotic Disorders,Central nervous system (CNS) stimulants may exacerbate symptoms of behavior disturbance and thought disorder in patients with a preexisting psychotic disorder.  Close monitoring is recommended when us...More,,DDInter1480
2,"Arrhythmias, Cardiac",Pitolisant prolongs the QT interval.  The use of pitolisant should be avoided in patients with known QT prolongation or in combination with other drugs known to prolong the QT interval.  The use of pi...More,,DDInter1480
2,Kidney Diseases,The pharmacokinetics of pitolisant in patients with end-stage renal disease (ESRD) (eGFR of <15 mL/minute/1.73 m2) is unknown.  Pitolisant is not recommended in patients with ESRD.  It is recommended ...More,,DDInter1480
3,Intestinal Obstruction,The use of bulk producing laxatives is contraindicated in patients with intestinal obstruction or fecal impaction.  Bulk producing laxatives can exacerbate these conditions.,,DDInter1481
3,Inflammatory Bowel Diseases,The use of laxatives is contraindicated in patients with inflammatory bowel disease.  Patients with inflammatory bowel disease may experience colonic perforation with use of stimulant laxatives.,,DDInter1481
3,Intestinal Obstruction,The use of laxatives is contraindicated in patients with intestinal obstruction disorders.  Patients with intestinal obstruction disorders may need their underlying condition treated to correct the co...More,,DDInter1481
2,Kidney Diseases,Bulk producing laxatives require the consumption of at least 8 ounces of fluid per each dose.  Patients with fluid restriction conditions such as renal dysfunction may benefit more from emollient or s...More,,DDInter1481
No matching records,,,,DDInter1482
3,Dehydration,Plecanatide should be used with caution in dehydrated patients and patients with severe diarrhea.  Plecanatide is contraindicated in patients less than 6 years of age as these patients may be more lik...More,,DDInter1483
3,Intestinal Obstruction,The use of plecanatide is contraindicated in patients with known or suspected mechanical gastrointestinal obstruction.,,DDInter1483
No matching records,,,,DDInter1484
2,Pancytopenia,"The use of polatuzumab vedotin can cause serious or severe myelosuppression including neutropenia, thrombocytopenia, and anemia.  Cytopenias may require a delay, dose reduction, or discontinuation of ...More",,DDInter1485
2,Hepatic Insufficiency,No adjustment in the starting dose of polatuzumab vedotin is required in patients with mild hepatic impairment.  The use of polatuzumab vedotin in patients with moderate or severe hepatic impairment s...More,,DDInter1485
2,Infections,"Fatal and/or serious infections, including opportunistic infections such as sepsis, pneumonia (including Pneumocystis jiroveci and other fungal pneumonia), herpesvirus infection, and cytomegalovirus i...More",,DDInter1485
2,Peripheral Nervous System Diseases,"Polatuzumab vedotin can cause peripheral neuropathy, including severe cases.  Care should be exercised when using this agent in patients with preexisting peripheral neuropathy as it may exacerbate the...More",,DDInter1485
2,Tumor Lysis Syndrome,The use of polatuzumab vedotin may cause tumor lysis syndrome.  Patients with high tumor burden and rapidly proliferative tumor may be at increased risk of tumor lysis syndrome.  It is recommended to ...More,,DDInter1485
3,Infections,"Ideally, vaccination should occur when an individual is healthy, thus minimizing the risk of an adverse host reaction and/or vaccine failure.  However, a current or recent infection does not necessari...More",,DDInter1486
2,Immune Deficiency Disease,"The expected serum antibody responses may not be obtained when vaccines and/or toxoids are administered to patients with primary or acquired immunodeficiency, including those with severe combined immu...More",,DDInter1486
3,Inflammatory Bowel Diseases,The use of laxatives is contraindicated in patients with inflammatory bowel disease.  Patients with inflammatory bowel disease may experience colonic perforation with use of stimulant laxatives.,,DDInter1487
3,Intestinal Obstruction,The use of laxatives is contraindicated in patients with intestinal obstruction disorders.  Patients with intestinal obstruction disorders may need their underlying condition treated to correct the co...More,,DDInter1487
3,Intestinal Obstruction,"The use of polyethylene glycol (PEG) solutions is contraindicated in patients with gastrointestinal obstruction, perforation, or toxic megacolon.  If gastrointestinal obstruction or perforation is sus...More",,DDInter1487
3,Water-Electrolyte Imbalance,"Alkalinizing agents containing sodium can induce sodium and water retention and result in hypernatremia, hypokalemia, hyperosmolality, edema and aggravation of congestive heart failure.  Therapy with ...More",,DDInter1487
3,Inflammatory Bowel Diseases,The use of laxatives is contraindicated in patients with inflammatory bowel disease.  Patients with inflammatory bowel disease may experience colonic perforation with use of stimulant laxatives.,,DDInter1487
3,Intestinal Obstruction,The use of laxatives is contraindicated in patients with intestinal obstruction disorders.  Patients with intestinal obstruction disorders may need their underlying condition treated to correct the co...More,,DDInter1487
3,Intestinal Obstruction,"The use of polyethylene glycol (PEG) solutions is contraindicated in patients with gastrointestinal obstruction, perforation, or toxic megacolon.  If gastrointestinal obstruction or perforation is sus...More",,DDInter1487
3,Diarrhea,"Potassium chloride liquid suspension contains the stool softener, docusate sodium, as a dispersing agent.  Clinical studies with potassium chloride liquid suspension indicate that minor changes in sto...More",,DDInter1487
3,Dehydration,"Administration of potassium salts in severe dehydration may predispose to renal impairment.  Therapy with potassium salts should be administered cautiously in patients with acute dehydration (e.g., du...More",,DDInter1487
3,"Paralyses, Familial Periodic",Administration of potassium salts may precipitate attacks in familial hyperkalemic periodic paralysis or paramyotonia congenita.  Therapy with potassium preparations should be administered cautiously ...More,,DDInter1487
No matching records,,,,DDInter1488
3,Colitis,"Clostridioides difficile-associated diarrhea (CDAD), formerly pseudomembranous colitis, has been reported with almost all antibacterial drugs and may range from mild diarrhea to fatal colitis.  The mo...More",,DDInter1489
3,Kidney Diseases,"Albuminuria, cellular casts/cylindruria, and azotemia are generally seen in patients with nephrotoxicity due to polymyxin B sulfate; nephrotoxic reactions have also included rising blood levels withou...More",,DDInter1489
No matching records,,,,DDInter1490
3,Thromboembolism,Pomalidomide may cause venous thromboembolic events (deep venous thrombosis and pulmonary embolism) and arterial thromboembolic events (myocardial infarction and stroke).  It is recommended to initiat...More,,DDInter1491
2,Neutropenia,"The use of pomalidomide has been associated with hematological toxicities, followed by anemia and thrombocytopenia.  It is recommended to monitor patients for hematologic toxicities, especially neutro...More",,DDInter1491
2,Hepatic Insufficiency,"Pomalidomide is primarily metabolized in the liver by CYP450 1A2 and CYP450 3A4.  Hepatic failure, including fatal cases, has occurred in patients treated with pomalidomide.  Elevated levels of alanin...More",,DDInter1491
2,Peripheral Nervous System Diseases,The use of pomalidomide has been associated with the development of neuropathy.  Therapy with pomalidomide should be administered cautiously in patients with or at risk for neuropathy.  Monitor closel...More,,DDInter1491
2,Kidney Diseases,Pomalidomide pharmacokinetic parameters were not significantly affected in patients with moderate or severe renal impairment.  Pomalidomide should be used with caution in patients with severe renal im...More,,DDInter1491
2,Tumor Lysis Syndrome,Tumor lysis syndrome (TLS) may occur in patients receiving pomalidomide.  Patients with high tumor burden and those with high circulating lymphocyte counts of greater than 25 X 10^9/L have a higher ri...More,,DDInter1491
3,Liver Failure,"Hepatotoxicity, liver failure and death have occurred in ponatinib-treated patients.  Interrupt ponatinib if hepatotoxicity is suspected.  It is recommended to monitor hepatic function and to administ...More",,DDInter1492
2,Cardiovascular Diseases,"Cardiovascular events, including arterial vascular occlusive events, peripheral arterial occlusive events and ischemic cerebrovascular events have been reported in patients receiving tyrosine kinase i...More",,DDInter1492
2,Water-Electrolyte Imbalance,"Fluid retention occurs with BCR-ABL tyrosine kinase inhibitors therapy and may manifest as pericardial effusion, pleural effusion, pulmonary edema, and/or peripheral edema.  Caution should be taken wh...More",,DDInter1492
2,Bone Marrow Failure Disorders,"Thrombocytopenia, aplastic anemia, agranulocytosis and neutropenia occur with BCR-ABL tyrosine kinase inhibitors.  Therapy with these drugs should be administered cautiously in patients with preexisti...More",,DDInter1492
2,Lung Diseases,"The use of certain multikinase inhibitors has been associated with pulmonary toxicity.  Serious cases of interstitial lung disease (ILD), including fatal cases and interstitial pneumonitis or pulmonar...More",,DDInter1492
3,Esophageal Fistula,The use of photodynamic therapy (PDT) with porfimer is contraindicated for the treatment of esophageal cancer in patients with an existing bronchoesophageal or tracheoesophageal fistula.  Prior to adm...More,,DDInter1493
3,Esophageal and Gastric Varices,Treatment with photodynamic therapy and porfimer should be conducted with extreme caution in patients with esophageal varices.  Light should not be given directly to the variceal area because of the h...More,,DDInter1493
3,Porphyrias,The use of porfimer is contraindicated in patients with porphyria.,,DDInter1493
3,Fructose Intolerance,Posaconazole powder for delayed-release oral suspension is contraindicated in patients with known/suspected hereditary fructose intolerance (HFI).  This formulation contains sorbitol (inactive ingredi...More,,DDInter1494
2,Long QT Syndrome,Some azole antifungals have been associated with prolongation of the QT interval on the ECG.  Rare cases of QT prolongation and torsade de pointes have been reported during postmarketing experience; s...More,,DDInter1494
2,Diarrhea,"Patients with severe diarrhea or vomiting should be monitored closely for breakthrough fungal infections when using posaconazole delayed-release tablets, oral suspension, or powder for delayed-release...More",,DDInter1494
2,Water-Electrolyte Imbalance,"Electrolyte disturbances (especially those involving potassium, magnesium, or calcium levels) should be monitored and corrected as needed before and during posaconazole therapy.",,DDInter1494
2,Liver Diseases,"Posaconazole has been associated with hepatic reactions (e.g., mild to moderate elevations in ALT, AST, alkaline phosphatase, total bilirubin, and/or clinical hepatitis); cases of more severe hepatic ...More",,DDInter1494
2,Kidney Diseases,Posaconazole injection should be avoided in patients with moderate or severe renal dysfunction (estimated glomerular filtration rate [eGFR] less than 50 mL/min) unless an assessment of the risks and b...More,,DDInter1494
3,Liver Diseases,"Solutions containing acetate ion should be administered cautiously in patients with conditions where there may be an increased level or an impaired utilization of this ion, such as severe hepatic insu...More",,DDInter1495
3,Dehydration,"Administration of potassium salts in severe dehydration may predispose to renal impairment.  Therapy with potassium salts should be administered cautiously in patients with acute dehydration (e.g., du...More",,DDInter1495
3,"Paralyses, Familial Periodic",Administration of potassium salts may precipitate attacks in familial hyperkalemic periodic paralysis or paramyotonia congenita.  Therapy with potassium preparations should be administered cautiously ...More,,DDInter1495
3,Hyperkalemia,"The use of potassium salts is contraindicated in patients with hyperkalemia, since a further increase in serum potassium concentration in such patients can lead to cardiac arrhythmias or arrest.  Pota...More",,DDInter1495
3,Kidney Diseases,"The use of potassium salts is contraindicated in patients with severe renal impairment characterized by oliguria, anuria, or azotemia.  Since potassium is excreted by the kidney, the administration of...More",,DDInter1495
2,Alkalosis,"Hypokalemia in patients with metabolic or respiratory alkalosis should generally be treated with potassium chloride rather than an alkalinizing potassium salt (i.e. acetate, bicarbonate, citrate, or g...More",,DDInter1495
3,Dehydration,"Administration of potassium salts in severe dehydration may predispose to renal impairment.  Therapy with potassium salts should be administered cautiously in patients with acute dehydration (e.g., du...More",,DDInter1496
3,"Paralyses, Familial Periodic",Administration of potassium salts may precipitate attacks in familial hyperkalemic periodic paralysis or paramyotonia congenita.  Therapy with potassium preparations should be administered cautiously ...More,,DDInter1496
3,Hyperkalemia,"The use of potassium salts is contraindicated in patients with hyperkalemia, since a further increase in serum potassium concentration in such patients can lead to cardiac arrhythmias or arrest.  Pota...More",,DDInter1496
3,Kidney Diseases,"The use of potassium salts is contraindicated in patients with severe renal impairment characterized by oliguria, anuria, or azotemia.  Since potassium is excreted by the kidney, the administration of...More",,DDInter1496
2,Acid-Base Imbalance,Alkalinizing agents act as proton acceptors and/or dissociate to provide bicarbonate ions.  Elimination of bicarbonate is decreased in patients with renal impairment and can result in metabolic alkalo...More,,DDInter1496
2,Alkalosis,"Hypokalemia in patients with metabolic or respiratory alkalosis should generally be treated with potassium chloride rather than an alkalinizing potassium salt (i.e. acetate, bicarbonate, citrate, or g...More",,DDInter1496
3,Diarrhea,"Potassium chloride liquid suspension contains the stool softener, docusate sodium, as a dispersing agent.  Clinical studies with potassium chloride liquid suspension indicate that minor changes in sto...More",,DDInter1497
3,Dehydration,"Administration of potassium salts in severe dehydration may predispose to renal impairment.  Therapy with potassium salts should be administered cautiously in patients with acute dehydration (e.g., du...More",,DDInter1497
3,"Paralyses, Familial Periodic",Administration of potassium salts may precipitate attacks in familial hyperkalemic periodic paralysis or paramyotonia congenita.  Therapy with potassium preparations should be administered cautiously ...More,,DDInter1497
3,Hyperkalemia,"The use of potassium salts is contraindicated in patients with hyperkalemia, since a further increase in serum potassium concentration in such patients can lead to cardiac arrhythmias or arrest.  Pota...More",,DDInter1497
3,Kidney Diseases,"The use of potassium salts is contraindicated in patients with severe renal impairment characterized by oliguria, anuria, or azotemia.  Since potassium is excreted by the kidney, the administration of...More",,DDInter1497
3,Gastrointestinal Diseases,"The use of all solid oral formulations of potassium is contraindicated in patients with arrested or delayed gastrointestinal (GI) transit, whether due to structural, pathological, or pharmacological c...More",,DDInter1497
2,Acidosis,"Hypokalemia in patients with metabolic acidosis should be treated with an alkalinizing potassium salt (i.e. acetate, bicarbonate, citrate, or gluconate) rather than potassium chloride, since alkali th...More",,DDInter1497
3,Urinary Tract Infections,The use of potassium citrate for management of renal tubular acidosis and renal stones is contraindicated in patients with active urinary tract infection caused by urea-splitting organisms.  Its abili...More,,DDInter1498
3,Dehydration,"Administration of potassium salts in severe dehydration may predispose to renal impairment.  Therapy with potassium salts should be administered cautiously in patients with acute dehydration (e.g., du...More",,DDInter1498
3,"Paralyses, Familial Periodic",Administration of potassium salts may precipitate attacks in familial hyperkalemic periodic paralysis or paramyotonia congenita.  Therapy with potassium preparations should be administered cautiously ...More,,DDInter1498
3,Hyperkalemia,"The use of potassium salts is contraindicated in patients with hyperkalemia, since a further increase in serum potassium concentration in such patients can lead to cardiac arrhythmias or arrest.  Pota...More",,DDInter1498
3,Kidney Diseases,"The use of potassium salts is contraindicated in patients with severe renal impairment characterized by oliguria, anuria, or azotemia.  Since potassium is excreted by the kidney, the administration of...More",,DDInter1498
3,Gastrointestinal Diseases,"The use of all solid oral formulations of potassium is contraindicated in patients with arrested or delayed gastrointestinal (GI) transit, whether due to structural, pathological, or pharmacological c...More",,DDInter1498
2,Acid-Base Imbalance,Alkalinizing agents act as proton acceptors and/or dissociate to provide bicarbonate ions.  Elimination of bicarbonate is decreased in patients with renal impairment and can result in metabolic alkalo...More,,DDInter1498
2,Alkalosis,"Hypokalemia in patients with metabolic or respiratory alkalosis should generally be treated with potassium chloride rather than an alkalinizing potassium salt (i.e. acetate, bicarbonate, citrate, or g...More",,DDInter1498
3,Dehydration,"Administration of potassium salts in severe dehydration may predispose to renal impairment.  Therapy with potassium salts should be administered cautiously in patients with acute dehydration (e.g., du...More",,DDInter1499
3,"Paralyses, Familial Periodic",Administration of potassium salts may precipitate attacks in familial hyperkalemic periodic paralysis or paramyotonia congenita.  Therapy with potassium preparations should be administered cautiously ...More,,DDInter1499
3,Hyperkalemia,"The use of potassium salts is contraindicated in patients with hyperkalemia, since a further increase in serum potassium concentration in such patients can lead to cardiac arrhythmias or arrest.  Pota...More",,DDInter1499
3,Kidney Diseases,"The use of potassium salts is contraindicated in patients with severe renal impairment characterized by oliguria, anuria, or azotemia.  Since potassium is excreted by the kidney, the administration of...More",,DDInter1499
3,Gastrointestinal Diseases,"The use of all solid oral formulations of potassium is contraindicated in patients with arrested or delayed gastrointestinal (GI) transit, whether due to structural, pathological, or pharmacological c...More",,DDInter1499
2,Alkalosis,"Hypokalemia in patients with metabolic or respiratory alkalosis should generally be treated with potassium chloride rather than an alkalinizing potassium salt (i.e. acetate, bicarbonate, citrate, or g...More",,DDInter1499
2,Hyperthyroidism,The use of iodide salts has been associated with the exacerbation or precipitation of hyperthyroidism in patients previously euthyroid.  Induction of goiter has been reported in patients with hyperthy...More,,DDInter1500
2,Heart Diseases,Potassium iodide should not be used in patients that have nodular thyroid disease and heart disease.  Patients experiencing irregular heartbeats or chest pain should be instructed to stop treatment wi...More,,DDInter1500
2,Dermatitis Herpetiformis,Potassium iodide should not be used in patients that have or have ever had dermatitis herpetiformis.,,DDInter1500
2,Vasculitis,People who are allergic to iodide or have hypocomplementemic vasculitis should not take potassium iodide.,,DDInter1500
No matching records,,,,DDInter1501
2,Liver Failure,"The safety, efficacy and pharmacokinetics of pralatrexate have not been evaluated in patients with hepatic impairment.  Additionally, this drug can cause hepatotoxicity and liver function test abnorma...More",,DDInter1502
2,Kidney Diseases,Patients with moderate to severe renal function impairment may be at greater risk of toxicity due to increased exposure.  Patients should be monitored for renal function and toxicity and dosage should...More,,DDInter1502
3,Myasthenia Gravis,Pralidoxime reactivates cholinesterase activity resulting in reduced levels of  acetylcholine and increased neuromuscular junction activity.  Treatment of organophosphate poisoning in patients myasthe...More,,DDInter1503
2,Kidney Diseases,Pralidoxime is eliminated by the kidney.  Approximately 80% to 90% of pralidoxime is excreted in the urine as unchanged drug.  The serum concentration of pralidoxime is increased in patients with rena...More,,DDInter1503
No matching records,,,,DDInter1504
3,Hypotension,"Dopamine agonists may impair the systemic regulation of blood pressure, with resultant orthostatic hypotension, especially during dose escalation.  Therapy with dopamine agonists should be monitored c...More",,DDInter1505
3,Neuroleptic Malignant Syndrome,"The use of dopamine agonists is contraindicated in patients with neuroleptic malignant syndrome (NMS).  NMS is characterized by hyperthermia, muscle rigidity, altered mental status, irregular pulse or...More",,DDInter1505
3,Psychotic Disorders,"Ordinarily, patients with major psychotic disorder should not be treated with dopaminergic antiparkinson agents, because of the risk of exacerbating psychosis.  Hallucinations and psychotic-like behav...More",,DDInter1505
3,"Kidney Failure, Chronic","Pramipexole is eliminated by the kidneys, and approximately 90% of the drug is excreted unchanged in the urine.  Renal insufficiency decreases the renal clearance and increases the half-life.  Therapy...More",,DDInter1505
3,Gastroparesis,The use of pramlintide is contraindicated in patients with a confirmed diagnosis of gastroparesis as it slows gastric emptying.,,DDInter1506
No matching records,,,,DDInter1507
3,Hemorrhage,"Prasugrel is contraindicated in patients with active pathological bleeding such as peptic ulcer or intracranial hemorrhage, as this agent increases the risk of fatal bleeding.",,DDInter1508
3,Coronary Artery Disease,Prasugrel is contraindicated in patients with a history of prior transient ischemic attack (TIA) or stroke.  Patients who experience a stroke or TIA while on prasugrel generally should have therapy di...More,,DDInter1508
2,Liver Diseases,No dosage adjustment is necessary for patients with renal impairment.  No dosage adjustment is necessary in patients with mild to moderate hepatic impairment.  Caution should be exercised in patients ...More,,DDInter1508
3,Liver Diseases,"The use of HMG-CoA reductase inhibitors is contraindicated in patients with active liver disease or unexplained, persistent elevations of serum transaminases.  HMG-CoA reductase inhibitors are extensi...More",,DDInter1509
3,Rhabdomyolysis,"Severe myopathy, including rhabdomyolysis with acute renal failure secondary to myoglobinuria, has been reported rarely with the use of HMG-CoA reductase inhibitors.  The myopathy may be dose-related ...More",,DDInter1509
3,Kidney Diseases,"Pravastatin is partially eliminated by the kidney.  Drug and/or metabolite accumulation may occur in patients with significant renal impairment, which may increase the risk of adverse effects, includi...More",,DDInter1509
2,Cognitive Dysfunction,"Cognitive impairment (e.g., memory loss, forgetfulness, amnesia, memory impairment, confusion) have been observed in patients receiving statins.  The reports are usually not serious, and reversible up...More",,DDInter1509
2,Diabetes Mellitus,Increases in HbA1c and fasting serum glucose levels have been reported with the use of certain HMG-CoA reductase inhibitors.  Caution should be exercised when using these agents in diabetic patients a...More,,DDInter1509
2,Kidney Diseases,"Some HMG-CoA reductase inhibitors such as fluvastatin, have not been studied in patients with severe renal impairment or end-stage renal disease.  Some others such as pitavastatin and simvastatin, req...More",,DDInter1509
3,Cysticercosis,"Since parasite destruction within the eye can cause irreparable lesions, ocular cysticercosis should not be treated with praziquantel.",,DDInter1510
3,Epilepsy,Praziquantel can exacerbate central nervous system pathology due to schistosomiasis.  As a general rule this drug should not be administered in individuals with a history of epilepsy or seizures and a...More,,DDInter1510
2,"Arrhythmias, Cardiac",Patients suffering from cardiac irregularities such as arrhythmias should be monitored during treatment with praziquantel.,,DDInter1510
2,Liver Failure,Caution should be exercised when administering praziquantel at the usual recommended doses in patients with moderate to severe liver impairment (Child Pugh class B and C).  Reduced metabolism of prazi...More,,DDInter1510
2,Hypotension,"Peripheral alpha 1- adrenergic receptor blocking agents (aka alpha 1- blockers) cause vasodilation and can produce marked hypotension, especially orthostatic hypotension with syncope or other postural...More",,DDInter1511
2,Liver Diseases,"Little data exist concerning the pharmacokinetic disposition of prazosin in patients with liver disease.  Prazosin is known to be metabolized by the liver and subsequently excreted in the bile, primar...More",,DDInter1511
2,Diabetes Mellitus,"Corticosteroids can raise blood glucose level by antagonizing the action and suppressing the secretion of insulin, which results in inhibition of peripheral glucose uptake and increased gluconeogenesi...More",,DDInter1512
2,Diaper Rash,"Topical corticosteroids, especially the potent agents (e.g., augmented betamethasone, clobetasol, diflorasone, and halobetasol), are generally not recommended for use in the treatment of diaper rash. ...More",,DDInter1512
2,Adrenocortical Hyperfunction,The use of topical corticosteroids may precipitate or aggravate conditions of hyperadrenocorticism.  Systemic absorption of these agents can produce reversible hypothalamic-pituitary-adrenal axis supp...More,,DDInter1512
2,Infections,"Topical corticosteroids may be systemically absorbed, depending on the vehicle and concentration of the preparation, the size of the application area, the duration of administration, and whether or no...More",,DDInter1512
2,Toxic Optic Neuropathy,"Prolonged use of corticosteroids may cause posterior subcapsular cataracts and elevated intraocular pressure, the latter of which may lead to glaucoma and/or damage to the optic nerves.  Therapy with ...More",,DDInter1512
3,Infections,"The immunosuppressant and anti-inflammatory effects of corticosteroids, particularly in higher dosages, may decrease host resistance to infectious agents, decrease the ability to localize infections, ...More",,DDInter1513
3,Premature Birth,"The use of certain parenteral formulations of dexamethasone, hydrocortisone, methylprednisolone, prednisolone and triamcinolone is considered by the drug manufacturers to be contraindicated in neonate...More",,DDInter1513
2,Latent Tuberculosis,"In patients with latent tuberculosis or tuberculin reactivity, the use of pharmacologic dosages of corticosteroids may cause a reactivation of the disease.  Close monitoring for signs and symptoms of ...More",,DDInter1513
2,Fibrosis,Corticosteroids may have enhanced effects on patients with cirrhosis due to decreased metabolism of these agents.  Patients with cirrhosis should be monitored more closely for excessive cortisol effec...More,,DDInter1513
2,Psychotic Disorders,Corticosteroids may aggravate the symptoms of psychosis and emotional instability.  Patients with these conditions should be monitored for increased or worsened symptoms during corticosteroid therapy.,,DDInter1513
2,Diabetes Mellitus,"Corticosteroids can raise blood glucose level by antagonizing the action and suppressing the secretion of insulin, which results in inhibition of peripheral glucose uptake and increased gluconeogenesi...More",,DDInter1513
2,Water-Electrolyte Imbalance,"Corticosteroids can cause hypernatremia, hypokalemia, and fluid retention.  These mineralocorticoid effects are most significant with fludrocortisone, followed by hydrocortisone and cortisone, then by...More",,DDInter1513
2,Water-Electrolyte Imbalance,"Corticosteroids may cause hypernatremia, hypokalemia, fluid retention, and elevation in blood pressure.  These mineralocorticoid effects are most significant with fludrocortisone, followed by hydrocor...More",,DDInter1513
2,Peptic Ulcer Perforation,"Corticosteroids may cause gastrointestinal perforation and hemorrhage, usually when given in high dosages or for prolonged periods.  They may also mask symptoms of complications such as peritonitis or...More",,DDInter1513
2,Cushing Syndrome,Corticosteroids mimic the effects of endogenous cortisol and aldosterone.  Use of these agents may aggravate conditions of hyperadrenocorticalism in a dose-dependent manner.,,DDInter1513
3,Eye Infections,"The use of ophthalmic corticosteroids is contraindicated in most viral diseases of the cornea and conjunctiva, including epithelial herpes simplex keratitis (dendritic keratitis), vaccinia, and varice...More",,DDInter1514
3,Toxic Optic Neuropathy,"Prolonged use of corticosteroids may cause posterior subcapsular cataracts and elevated intraocular pressure, the latter of which may lead to glaucoma and/or damage to the optic nerves.  Therapy with ...More",,DDInter1514
3,Infections,"The immunosuppressant and anti-inflammatory effects of corticosteroids, particularly in higher dosages, may decrease host resistance to infectious agents, decrease the ability to localize infections, ...More",,DDInter1515
2,Latent Tuberculosis,"In patients with latent tuberculosis or tuberculin reactivity, the use of pharmacologic dosages of corticosteroids may cause a reactivation of the disease.  Close monitoring for signs and symptoms of ...More",,DDInter1515
2,Fibrosis,Corticosteroids may have enhanced effects on patients with cirrhosis due to decreased metabolism of these agents.  Patients with cirrhosis should be monitored more closely for excessive cortisol effec...More,,DDInter1515
2,Psychotic Disorders,Corticosteroids may aggravate the symptoms of psychosis and emotional instability.  Patients with these conditions should be monitored for increased or worsened symptoms during corticosteroid therapy.,,DDInter1515
2,Diabetes Mellitus,"Corticosteroids can raise blood glucose level by antagonizing the action and suppressing the secretion of insulin, which results in inhibition of peripheral glucose uptake and increased gluconeogenesi...More",,DDInter1515
2,Water-Electrolyte Imbalance,"Corticosteroids can cause hypernatremia, hypokalemia, and fluid retention.  These mineralocorticoid effects are most significant with fludrocortisone, followed by hydrocortisone and cortisone, then by...More",,DDInter1515
2,Water-Electrolyte Imbalance,"Corticosteroids may cause hypernatremia, hypokalemia, fluid retention, and elevation in blood pressure.  These mineralocorticoid effects are most significant with fludrocortisone, followed by hydrocor...More",,DDInter1515
2,Peptic Ulcer Perforation,"Corticosteroids may cause gastrointestinal perforation and hemorrhage, usually when given in high dosages or for prolonged periods.  They may also mask symptoms of complications such as peritonitis or...More",,DDInter1515
2,Cushing Syndrome,Corticosteroids mimic the effects of endogenous cortisol and aldosterone.  Use of these agents may aggravate conditions of hyperadrenocorticalism in a dose-dependent manner.,,DDInter1515
2,Hyperlipidemias,Corticosteroids may elevate serum triglyceride and LDL cholesterol levels if used for longer than brief periods.  Patients with preexisting hyperlipidemia may require closer monitoring during prolonge...More,,DDInter1515
3,Substance-Related Disorders,"Anxiolytic, sedative, and hypnotic agents have the potential to cause dependence and abuse.  Tolerance as well as physical and psychological dependence can develop, particularly after prolonged use of...More",,DDInter1516
2,Depressive Disorder,Antiepileptic drugs (AEDs) have been associated with an increased risk of suicidal thoughts or behavior in patients taking these drugs for any indication.  Pooled analyses of 199 placebo-controlled cl...More,,DDInter1516
2,Angioedema,"Angioedema has been reported during pregabalin therapy, including reports of life-threatening angioedema with respiratory compromise requiring emergency treatment.  Therapy with pregabalin should be a...More",,DDInter1516
2,Muscular Diseases,The use of pregabalin has been associated with creatine kinase elevations.  Use caution when treating patients with diagnosed of suspected myopathy or with significantly elevated creating kinase level...More,,DDInter1516
2,Edema,Pregabalin treatment may cause peripheral edema.  There are limited data concerning the use of pregabalin in patients with congestive heart failure.  Therapy with pregabalin should be administered cau...More,,DDInter1516
2,Cardiac Conduction System Disease,"Pregabalin should be administered cautiously in patients with preexisting conduction abnormalities (e.g., marked first-degree AV block or second- or third-degree AV block), as it has been associated w...More",,DDInter1516
2,Liver Diseases,The use of pretomanid with the combination regimen of bedaquiline and linezolid has been associated with hepatic adverse reactions.  It is recommended to monitor for signs and symptoms of hepatotoxici...More,,DDInter1517
2,Long QT Syndrome,"The use of pretomanid with the combination regimen of bedaquiline and linezolid has been associated with QT prolongation.  It is recommended to obtain an ECG before starting treatment and at least 2, ...More",,DDInter1517
3,Methemoglobinemia,Prilocaine has induced methemoglobinemia resulting in respiratory distress and cyanosis.  Therapy with prilocaine topical should be administered cautiously to patients with or predisposed to methemogl...More,,DDInter1518
2,Liver Failure,"Prilocaine topical is absorbed through intact skin and mucosal membranes.  Prolonged exposure, large doses, and/or application to compromised skin or mucosa can result in elevated plasma concentration...More",,DDInter1518
No matching records,,,,DDInter1519
3,Glucosephosphate Dehydrogenase Deficiency,"Hemolysis, hemolytic anemia, and methemoglobinemia have been reported during use of primaquine in patients with glucose-6-phosphate dehydrogenase (G-6-PD) deficiency or nicotinamide adenine dinucleoti...More",,DDInter1520
3,Agranulocytosis,"The use of primaquine is contraindicated in acutely ill patients suffering from systemic disease manifested by tendency to granulocytopenia, such as rheumatoid arthritis and lupus erythematosus.  Prim...More",,DDInter1520
3,Alcoholic Intoxication,The use of barbiturates is contraindicated in patients with acute alcohol intoxication exhibiting depressed vital signs.  The central nervous system depressant effects of barbiturates may be additive ...More,,DDInter1521
3,Substance-Related Disorders,"Barbiturates have the potential to cause dependence and abuse.  Tolerance as well as physical and psychological dependence can develop, particularly after prolonged use of excessive dosages.  Abrupt c...More",,DDInter1521
3,Porphyrias,The use of barbiturates is contraindicated in patients with a history of porphyria.  Barbiturates may exacerbate acute intermittent porphyria or porphyria variegata by inducing the enzymes responsible...More,,DDInter1521
3,Exanthema,"Skin eruptions may precede rare but potentially fatal barbiturate-induced reactions such as systemic lupus erythematosus and exfoliative dermatitis, the latter of which may be accompanied by hepatitis...More",,DDInter1521
3,Respiratory Insufficiency,"Barbiturates may produce severe respiratory depression, apnea, laryngospasm, bronchospasm and cough, particularly during rapid intravenous administration.  In usual hypnotic dosages, the degree of res...More",,DDInter1521
3,Liver Diseases,"During chronic administration, primidone is slowly metabolized by the liver and excreted in the urine as phenylethylmalonamide (PEMA), phenobarbital and p-hydroxyphenobarbital, the latter two of which...More",,DDInter1521
2,Depressive Disorder,Antiepileptic drugs (AEDs) have been associated with an increased risk of suicidal thoughts or behavior in patients taking these drugs for any indication.  Pooled analyses of 199 placebo-controlled cl...More,,DDInter1521
2,Adrenal Insufficiency,"Barbiturates, especially phenobarbital, secobarbital and butabarbital, may diminish the systemic effects of exogenous and endogenous corticosteroids via induction of hepatic microsomal enzymes, thereb...More",,DDInter1521
2,Depressive Disorder,Barbiturates depress the central nervous system and may cause or exacerbate mental depression.  Therapy with barbiturates should be administered cautiously in patients with a history of depression or ...More,,DDInter1521
2,Hematologic Diseases,"Hematologic toxicity, including agranulocytosis, thrombocytopenic purpura and megaloblastic anemia, has been reported rarely during use of barbiturates.  Therapy with barbiturates should be administer...More",,DDInter1521
3,Hematologic Diseases,"The manufacturer does not recommend the use of probenecid in patients with known blood dyscrasias.  Aplastic anemia, leukopenia, hemolytic anemia and other anemia have been reported infrequently durin...More",,DDInter1522
3,Dehydration,"Probenecid may promote lithiasis by increasing uric acid concentration in the renal tubules.  Adequate hydration is necessary during therapy.  Patients who are dehydrated (e.g., due to severe diarrhea...More",,DDInter1522
3,Nephrolithiasis,The use of probenecid is not recommended in patients with a history of uric acid nephrolithiasis or a urinary urate excretion greater than 750 mg/24 hr.  Probenecid may promote lithiasis by increasing...More,,DDInter1522
2,Peptic Ulcer,The manufacturer states that probenecid should be used with caution in patients with a history of peptic ulcer.  Uricosuric agents can cause upper gastrointestinal irritation and aggravate or reactiva...More,,DDInter1522
2,Kidney Diseases,"Probenecid may not be effective in patients with chronic renal insufficiency, particularly when glomerular filtration rate is 30 mL/min or less.  Probenecid has been used in patients with some renal i...More",,DDInter1522
No matching records,,,,DDInter1523
3,Cardiomyopathies,Antiarrhythmic agents can induce severe hypotension (particularly with IV administration) or induce or worsen congestive heart failure (CHF).  Patients with primary cardiomyopathy or inadequately comp...More,,DDInter1524
3,"Arrhythmias, Cardiac","Antiarrhythmic agents can induce or worsen ventricular arrhythmias.  Ventricular tachycardia, ventricular fibrillation, and torsades de pointes have occurred in some patients.  Patients with underlyin...More",,DDInter1524
3,Bone Marrow Failure Disorders,"Bone marrow suppression inducing granulocytopenia, anemia, and thrombocytopenia has occurred during administration of procainamide.  Most event occurred at recommended dosages and within twelve weeks ...More",,DDInter1524
3,Sick Sinus Syndrome,The use of procainamide is contraindicated in patients with complete AV node block because of its effects in suppressing nodal or ventricular pacemakers and the hazard of asystole.  Therapy with proca...More,,DDInter1524
3,"Lupus Erythematosus, Systemic","The use of procainamide is contraindicated in patients with established systemic lupus erythematosus (SLE), since aggravation of the symptoms is highly likely.  A positive antinuclear antibody test (+...More",,DDInter1524
2,Water-Electrolyte Imbalance,"Electrolyte imbalance can alter the therapeutic effectiveness of antiarrhythmic agents.  Hypokalemia and hypomagnesemia can reduce the effectiveness of antiarrhythmic agents.  In some cases, these dis...More",,DDInter1524
2,Anticholinergic Syndrome,Procainamide decreases the release of acetylcholine from skeletal muscle motor nerve endings.  Procainamide can worsen the symptoms of myasthenia gravis.  Therapy with procainamide should be administe...More,,DDInter1524
2,Kidney Diseases,Procainamide is primarily eliminated by the kidney.  The serum concentration of procainamide is increased and the half-life prolonged in patients with renal impairment.  Therapy with procainamide shou...More,,DDInter1524
3,Infections,"Because of their cytotoxic effects on rapidly proliferating tissues, antineoplastic agents frequently can, to varying extent, induce myelosuppression.  The use of these drugs may be contraindicated in...More",,DDInter1526
3,Hemorrhagic Disorders,"Procarbazine induces myelosuppression, including thrombocytopenia.  Bleeding tendencies have included petechiae, purpura, epistaxis, hemoptysis, hematuria, and melena.  Therapy with procarbazine shoul...More",,DDInter1526
3,Bone Marrow Failure Disorders,"Procarbazine induces myelosuppression.  Leukopenia, thrombocytopenia, and anemia have been reported during procarbazine therapy.  Therapy with procarbazine is contraindicated in patients with inadequa...More",,DDInter1526
2,Liver Diseases,Procarbazine is metabolized by liver and kidney. Patients with hepatic impairment may be at increased risk for toxicity from procarbazine therapy at recommended dosages.  Therapy with procarbazine sho...More,,DDInter1526
2,Kidney Diseases,Procarbazine is metabolized by the liver and kidney.   Approximately 70 % of procarbazine is excreted in the urine.  Patients with renal impairment may be at increased risk for toxicity from procarbaz...More,,DDInter1526
3,Dementia,"Older patients with dementia-related psychosis treated with antipsychotic drugs are at an increased risk of death; although the causes were varied, most of the deaths appeared to be either cardiovascu...More",,DDInter1527
3,Alcoholic Intoxication,The use of phenothiazines is contraindicated in patients with acute alcohol intoxication exhibiting depressed vital signs.  The central nervous system depressant effects of phenothiazines may be addit...More,,DDInter1527
3,Cardiovascular Diseases,"Phenothiazines may cause hypotension (including orthostatic hypotension), reflex tachycardia, increased pulse rate, syncope, and dizziness, particularly after the first parenteral dose but rarely afte...More",,DDInter1527
3,Respiratory Insufficiency,The use of phenothiazines is contraindicated in comatose patients and patients with severe central nervous system depression.  Phenothiazines may potentiate the CNS and respiratory depression in these...More,,DDInter1527
3,Craniocerebral Trauma,"The use of phenothiazines is contraindicated in patients with suspected or established subcortical brain damage, with or without hypothalamic involvement.  Phenothiazines can interfere with thermoregu...More",,DDInter1527
2,Anticholinergic Syndrome,"Phenothiazines have anticholinergic activity, to which elderly patients are particularly sensitive.  Low-potency agents such as chlorpromazine and thioridazine tend to exhibit greater anticholinergic ...More",,DDInter1527
2,Breast Neoplasms,"The chronic use of phenothiazines is associated with persistent elevations in prolactin levels.  Based on in vitro data, approximately one-third of human breast cancers are thought to be prolactin-dep...More",,DDInter1527
2,Dystonic Disorders,"Phenothiazines may cause acute, dose-related dystonic reactions secondary to central dopaminergic blockade.  These reactions are characterized by spastic contraction of discrete muscle groups and may ...More",,DDInter1527
2,Hematologic Diseases,"Phenothiazines may infrequently cause hematologic toxicity, including agranulocytosis, thrombocytopenia, eosinophilia, aplastic anemia, purpura, granulocytopenia, and hemolytic anemia.  Mild leukopeni...More",,DDInter1527
2,Liver Diseases,"Phenothiazines are extensively metabolized by the liver and may accumulate in patients with hepatic impairment.  In addition, the use of some phenothiazines has been associated with adverse hepatic ef...More",,DDInter1527
3,Diabetic Neuropathies,"Agents with anticholinergic activity can exacerbate many of the manifestations of autonomic neuropathy, including tachycardia, anhidrosis, bladder atony, obstipation, dry mouth and eyes, cycloplegia a...More",,DDInter1528
3,Intestinal Obstruction,"Anticholinergics are contraindicated in patients with obstructive diseases such as achalasia, esophageal stricture or stenosis, pyloroduodenal stenosis, stenosing peptic ulcer, pyloric obstruction, an...More",,DDInter1528
3,Glaucoma,"Anticholinergic agents are contraindicated in patients with primary glaucoma, a tendency toward glaucoma (narrow anterior chamber angle), or adhesions (synechiae) between the iris and lens, as well as...More",,DDInter1528
3,Urinary Bladder Neck Obstruction,"In general, the use of anticholinergic agents is contraindicated in patients with urinary retention and bladder neck obstruction caused by prostatic hypertrophy.  Dysuria may occur and may require cat...More",,DDInter1528
3,Tardive Dyskinesia,"Anticholinergic agents and agents with secondary anticholinergic activity may aggravate tardive dyskinesia or induce previously suppressed symptoms.  Therapy with these agents should be avoided, if po...More",,DDInter1528
3,Dysentery,"The use of drugs with antiperistaltic activity (primarily antidiarrheal and antimuscarinic agents, but also antispasmodic agents such as dicyclomine or oxybutynin at high dosages) is contraindicated i...More",,DDInter1528
2,Heart Diseases,"Anticholinergics block vagal inhibition of the SA nodal pacemaker.  Therapy with anticholinergics should be administered cautiously to patients with tachycardia, congestive heart failure, or coronary ...More",,DDInter1528
2,Liver Diseases,The clearance of anticholinergics may be decreased in the presence of liver disease.  Therapy with anticholinergics should be administered cautiously and may require less frequent dosing to avoid adve...More,,DDInter1528
1,Hypertension,Cardiovascular effects of anticholinergics may exacerbate hypertension.  Therapy with anticholinergic agents should be administered cautiously in patients with hypertension.,,DDInter1528
1,Hyperthyroidism,"In general, agents with anticholinergic activity may exacerbate hyperthyroidism.  Therapy with anticholinergics should be administered cautiously in patients with hyperthyroidism.  Thyroid levels shou...More",,DDInter1528
3,Breast Neoplasms,The use of progestogens is considered by manufacturers to be contraindicated in patients with existing or suspected malignancy of the breast.  Some supportive data are available for medroxyprogesteron...More,,DDInter1529
3,Liver Diseases,"The use of progestogens, in general, is contraindicated in patients with impaired hepatic function or liver disease.  There are little or no data concerning the pharmacokinetic disposition of the diff...More",,DDInter1529
3,Thromboembolism,"The use of progestogens, in general, is considered by manufacturers to be contraindicated in patients with active thrombophlebitis, cerebrovascular disease, or a current or past history of thromboembo...More",,DDInter1529
2,Depressive Disorder,The use of oral contraceptives has been associated with an increased incidence of depression.  It is uncertain whether this effect is related to the estrogenic or the progestogenic component of the co...More,,DDInter1529
2,Water-Electrolyte Imbalance,"Estrogens and progestogens may cause fluid retention, particularly when given in high dosages or for prolonged periods.  Therapy with these agents should be administered cautiously in patients who hav...More",,DDInter1529
2,Glucose Intolerance,"Impaired glucose tolerance has been observed in some patients administered oral contraceptives and appears to be related primarily to the estrogen dose.  However, progestogens can increase insulin sec...More",,DDInter1529
2,Eye Diseases,Estrogens and progestogens may cause retinal thrombosis.  Oral contraceptives should be discontinued if there is unexplained partial or complete loss of vision; onset of proptosis or diplopia; papille...More,,DDInter1529
2,Thyroid Diseases,"When administering estrogen and/or progestogen therapy in patients with thyroid disorders, clinicians should be aware that these hormones may affect thyroid function tests.  Changes have mostly been r...More",,DDInter1529
2,Hyperlipidemias,"Some progestogenic agents may elevate plasma LDL levels and/or lower HDL levels, although data have been inconsistent.  Patients with preexisting hyperlipidemia may require closer monitoring during pr...More",,DDInter1529
1,Weight Gain,"Progestogens can cause weight gain, which may be significant (as is the case with parenteral medroxyprogesterone) and undesirable in obese patients attempting to lose weight.",,DDInter1529
No matching records,,,,DDInter1530
No matching records,,,,DDInter1531
No matching records,,,,DDInter1532
3,Alcoholic Intoxication,The use of phenothiazines is contraindicated in patients with acute alcohol intoxication exhibiting depressed vital signs.  The central nervous system depressant effects of phenothiazines may be addit...More,,DDInter1533
3,Cardiovascular Diseases,"Phenothiazines may cause hypotension (including orthostatic hypotension), reflex tachycardia, increased pulse rate, syncope, and dizziness, particularly after the first parenteral dose but rarely afte...More",,DDInter1533
3,Respiratory Insufficiency,The use of phenothiazines is contraindicated in comatose patients and patients with severe central nervous system depression.  Phenothiazines may potentiate the CNS and respiratory depression in these...More,,DDInter1533
3,Craniocerebral Trauma,"The use of phenothiazines is contraindicated in patients with suspected or established subcortical brain damage, with or without hypothalamic involvement.  Phenothiazines can interfere with thermoregu...More",,DDInter1533
3,Asthma,"Promethazine is contraindicated for use in the treatment of lower respiratory tract symptoms including asthma.  Furthermore, promethazine tablets may lead to potentially fatal respiratory depression, ...More",,DDInter1533
2,Anticholinergic Syndrome,"Antihistamines often have anticholinergic activity, to which elderly patients are particularly sensitive.  Therapy with antihistamines should be administered cautiously, if at all, in patients with pr...More",,DDInter1533
2,Asthma,"It has been suggested that the anticholinergic effect of antihistamines may reduce the volume and cause thickening of bronchial secretions, resulting in obstruction of respiratory tract.  Some manufac...More",,DDInter1533
2,Breast Neoplasms,"The chronic use of phenothiazines is associated with persistent elevations in prolactin levels.  Based on in vitro data, approximately one-third of human breast cancers are thought to be prolactin-dep...More",,DDInter1533
2,Dystonic Disorders,"Phenothiazines may cause acute, dose-related dystonic reactions secondary to central dopaminergic blockade.  These reactions are characterized by spastic contraction of discrete muscle groups and may ...More",,DDInter1533
2,Hematologic Diseases,"Phenothiazines may infrequently cause hematologic toxicity, including agranulocytosis, thrombocytopenia, eosinophilia, aplastic anemia, purpura, granulocytopenia, and hemolytic anemia.  Mild leukopeni...More",,DDInter1533
3,"Arrhythmias, Cardiac","Antiarrhythmic agents can induce or worsen ventricular arrhythmias.  Ventricular tachycardia, ventricular fibrillation, and torsades de pointes have occurred in some patients.  Patients with underlyin...More",,DDInter1534
3,"Lung Diseases, Obstructive",The use of propafenone is contraindicated in patients with bronchospastic disorders or severe obstructive pulmonary disease.  Propafenone has beta-adrenergic blocking properties.,,DDInter1534
3,Heart Failure,"The use of propafenone is contraindicated in patients with uncontrolled congestive heart failure, cardiogenic shock, bradycardia, or marked hypotension.  Propafenone can exacerbate congestive heart fa...More",,DDInter1534
3,Sick Sinus Syndrome,"The use of propafenone is contraindicated in patients with conduction disorders such as second- or third-degree AV block, right bundle-branch block when associated with a left hemiblock(bifascicular b...More",,DDInter1534
2,Water-Electrolyte Imbalance,"Electrolyte imbalance can alter the therapeutic effectiveness of antiarrhythmic agents.  Hypokalemia and hypomagnesemia can reduce the effectiveness of antiarrhythmic agents.  In some cases, these dis...More",,DDInter1534
2,"Lupus Erythematosus, Systemic",Reversible (+) ANA titers have been reported during administration of propafenone.  Therapy with propafenone should be administered cautiously in patients with established systemic lupus erythematosus...More,,DDInter1534
2,Liver Diseases,"Propafenone is extensively metabolized by the liver.  The bioavailability of propafenone in patients with normal hepatic function is approximately 3% to 40%, but increases to approximately 70% in pati...More",,DDInter1534
2,Kidney Diseases,Propafenone is partially eliminated by the kidney and approximately 50% of its metabolites are excreted in the urine.  Therapy with propafenone should be administered cautiously in patients with renal...More,,DDInter1534
3,"Arrhythmias, Cardiac","Patients with tachycardia should be supervised closely during treatment with anticholinergic agents.  Tachycardia is produced by blocking normal vagal inhibition of the SA node.  Paradoxically, bradyc...More",,DDInter1535
3,Diabetic Neuropathies,"Agents with anticholinergic activity can exacerbate many of the manifestations of autonomic neuropathy, including tachycardia, anhidrosis, bladder atony, obstipation, dry mouth and eyes, cycloplegia a...More",,DDInter1535
3,Intestinal Obstruction,"Anticholinergics are contraindicated in patients with obstructive diseases such as achalasia, esophageal stricture or stenosis, pyloroduodenal stenosis, stenosing peptic ulcer, pyloric obstruction, an...More",,DDInter1535
3,Glaucoma,"Anticholinergic agents are contraindicated in patients with primary glaucoma, a tendency toward glaucoma (narrow anterior chamber angle), or adhesions (synechiae) between the iris and lens, as well as...More",,DDInter1535
3,Urinary Bladder Neck Obstruction,"In general, the use of anticholinergic agents is contraindicated in patients with urinary retention and bladder neck obstruction caused by prostatic hypertrophy.  Dysuria may occur and may require cat...More",,DDInter1535
3,Tardive Dyskinesia,"Anticholinergic agents and agents with secondary anticholinergic activity may aggravate tardive dyskinesia or induce previously suppressed symptoms.  Therapy with these agents should be avoided, if po...More",,DDInter1535
3,Dysentery,"The use of drugs with antiperistaltic activity (primarily antidiarrheal and antimuscarinic agents, but also antispasmodic agents such as dicyclomine or oxybutynin at high dosages) is contraindicated i...More",,DDInter1535
2,Psychotic Disorders,"Toxic psychosis manifested as confusion, disorientation, agitation, excitation, memory impairment, delusions and hallucinations may develop at toxic and therapeutic dosages of antimuscarinic agents.  ...More",,DDInter1535
1,Hypertension,Cardiovascular effects of anticholinergics may exacerbate hypertension.  Therapy with anticholinergic agents should be administered cautiously in patients with hypertension.,,DDInter1535
1,Fever,Atropine-like agents may increase the risk of hyperthermia in patients with fever by producing anhidrosis.  Therapy with atropine-like agents should be administered cautiously in febrile patients.,,DDInter1535
No matching records,,,,DDInter1536
No matching records,,,,DDInter1537
3,Cardiomyopathies,"Propofol can induce severe hypotension and/or cardiovascular depression, particularly during the induction phase of sedation or anesthesia.  Use of propofol infusions for both adult and pediatric ICU ...More",,DDInter1538
2,Hyperlipidemias,Propofol is formulated in an oil-and-water emulsion and elevated triglycerides can occur during extended therapy.  Propofol should be administered cautiously in patients with lipid disorders such as p...More,,DDInter1538
2,Kidney Diseases,"At high doses (2-3 grams per day), EDTA has been reported, on rare occasions, to be toxic to the renal tubules.  Studies to-date, in patients with normal or impaired renal function have not shown any ...More",,DDInter1538
2,Seizures,Patients with seizure disorders are at increased risk of seizure activity during the recovery phase of sedation or anesthesia following administration of propofol.  Clinical monitoring of seizure acti...More,,DDInter1538
2,Deficiency Diseases,Reports of mean urinary zinc loss during propofol therapy was approximately 2.5 to 3.0 mg/day in adult patients and 1.5 to 2.0 mg/day in pediatric patients.  Practitioners should consider the administ...More,,DDInter1538
3,Atrioventricular Block,The use of beta-adrenergic receptor blocking agents (aka beta-blockers) is contraindicated in patients with sinus bradyarrhythmia or heart block greater than the first degree (unless a functioning pac...More,,DDInter1539
3,"Shock, Cardiogenic",The use of beta-adrenergic receptor blocking agents (aka beta-blockers) is contraindicated in patients with hypotension or cardiogenic shock.  Due to their negative inotropic and chronotropic effects ...More,,DDInter1539
3,Heart Failure,Beta-adrenergic receptor blocking agents (aka beta-blockers) in general should not be used in patients with overt congestive heart failure (CHF).  Sympathetic stimulation may be important in maintaini...More,,DDInter1539
3,Diabetes Mellitus,"Beta-adrenergic receptor blocking agents (aka beta-blockers) may mask symptoms of hypoglycemia such as tremors, tachycardia and blood pressure changes.  In addition, the nonselective beta-blockers (e....More",,DDInter1539
3,Hypersensitivity,The use of beta-adrenergic receptor blocking agents (aka beta-blockers) in patients with a history of allergic reactions or anaphylaxis may be associated with heightened reactivity to culprit allergen...More,,DDInter1539
3,Myocardial Ischemia,"Heightened sensitivity to catecholamines may occur after prolonged use of beta-adrenergic receptor blocking agents (aka beta-blockers).  Exacerbation of angina, myocardial infarction and ventricular a...More",,DDInter1539
3,Peripheral Vascular Diseases,"Due to their negative inotropic and chronotropic effects on the heart, beta-adrenergic receptor blocking agents (aka beta-blockers) reduce cardiac output and may precipitate or aggravate symptoms of a...More",,DDInter1539
3,Asthma,"Some beta-adrenergic receptor blocking agents (i.e., non-cardioselective beta-blockers) are contraindicated in patients with bronchial asthma or with a history of bronchial asthma, or severe chronic o...More",,DDInter1539
3,Liver Diseases,Propranolol is primarily metabolized by the liver.  Patients with liver disease may be at greater risk for adverse effects from propranolol due to decreased drug clearance.  Therapy with propranolol s...More,,DDInter1539
2,Cerebrovascular Disorders,"Beta-adrenergic blocking agents (beta-blockers), should be used with caution in patients with cerebrovascular insufficiency because of their potential effects relative to blood pressure and pulse.  If...More",,DDInter1539
2,Prostatic Hyperplasia,"Topically applied sympathomimetic agents are systemically absorbed, with the potential for producing clinically significant systemic effects, particularly during prolonged or indiscriminate use.  In p...More",,DDInter1540
2,Cardiovascular Diseases,"Topically applied sympathomimetic agents are systemically absorbed, with the potential for producing clinically significant systemic effects, particularly during prolonged or indiscriminate use.  In c...More",,DDInter1540
2,Diabetes Mellitus,"Topically applied sympathomimetic agents are systemically absorbed, particularly during prolonged or indiscriminate use.  Slight increases in blood glucose concentrations may occur with the use of the...More",,DDInter1540
3,Hematologic Diseases,"The use of thioamide antithyroid agents may infrequently be associated with the development of blood dyscrasias, primarily agranulocytosis but also leukopenia, thrombocytopenia, and aplastic anemia.  ...More",,DDInter1541
3,Liver Diseases,"The use of thioamide antithyroid agents has been associated with hepatotoxic effects, including transient elevations of serum transaminases and, rarely, cholestatic jaundice, fulminant hepatitis, hepa...More",,DDInter1541
3,Hemorrhagic Disorders,Thioamide antithyroid agents may interfere with the action of vitamin K and have been reported in isolated cases to induce hypoprothombinemia and bleeding.  Myelosuppression rarely resulting in thromb...More,,DDInter1541
2,Hypothyroidism,Propylthiouracil may cause hypothyroidism and it should be used with caution in patients with an impaired thyroid function.  Routine monitoring of TSH and free T4 levels with adjustments in dosing to ...More,,DDInter1541
2,Hemorrhage,"In clinical studies, several bleeding episodes have been observed with the use of protein C concentrate human.  Simultaneous administration of protein C concentrate human and tissue plasminogen activa...More",,DDInter1542
2,Kidney Diseases,Protein C concentrate human contains sodium >200 mg.  Inform patients on a low sodium diet that the quantity of sodium in the maximum daily dose of protein C concentrate human exceeds 200 mg.  Care sh...More,,DDInter1542
3,Anticholinergic Syndrome,"Tricyclic and tetracyclic antidepressants (TCAs) have anticholinergic activity, to which elderly patients are particularly sensitive.  Tertiary amines such as amitriptyline and trimipramine tend to ex...More",,DDInter1543
3,Cardiovascular Diseases,"Tricyclic and tetracyclic antidepressants (TCAs) may cause orthostatic hypotension, reflex tachycardia, syncope, and dizziness, particularly during initiation of therapy or rapid escalation of dosage....More",,DDInter1543
3,Pheochromocytoma,Tricyclic and tetracyclic antidepressants (TCAs) may potentiate the effects of circulating catecholamines.  Enhanced sympathetic activity can provoke hypertensive crises in patients with pheochromocyt...More,,DDInter1543
3,Acute Myocardial Infarction Recovery,The use of most tricyclic antidepressants is contraindicated in patients that are going through the acute recovery period after a myocardial infarction.,,DDInter1543
3,Depressive Disorder,Adult and pediatric patients with depression may experience worsening of their symptoms and may have the emergence of suicidal thoughts and behavior.  Patients should be monitored appropriately and ob...More,,DDInter1543
3,Epilepsy,"Tricyclic antidepressants (TCAs), can lower the seizure threshold and trigger seizures.  These drugs should be used with extreme caution in patients with a history of seizures, or other predisposing f...More",,DDInter1543
2,Bone Marrow Failure Disorders,"The use of tricyclic and tetracyclic antidepressants (TCAs) has rarely been associated with bone marrow suppression.  Leukopenia, agranulocytosis, thrombocytopenia, anemia, eosinophilia, purpura, and ...More",,DDInter1543
2,Diabetes Mellitus,"Both elevation and lowering of blood sugar levels have been reported with the use of some tricyclic antidepressants (TCAs).  Rarely, these effects have also occurred with maprotiline, a tetracyclic an...More",,DDInter1543
2,Liver Diseases,"Tricyclic and tetracyclic antidepressants (TCAs) are known to undergo metabolism in the liver.  Some of the metabolites, such as those of imipramine, clomipramine and desipramine, may be pharmacologic...More",,DDInter1543
2,Schizophrenia,"Tricyclic antidepressants (TCAs) may aggravate symptoms of psychosis in schizophrenic patients, particularly those with paranoid symptomatology.  Depressed patients, usually those with bipolar disorde...More",,DDInter1543
3,Inflammatory Bowel Diseases,"The use of prucalopride is contraindicated in patients with severe inflammatory conditions of the intestinal tract such as Crohn's disease, ulcerative colitis, and toxic megacolon/megarectum.",,DDInter1544
3,Intestinal Perforation,"The use of prucalopride is contraindicated in patients with obstructive ileus, and intestinal perforation or obstruction due to structural or functional disorder of the gut wall.",,DDInter1544
3,Kidney Diseases,"Prucalopride is known to be substantially excreted by the kidney, and the risk of adverse reactions may be greater in patients with impaired renal function.  No dosage adjustment is required for patie...More",,DDInter1544
2,Depressive Disorder,"Suicides, suicide attempts, and suicidal ideation have been reported with the use of prucalopride.  It is recommended to monitor all patients for persistent worsening of depression or the emergence of...More",,DDInter1544
3,Cardiovascular Diseases,"Sympathomimetic agents may cause adverse cardiovascular effects, particularly when used in high dosages and/or in susceptible patients.  In cardiac tissues, these agents may produce positive chronotro...More",,DDInter1545
2,Intestinal Obstruction,The extended-release formulation of pseudoephedrine (Sudafed 24 Hour) contains a non-deformable material.  There have been rare reports of obstructive symptoms in patients with known strictures follow...More,,DDInter1545
2,Phenylketonurias,"Chewable products frequently may contain aspartame, which is metabolized in the gastrointestinal tract to phenylalanine.  Sudafed (brand of pseudoephedrine) chewable 15 mg tablets provide the equivale...More",,DDInter1545
2,Prostatic Hyperplasia,Sympathomimetic agents may cause or worsen urinary difficulty in patients with prostate enlargement due to smooth muscle contraction in the bladder neck via stimulation of alpha-1 adrenergic receptors...More,,DDInter1545
2,Diabetes Mellitus,Sympathomimetic agents may cause increases in blood glucose concentrations.  These effects are usually transient and slight but may be significant with dosages higher than those normally recommended. ...More,,DDInter1545
2,Glaucoma,"Sympathomimetic agents can induce transient mydriasis via stimulation of alpha-1 adrenergic receptors.  In patients with anatomically narrow angles or narrow-angle glaucoma, pupillary dilation can pro...More",,DDInter1545
3,Liver Diseases,The use of pyrantel is contraindicated in patients with liver disease.,,DDInter1546
3,Gout,"The use of pyrazinamide is contraindicated in patients with acute gout.  Pyrazinamide inhibits the renal excretion of uric acid, which may frequently result in precipitation or exacerbation of gout.  ...More",,DDInter1547
3,Liver Diseases,"The use of pyrazinamide is contraindicated in patients with severe liver damage.  Pyrazinamide may cause hepatocellular injury, particularly in patients with underlying liver disease and during coadmi...More",,DDInter1547
3,Liver Diseases,Pyrazinamide is primarily metabolized by the liver.  Patients with liver disease may be at greater risk for adverse effects from pyrazinamide due to decreased drug clearance.  Dosage reductions are re...More,,DDInter1547
3,Kidney Diseases,"The half-life of pyrazinamide may be prolonged in patients with renal impairment.  In addition, the drug's metabolites, at least one of which is pharmacologically active, may accumulate.  Therapy with...More",,DDInter1547
2,Diabetes Mellitus,"The use of pyrazinamide may be associated with poor diabetic control.  Patients with diabetes mellitus should be monitored more closely during therapy with pyrazinamide, and their antidiabetic regimen...More",,DDInter1547
2,Diseases requiring hemodialysis,Pyrazinamide is removed by hemodialysis and should be administered after dialysis.,,DDInter1547
No matching records,,,,DDInter1548
2,Malabsorption Syndromes,"The B vitamins are readily absorbed in the GI tract following oral administration.  However, GI absorption may be decreased in patients with malabsorption syndromes and other conditions.  For example,...More",,DDInter1549
3,Folic Acid Deficiency,Pyrimethamine is a folate antagonist.  The use of pyrimethamine is contraindicated in patients with megaloblastic anemia caused by folate deficiency.  Pyrimethamine should be used with caution in pati...More,,DDInter1550
2,Liver Diseases,Pyrimethamine is extensively metabolized by the liver.  Therapy with pyrimethamine should be administered cautiously in patients with liver disease.,,DDInter1550
2,Kidney Diseases,Pyrimethamine and its metabolites are excreted in the urine.  Therapy with pyrimethamine should be administered cautiously in patients with renal dysfunction.,,DDInter1550
2,Epilepsy,"The use of pyrimethamine has been associated with ataxia, tremors, and seizures.  Therapy with pyrimethamine should be administered cautiously and in lower dosages in patients with seizure disorders.",,DDInter1550
No matching records,,,,DDInter1551
3,Alcoholic Intoxication,The use of benzodiazepines with alcohol is not recommended.  Patients with acute alcohol intoxication exhibit depressed vital signs.  The central nervous system depressant effects of benzodiazepines m...More,,DDInter1552
3,"Glaucoma, Angle-Closure",The manufacturers consider the use of benzodiazepines to be contraindicated in patients with acute angle-closure glaucoma or untreated open-angle glaucoma.  These agents do not possess anticholinergic...More,,DDInter1552
3,Substance-Related Disorders,"Benzodiazepines have the potential to cause dependence and abuse.  Tolerance as well as physical and psychological dependence can develop, particularly after prolonged use and/or excessive dosages.  H...More",,DDInter1552
3,Liver Diseases,"Benzodiazepines are metabolized by the liver, and the metabolites are excreted in the urine.  Chlordiazepoxide, clorazepate, diazepam, flurazepam and quazepam undergo oxidative N-dealkylation to activ...More",,DDInter1552
3,Respiratory Insufficiency,"Benzodiazepines may cause respiratory depression and apnea, usually when given in high dosages and/or by intravenous administration.  However, some patients may be susceptible at commonly used dosages...More",,DDInter1552
3,Seizures,The use of benzodiazepines in patients with seizure disorders may increase the incidence or precipitate the onset of generalized tonic-clonic seizures (grand mal).  Appropriate anticonvulsant medicati...More,,DDInter1552
2,Depressive Disorder,Benzodiazepines depress the central nervous system and may cause or exacerbate mental depression and cause suicidal behavior and ideation.  Episodes of mania and hypomania have also been reported in d...More,,DDInter1552
2,Obesity,"The plasma half-lives of benzodiazepines may be prolonged in obese patients, presumably due to increased distribution into fat.  Marked increases in distribution (> 100%) have been reported for diazep...More",,DDInter1552
2,Psychotic Disorders,"Paradoxical reactions, including excitability, irritability, aggressive behavior, agitation, nervousness, hostility, anxiety, sleep disturbances, nightmares and vivid dreams, have been reported with t...More",,DDInter1552
2,Sleep Wake Disorders,Sleep disturbances may be the presenting manifestation of a physical and/or psychiatric disorder.  The symptomatic treatment of insomnia should be initiated only after a careful evaluation of the pati...More,,DDInter1552
3,Depressive Disorder,"Antidepressants increased the risk of suicidal thoughts and behavior in children, adolescents, and young adults in short-term trials; these trials did not show increased risk in patients older than 24...More",,DDInter1553
3,Dementia,"Older patients with dementia-related psychosis treated with antipsychotic drugs are at an increased risk of death; although the causes were varied, most of the deaths appeared to be either cardiovascu...More",,DDInter1553
3,Long QT Syndrome,Some atypical antipsychotic agents can prolong the QTc interval of the electrocardiogram in a dose-dependent manner.  Electrolyte disturbances such as hypokalemia and hypomagnesemia may augment the pr...More,,DDInter1553
3,Alcoholic Intoxication,The use of neuroleptic agents is contraindicated in patients with acute alcohol intoxication exhibiting depressed vital signs.  The central nervous system depressant effects of neuroleptic agents may ...More,,DDInter1553
3,Respiratory Insufficiency,The use of neuroleptic agents is contraindicated in comatose patients and patients with severe central nervous system depression.  Neuroleptic agents may potentiate the CNS and respiratory depression ...More,,DDInter1553
3,Neuroleptic Malignant Syndrome,The central dopaminergic blocking effects of neuroleptic agents may precipitate or aggravate a potentially fatal symptom complex known as neuroleptic malignant syndrome (NMS).  NMS is observed most fr...More,,DDInter1553
2,"Pneumonia, Aspiration",Esophageal dysmotility and aspiration have been associated with the use of antipsychotic drugs.  These drugs should be administered cautiously in patients at risk for aspiration pneumonia.,,DDInter1553
2,Seizures,Antipsychotic and neuroleptic drugs can lower the seizure threshold and trigger seizures in a dose-dependent manner.  This risk is greatest in patients with a history of seizures or with conditions th...More,,DDInter1553
2,Hematologic Diseases,"Cases of leukopenia, neutropenia, and agranulocytosis have been reported with the use of atypical antipsychotic agents.  Patients with preexisting low white blood cell count may be at increased risk. ...More",,DDInter1553
2,Hyperglycemia,"Hyperglycemia, in some cases extreme and associated with ketoacidosis or hyperosmolar coma or death, has been reported with the use of atypical antipsychotic agents.  Patients with diabetes should be ...More",,DDInter1553
3,Angioedema,The use of these agents is contraindicated in patients with hereditary angioedema or a history of idiopathic angioedema.  Patients with a history of angioedema unrelated to ACE inhibitors may be at in...More,,DDInter1554
3,Bone Marrow Failure Disorders,"ACE inhibitors may cause bone marrow suppression, rarely in uncomplicated individuals but more frequently in patients with renal impairment, especially if they also have a collagen-vascular disease su...More",,DDInter1554
3,Heart Failure,"ACE inhibitors can cause marked renal impairment in patients whose renal function depends on the activity of the renin-angiotensin-aldosterone system.  In addition, symptomatic and sometimes excessive...More",,DDInter1554
3,Diseases requiring hemodialysis,Anaphylactoid reactions have been reported in patients undergoing hemodialysis with high-flux polyacrylonitrile membranes and treated concomitantly with an ACE inhibitor.  The frequency and mechanism ...More,,DDInter1554
3,Hyperkalemia,"In patients with hyperkalemia, especially those associated with impaired renal function or congestive heart failure, ACE inhibitors may further raise serum potassium levels.  Therapy with ACE inhibito...More",,DDInter1554
3,Hypotension,"ACE inhibitors can cause symptomatic hypotension, most often during the initiation of therapy and in patients who are volume- and/or sodium-depleted or treated for congestive heart failure (CHF).  The...More",,DDInter1554
2,Liver Diseases,"Rarely, elevations of liver enzymes and/or serum bilirubin have occurred with the use of ACE inhibitors.  Patients receiving ACE inhibitors who develop jaundice or marked elevations of hepatic enzymes...More",,DDInter1554
2,Kidney Diseases,"With the exception of fosinopril, ACE inhibitors (and/or their active metabolites in some cases) are primarily eliminated by the kidney and may accumulate in patients with renal impairment.  ACE inhib...More",,DDInter1554
No matching records,,,,DDInter1555
3,Cardiomyopathies,Antiarrhythmic agents can induce severe hypotension (particularly with IV administration) or induce or worsen congestive heart failure (CHF).  Patients with primary cardiomyopathy or inadequately comp...More,,DDInter1556
3,"Arrhythmias, Cardiac","Antiarrhythmic agents can induce or worsen ventricular arrhythmias.  Ventricular tachycardia, ventricular fibrillation, and torsades de pointes have occurred in some patients.  Patients with underlyin...More",,DDInter1556
3,Anticholinergic Syndrome,"The use of quinidine is contraindicated in patients with preexisting conditions that are likely to be exacerbated by anticholinergic activity, such as myasthenia gravis, glaucoma, and urinary retentio...More",,DDInter1556
3,Sick Sinus Syndrome,"The use of quinidine is contraindicated for use in patients without a functioning artificial pacemaker whose cardiac rhythm is dependent upon a junctional or idioventricular pacemaker, including patie...More",,DDInter1556
2,Water-Electrolyte Imbalance,"Electrolyte imbalance can alter the therapeutic effectiveness of antiarrhythmic agents.  Hypokalemia and hypomagnesemia can reduce the effectiveness of antiarrhythmic agents.  In some cases, these dis...More",,DDInter1556
2,Liver Diseases,Quinidine is primarily metabolized by the liver to active and inactive forms.  Hepatic dysfunction causes a slowed metabolism and elimination of the drug which can lead to quinidine toxicity if dosage...More,,DDInter1556
2,Kidney Diseases,Renal dysfunction causes a slowed elimination of quinidine which can lead to quinidine toxicity if dosage is not appropriately reduced.  Therapy with quinidine should be administered cautiously and do...More,,DDInter1556
3,Long QT Syndrome,The use of certain antimalarial agents is contraindicated in patients with known prolongation of QT interval as these patients can develop fatal arrhythmias.  These drugs should also be avoided in pat...More,,DDInter1557
3,Glucosephosphate Dehydrogenase Deficiency,The use of quinine is contraindicated in patients with glucose-6-phosphate dehydrogenase (G-6-PD) deficiency.  Red blood cells are more easily destroyed in patients with G-6-PD deficiency and may lead...More,,DDInter1557
3,Myasthenia Gravis,"The use of quinine is contraindicated in patients with myasthenia gravis, as quinine has neuromuscular blocking activity, and may exacerbate muscle weakness.",,DDInter1557
3,Toxic Optic Neuropathy,"The use of quinine is contraindicated in patients with optic neuritis, and cautious use, if at all, is advised for patients with retinopathy or other visual defects.  Quinine may affect the retina and...More",,DDInter1557
3,Thrombocytopenia,Quinine is contraindicated in patients with thrombocytopenia.  Quinine can produce an immune-mediated thrombocytopenia.  Severe cases of thrombocytopenia that are fatal or life threatening have been r...More,,DDInter1557
3,Tinnitus,"The use of quinine is contraindicated in patients with tinnitus.  Quinine has been associated with reversible and irreversible ototoxicity.  Reversible hearing loss, tinnitus, and dizziness has been r...More",,DDInter1557
2,Liver Failure,"In patients with severe hepatic impairment (Child-Pugh C), quinine oral clearance is decreased, volume of distribution is increased, and half-life is prolonged, relative to subjects with normal liver ...More",,DDInter1557
2,Kidney Diseases,Clearance of quinine is decreased in patients with severe chronic renal failure.  The dosage and dosing frequency should be reduced.  The effects of mild and moderate renal impairment on the safety an...More,,DDInter1557
No matching records,,,,DDInter1558
3,Clostridium Infections,"Published observational studies suggest that proton pump inhibitor (PPI) use may be associated with an increased risk of Clostridium difficile-associated diarrhea (CDAD), especially in hospitalized pa...More",,DDInter1559
2,"Fractures, Bone","Various published observational studies have reported that PPI therapy may be associated with an increased risk for osteoporosis related fractures of the hip, wrist or spine.  The risk was increased i...More",,DDInter1559
2,"Hypomagnesemia 1, Intestinal","Symptomatic and asymptomatic hypomagnesemia has been reported rarely in patients treated with PPIs for at least 3 months, in most cases after a year of therapy.  Serious adverse events can include tet...More",,DDInter1559
2,Liver Diseases,"Rabeprazole is primarily metabolized by the liver.  Although the drug is generally well-tolerated, therapy with rabeprazole should be administered cautiously in patients with severe liver disease beca...More",,DDInter1559
2,Cardiovascular Diseases,"Adrenergic bronchodilators can stimulate cardiovascular beta- 1 and beta- 2 receptors, resulting in adverse effects such as tachycardia, palpitation, peripheral vasodilation, blood pressure changes, a...More",,DDInter1560
2,Diabetes Mellitus,"Adrenergic bronchodilators may cause increases in blood glucose concentrations.  These effects are usually transient and slight, but may be significant with dosages higher than those normally recommen...More",,DDInter1560
2,Hypokalemia,"Adrenergic bronchodilators may cause decreases in serum potassium concentrations, primarily when given by nebulization or intravenous administration.  Although this effect is usually transient and doe...More",,DDInter1560
2,Seizures,Adrenergic bronchodilators may cause CNS stimulation.  Therapy with adrenergic bronchodilators should be administered cautiously in patients with seizure disorders.  Systemic adverse effects are minim...More,,DDInter1560
2,Bone Marrow Failure Disorders,"A randomized clinical trial reported that 2% of the patients receiving radium Ra 223 experienced bone marrow failure or ongoing pancytopenia, including 2 deaths due to bone marrow failure.  Myelosuppr...More",,DDInter1561
2,Liver Failure,No dedicated hepatic or renal impairment studies have been conducted for radium Ra 223.  Subgroup analyses in the randomized controlled trials have concluded that no dose adjustment is needed in patie...More,,DDInter1561
3,Thromboembolism,"The use of raloxifene is contraindicated in patients with active or past history of venous thromboembolic events, including deep vein thrombosis, pulmonary embolism, and retinal vein thrombosis.  In c...More",,DDInter1562
2,Heart Diseases,"In studies of postmenopausal women with documented coronary heart disease or at increased risk for coronary events, an increased risk of death due to stroke was observed after treatment with raloxifen...More",,DDInter1562
2,Hypertriglyceridemia,In studies of women with a history of marked hypertriglyceridemia (>5.6 mmol/L or >500 mg/dL) in response to treatment with oral estrogen or estrogen plus progestin may develop increased levels of tri...More,,DDInter1562
2,Liver Diseases,Raloxifene undergoes extensive first-pass metabolism in the liver.  Following administration of a single oral dose in Child-Pugh Class A patients with cirrhosis and total serum bilirubin ranging from ...More,,DDInter1562
2,Kidney Diseases,Raloxifene should be used with caution in patients with moderate or severe renal impairment.,,DDInter1562
2,Diseases requiring hemodialysis,There were no clinically important pharmacokinetic differences between subjects with severe renal impairment and healthy subjects.  No dosage adjustment is necessary for these patients.  Because the e...More,,DDInter1563
2,Liver Diseases,There were no clinically important pharmacokinetic differences between subjects with moderate hepatic impairment and healthy subjects.  No dosage adjustment is necessary for patients with mild to mode...More,,DDInter1563
2,Rhabdomyolysis,The use of raltegravir has been associated with creatine kinase elevations.  There have been reports of myopathy and rhabdomyolysis in patients taking raltegravir.  Therapy with raltegravir should be ...More,,DDInter1563
2,Phenylketonurias,Isentress (brand of raltegravir) chewable tablets contain phenylalanine.  The 25 mg chewable tablet contains approximately 0.05 mg phenylalanine and the 100 mg contains approximately 0.10 mg phenylala...More,,DDInter1563
3,Depressive Disorder,"A variety of abnormal thinking and behavior changes have been reported to occur in association with the use of most anxiolytics, sedatives and hypnotics.  Some of these changes include decreased inhib...More",,DDInter1564
3,"Kidney Failure, Chronic","Some anxiolytic, sedative and hypnotic drugs have not been studied in patients with severe renal impairment and should not be used on these patients.",,DDInter1564
3,Sleep Apnea Syndromes,"The use of ramelteon could exacerbate symptoms of sleep apnea, and has not been studied in patients with severe sleep apnea.  Ramelteon is not recommended in patients with severe sleep apnea.",,DDInter1564
2,Glaucoma,"Some hypnotic drugs can have an anticholinergic effect and should be used with caution in patients with glaucoma, and trouble urinating due to retention or enlarged prostate.",,DDInter1564
2,Liver Diseases,"In general, anxiolytics, sedatives and hypnotics are extensively metabolized by the liver.  Their plasma clearance may be decreased and their half-life prolonged in patients with impaired hepatic func...More",,DDInter1564
3,Angioedema,The use of these agents is contraindicated in patients with hereditary angioedema or a history of idiopathic angioedema.  Patients with a history of angioedema unrelated to ACE inhibitors may be at in...More,,DDInter1565
3,Bone Marrow Failure Disorders,"ACE inhibitors may cause bone marrow suppression, rarely in uncomplicated individuals but more frequently in patients with renal impairment, especially if they also have a collagen-vascular disease su...More",,DDInter1565
3,Heart Failure,"ACE inhibitors can cause marked renal impairment in patients whose renal function depends on the activity of the renin-angiotensin-aldosterone system.  In addition, symptomatic and sometimes excessive...More",,DDInter1565
3,Diseases requiring hemodialysis,Anaphylactoid reactions have been reported in patients undergoing hemodialysis with high-flux polyacrylonitrile membranes and treated concomitantly with an ACE inhibitor.  The frequency and mechanism ...More,,DDInter1565
3,Hyperkalemia,"In patients with hyperkalemia, especially those associated with impaired renal function or congestive heart failure, ACE inhibitors may further raise serum potassium levels.  Therapy with ACE inhibito...More",,DDInter1565
3,Hypotension,"ACE inhibitors can cause symptomatic hypotension, most often during the initiation of therapy and in patients who are volume- and/or sodium-depleted or treated for congestive heart failure (CHF).  The...More",,DDInter1565
2,Liver Diseases,"Rarely, elevations of liver enzymes and/or serum bilirubin have occurred with the use of ACE inhibitors.  Patients receiving ACE inhibitors who develop jaundice or marked elevations of hepatic enzymes...More",,DDInter1565
2,Kidney Diseases,"With the exception of fosinopril, ACE inhibitors (and/or their active metabolites in some cases) are primarily eliminated by the kidney and may accumulate in patients with renal impairment.  ACE inhib...More",,DDInter1565
3,Hemorrhage,"Ramucirumab may increase the risk of bleeding.  Patients have experienced gastrointestinal hemorrhage, including severe and sometimes fatal hemorrhagic events when using this agent.  Permanently disco...More",,DDInter1566
3,Peptic Ulcer Perforation,Inhibitors of vascular endothelial growth factor receptors (VEGFR) may cause gastrointestinal perforation and fistulae.  Avoid use of these agents in patients with ovarian cancer who have evidence of ...More,,DDInter1566
2,Hypothyroidism,Hypothyroidism has been reported in patients taking ramucirumab.  Therapy with ramucirumab should be administered cautiously to patients with thyroid dysfunction.  Baseline laboratory measurement of t...More,,DDInter1566
2,Liver Diseases,The effect of hepatic impairment on the clearance of ramucirumab was evaluated in patients with mild and moderate hepatic impairment.  No clinically important differences in the clearance of ramucirum...More,,DDInter1566
2,Hypertension,Inhibitors of vascular endothelial growth factor receptors (VEGFR) have been associated with severe increases in blood pressure.  Therapy with these agents should be administered cautiously in patient...More,,DDInter1566
2,Posterior Leukoencephalopathy Syndrome,Posterior Reversible Encephalopathy Syndrome (PRES) has been reported with the use of inhibitors of vascular endothelial growth factor receptors (VEGFR) in clinical studies.  PRES is a neurological di...More,,DDInter1566
2,Proteinuria,The incidence and severity of proteinuria is increased in patients taking inhibitors of vascular endothelial growth factor receptors (VEGFR).  Therapy with these agents should be administered cautious...More,,DDInter1566
2,Thromboembolism,"Venous and arterial thromboembolic events (VTE and ATE), some fatal, have been reported with the use of inhibitors of vascular endothelial growth factor receptors (VEGFR).  Caution is recommended when...More",,DDInter1566
3,Eye Infections,"Drugs requiring intravitreal administration (including aflibercept, faricimab, pegaptanib, and ranibizumab) are contraindicated in patients with active intraocular inflammation or ocular/periocular in...More",,DDInter1567
2,Ocular Hypertension,Increases in intraocular pressure have been reported both pre- injection and post- injection (at 60 minutes) while being treated with ranibizumab.  Intraocular pressure should be monitored prior and f...More,,DDInter1567
3,Peptic Ulcer Hemorrhage,"Histamine H2 receptor antagonists should not be used in the presence of vomit with blood, or bloody or black stools.  These might be serious conditions and the diagnosis needs to be ruled out.",,DDInter1568
3,Porphyrias,Ranitidine may rarely precipitate acute porphyria attacks and should be avoided in patients with a history of acute porphyria.,,DDInter1568
2,Diseases requiring hemodialysis,Ranitidine is partially removed by hemodialysis and should be administered after dialysis.,,DDInter1568
2,Liver Diseases,"Ranitidine is partially metabolized by the liver.  Although dosage reductions are generally not necessary, therapy with ranitidine should be administered cautiously in patients with liver disease.  El...More",,DDInter1568
2,Phenylketonurias,Zantac (brand of ranitidine) 150 EFFERdose tablets and granules both contain 16.84 mg of phenylalanine per each 150 mg of ranitidine.  The phenylalanine content should be considered when these product...More,,DDInter1568
2,Kidney Diseases,"Ranitidine is primarily eliminated by the kidney.  Although the drug is generally well-tolerated, the daily dosage should initially be reduced in patients with moderate to severe renal impairment (CrC...More",,DDInter1568
No matching records,,,,DDInter1569
3,Liver Failure,"Plasma concentrations of ranolazine increased by 30% in patients with mild (Child-Pugh Class A), and by 60% in patients with moderate (Child-Pugh B) hepatic impairment.  The use of ranolazine is contr...More",,DDInter1570
2,Long QT Syndrome,"Ranolazine prolongs the QT interval in a dose-related manner.  Caution should be exercised if used in patients with long QT interval, or using other QT- prolonging drugs.",,DDInter1570
2,Kidney Diseases,"In patients with varying degrees of renal impairment, ranolazine plasma levels increased up to 50%, Caution is advised when used in patients with renal impairment.  The pharmacokinetics of ranolazine ...More",,DDInter1570
No matching records,,,,DDInter1571
3,Hypotension,"Dopamine agonists may impair the systemic regulation of blood pressure, with resultant orthostatic hypotension, especially during dose escalation.  Therapy with dopamine agonists should be monitored c...More",,DDInter1572
3,Psychotic Disorders,"Ordinarily, patients with major psychotic disorder should not be treated with dopaminergic antiparkinson agents, because of the risk of exacerbating psychosis.  Hallucinations and psychotic-like behav...More",,DDInter1572
3,Hepatic Insufficiency,Rasagiline should not be used in patients with moderate to severe hepatic impairment.  Patients with mild hepatic impairment should not exceed a dose of 0.5 mg daily.,,DDInter1572
2,Hypertension,Exacerbation of hypertension may occur during treatment with rasagiline.  Dosage adjustment may be necessary if the elevation is sustained.  Patients should be monitored for new onset hypertension or ...More,,DDInter1572
2,Kidney Diseases,"Dose adjustment of rasagiline is not required for patients with mild or moderate renal impairment.  However, rasagiline has not been studied in patients with severe renal impairment.  Caution is advis...More",,DDInter1572
3,Glucosephosphate Dehydrogenase Deficiency,"The antihyperuricemic agents pegloticase and rasburicase are contraindicated in patients deficient in glucose-6-phosphate-dehydrogenase (G6PD), as these have shown to cause severe hemolytic reactions ...More",,DDInter1573
3,Meningitis,"Ravulizumab is contraindicated in patients with unresolved Neisseria meningitidis infection.  Life-threatening meningococcal infections have occurred in patients treated with ravulizumab, and the drug...More",,DDInter1574
2,Infections,"Ravulizumab blocks terminal complement activation; therefore, patients may have increased susceptibility to encapsulated bacteria infections, especially those caused by Neisseria meningitidis, but als...More",,DDInter1574
2,"Kidney Failure, Chronic",The effect of severe renal impairment (eGFR 15 to 29 mL/min/1.73 m2) on ravulizumab pharmacokinetics is unknown.,,DDInter1574
3,Myocardial Infarction,"The use of regadenoson has been associated with fatal and nonfatal myocardial infarction, ventricular arrhythmias, and cardiac arrest.  Therapy with regadenoson should be avoided in patients with symp...More",,DDInter1575
3,Sick Sinus Syndrome,"The use of regadenoson is contraindicated in patients with second- or third- degree AV block, or with sinus node dysfunction in the absence of a functional artificial pacemaker.  Adenosine receptor ag...More",,DDInter1575
2,"Arrhythmias, Cardiac","New-onset or recurrent atrial fibrillation with rapid ventricular response and atrial flutter, and cardiac arrest have occurred following regadenoson injection.  Therapy with regadenoson should be adm...More",,DDInter1575
2,"Pulmonary Disease, Chronic Obstructive","The use of regadenoson, as others adenosine receptor agonist may induce dyspnea, bronchoconstriction and respiratory compromise in patients with COPD or asthma.  Appropriate bronchodilator therapy and...More",,DDInter1575
2,Hypotension,"The use of adenosine receptor agonists, including regadenoson, has been associated with arterial vasodilation and hypotension.  The risk of serious hypotension may be higher in patients with autonomic...More",,DDInter1575
2,Seizures,The use of regadenoson may lower the seizure threshold.  New-onset or recurrence of convulsive seizures has occurred following regadenoson injection.  Caution is recommended when using this agent in p...More,,DDInter1575
2,Lung Diseases,"The use of certain multikinase inhibitors has been associated with pulmonary toxicity.  Serious cases of interstitial lung disease (ILD), including fatal cases and interstitial pneumonitis or pulmonar...More",,DDInter1576
3,Osteoporosis,"Relugolix is contraindicated for use in women with known osteoporosis because of the risk of further bone loss.  Prior to initiating therapy, an assessment of bone mineral density by dual-energy X-ray...More",,DDInter1577
2,Long QT Syndrome,"Androgen deprivation therapy may prolong the QT/QTc interval.  Health care providers should consider if benefits of therapy outweigh the potential risks in patients with congenital long QT syndrome, c...More",,DDInter1577
3,Kidney Diseases,Pharmacokinetics of remdesivir have not been evaluated in patients with renal dysfunction.  All patients must have estimated glomerular filtration rate (eGFR) determined before starting this drug and ...More,,DDInter1578
2,Liver Diseases,Pharmacokinetics of remdesivir have not been evaluated in patients with liver dysfunction.  Hepatic laboratory testing should be performed in all patients before starting this drug and during therapy ...More,,DDInter1578
3,Premature Birth,"The use of narcotic (opioid) analgesic agents is contraindicated in premature infants.  These agents may cross the immature blood-brain barrier to a greater extent than in adults, resulting in disprop...More",,DDInter1579
3,Alcoholic Intoxication,The use of opiate agonists is contraindicated in patients with acute alcohol intoxication exhibiting depressed vital signs.  The central nervous system depressant effects of opiate agonists may be add...More,,DDInter1579
3,Intestinal Obstruction,"Opioid agonists are contraindicated in patients with known or suspected gastrointestinal obstruction, including paralytic ileus.",,DDInter1579
3,Hypotension,"Opiate agonists can induce vasodilation and significant hypotension, particularly when given in high dosages and/or by rapid intravenous administration.  Opiate analgesics cause vasodilatation that ma...More",,DDInter1579
3,Intracranial Hypertension,"The hypoventilation associated with administration of opiate agonists, particularly by the intravenous route, can induce cerebral hypoxia and vasodilatation with resultant increase in intracranial pre...More",,DDInter1579
3,Respiratory Insufficiency,"Opiate agonists may produce significant central nervous system and respiratory depression of varying duration, particularly when given in high dosages and/or by rapid intravenous administration.  Apne...More",,DDInter1579
2,Adrenal Insufficiency,"Patients with Addison's disease may have increased risk of respiratory depression and prolonged CNS depression associated with the use of narcotic (opioid) analgesic agents.  Conversely, these agents ...More",,DDInter1579
2,Hypothyroidism,Patients with hypothyroidism may have increased risk of respiratory depression and prolonged CNS depression associated with the use of narcotic (opioid) analgesic agents.  These agents may also exacer...More,,DDInter1579
2,Epilepsy,"Narcotic (opioid) analgesic agents may exacerbate seizures in patients with seizure disorders and, at higher dosages, have been reported to induce seizures in patients without previous history of seiz...More",,DDInter1579
2,Urinary Retention,"Narcotic (opioid) analgesic agents may inhibit the urinary voiding reflex and increase the tone of the vesical sphincter in the bladder.  Acute urinary retention requiring catheterization may occur, p...More",,DDInter1579
No matching records,,,,DDInter1580
3,"Diabetes Mellitus, Type 1","The use of meglitinides is contraindicated in patients with type I diabetes or for the treatment of diabetic ketoacidosis, with or without coma.",,DDInter1581
3,Cardiovascular Diseases,The use of oral hypoglycemic agents may be associated with an increased risk of cardiovascular mortality compared to treatment with diet alone or diet with insulin.  This warning is based on the Unive...More,,DDInter1581
2,Hypoglycemia,Hypoglycemia may commonly occur during treatment with insulin and/or oral hypoglycemic agents.  Care should be taken in patients who may be particularly susceptible to the development of hypoglycemic ...More,,DDInter1581
2,Liver Diseases,Repaglinide is almost completely metabolized in the liver to pharmacologically inactive substances.  Patients with impaired liver function may be exposed to higher concentrations of repaglinide and it...More,,DDInter1581
2,Kidney Diseases,Patients with severely reduced renal function treated with repaglinide had elevated plasma drug concentrations.  Patients with type 2 diabetes who have severe renal function impairment should initiate...More,,DDInter1581
3,Depressive Disorder,"The use of rauwolfia alkaloids is contraindicated in patients with a history of mental depression, especially suicidal tendencies.  Rauwolfia alkaloids depletes catecholamine and serotonin stores.",,DDInter1582
3,Peptic Ulcer,"The use of rauwolfia alkaloids is contraindicated in patients with active peptic ulcer or ulcerative colitis.  Since rauwolfia alkaloids increase gastrointestinal motility and secretion, these conditi...More",,DDInter1582
2,Edema,Peripheral- acting antiadrenergic agents can cause peripheral edema.  Therapy with peripheral- acting antiadrenergic agents should be administered cautiously in patients adversely affected by sodium a...More,,DDInter1582
2,Gallstones,Rauwolfia alkaloids increase gastrointestinal motility and secretion and can precipitate biliary colic in patients with gallstones.  Therapy with rauwolfia alkaloids should be administered cautiously ...More,,DDInter1582
2,Kidney Diseases,"In general, lowering the blood pressure may cause some decrease in renal function.  Therefore, rauwolfia alkaloids should be used with caution in patients with renal impairment, since these patients m...More",,DDInter1582
2,Hypothyroidism,The use of resorcinol topical has been associated with producing goiter in patients with abraded skin.  Therapy with resorcinol topical should be administered cautiously in patients with hypothyroidis...More,,DDInter1583
No matching records,,,,DDInter1584
3,Hemorrhagic Disorders,"The use of thrombolytics is contraindicated in patients with an active bleed (internal), trauma/surgery (recent CPR/intracranial/intraspinal surgery within 2 months), bleeding diathesis, history of ce...More",,DDInter1585
2,Glaucoma,Revefenacin should be used with caution in patients with narrow-angle glaucoma.  Prescribers and patients should be alert for signs and symptoms of acute narrow-angle glaucoma (e.g.  eye pain or disco...More,,DDInter1586
2,Hepatic Insufficiency,The systemic exposure of revefenacin is unchanged while that of its active metabolite is increased in subjects with moderate hepatic impairment.  The safety of revefenacin has not been evaluated in CO...More,,DDInter1586
2,"Kidney Failure, Chronic","No dosage adjustment is required in patients with renal impairment, however, patients with severe renal impairment should be monitored for systemic antimuscarinic side effects.",,DDInter1586
2,Urinary Retention,Revefenacin should be used with caution in patients with urinary retention.  Health care providers and patients should be alert for signs and symptoms of urinary retention (e.g.  difficulty passing ur...More,,DDInter1586
3,Anemia,Oral ribavirin may cause anemia.  The decrease in hemoglobin generally occurs within 1 to 2 weeks after initiation of therapy and stabilizes by week 4.  Because significant anemia may adversely affect...More,,DDInter1587
3,Lung Diseases,"The use of aerosolized ribavirin has been associated with deterioration in pulmonary function, most significantly in patients with chronic obstructive pulmonary disease or asthma.  Respiratory status ...More",,DDInter1587
3,Kidney Diseases,"Orally administered ribavirin is metabolized by the liver, and both parent drug and metabolites are eliminated by the kidney.  In patients with creatinine clearance between 10 and 30 mL/min, the mean ...More",,DDInter1587
3,"Arrhythmias, Cardiac",Ribociclib has been shown to prolong the QT interval in a concentration-dependent manner.  It is recommended to assess ECG prior to initiation of treatment and to correct any electrolyte abnormality. ...More,,DDInter1588
2,Lung Diseases,"The use of certain multikinase inhibitors has been associated with pulmonary toxicity.  Serious cases of interstitial lung disease (ILD), including fatal cases and interstitial pneumonitis or pulmonar...More",,DDInter1588
2,Stevens-Johnson Syndrome,"Patients receiving ribociclib have developed severe cutaneous adverse reactions (SCARs), including Stevens-Johnson Syndrome (SJS), toxic epidermal necrolysis (TEN), and drug-induced hypersensitivity s...More",,DDInter1588
2,Hepatic Insufficiency,Ribociclib undergoes extensive hepatic metabolism mainly via CYP450 3A4 in humans.  Increase transaminases have been observed in clinical studies.  It is recommended to reduce the starting dose to 400...More,,DDInter1588
2,Neutropenia,The use of ribociclib may result in a decrease in neutrophil count.  Care should be exercised when using this drug in neutropenic patients.  It is recommended to perform a complete blood count (CBC) b...More,,DDInter1588
2,Kidney Diseases,It is recommended to reduce the starting dose to 200 mg in patients with severe renal impairment.  Care is recommended as this drug has not been studied in breast cancer patients with severe renal imp...More,,DDInter1588
3,Colitis,"Clostridioides difficile-associated diarrhea (CDAD), formerly pseudomembranous colitis, has been reported with almost all antibacterial drugs and may range from mild diarrhea to fatal colitis.  The mo...More",,DDInter1589
3,Tuberculosis,Rifabutin should not be given as monotherapy in patients with active tuberculosis (TB).  The administration of rifabutin in the absence of appropriate antituberculous agents may induce organisms resis...More,,DDInter1589
2,Neutropenia,"Rifabutin may occasionally cause neutropenia and rarely, thrombocytopenia.  Patients with preexisting neutropenia and/or thrombocytopenia should be monitored closely during rifabutin therapy for furth...More",,DDInter1589
3,Colitis,"Clostridioides difficile-associated diarrhea (CDAD), formerly pseudomembranous colitis, has been reported with almost all antibacterial drugs and may range from mild diarrhea to fatal colitis.  The mo...More",,DDInter1590
3,Hematologic Diseases,"Rifampin may infrequently cause hematopoietic abnormalities such as thrombocytopenia, leukopenia, decreased hemoglobin, and acute hemolytic anemia.  Hemolysis has been described as part of an immune-m...More",,DDInter1590
3,Liver Diseases,"The use of rifampin has been associated with hepatocellular injury and liver dysfunction.  Hepatitis and jaundice resulting in death have occurred, mostly in patients with underlying liver disease and...More",,DDInter1590
3,Liver Diseases,"Rifampin is primarily metabolized by the liver.  Patients with liver disease may be at greater risk for adverse effects from rifampin due to decreased drug clearance.  In addition, the accumulation of...More",,DDInter1590
3,Porphyrias,"Rifampin may induce the activity of delta amino levulinic acid synthetase, an enzyme involved in the biosynthesis of porphyrins.  The use of rifampin has been associated with isolated cases of porphyr...More",,DDInter1590
2,Endocrine system disease,"Rifampin has enzyme-inducing effects that can enhance the metabolism of many endogenous substrates, including adrenal hormones, thyroid hormones, and vitamin D, the latter of which may affect serum ca...More",,DDInter1590
3,Colitis,"Clostridioides difficile-associated diarrhea (CDAD), formerly pseudomembranous colitis, has been reported with almost all antibacterial drugs and may range from mild diarrhea to fatal colitis.  The mo...More",,DDInter1591
2,Diarrhea,The use of rifamycin has not been demonstrated to be effective in the treatment of travelers' diarrhea caused by pathogens other than E.  coli.  Treatment with this agent has not shown to be effective...More,,DDInter1591
2,Liver Diseases,"The pharmacokinetics of rifamycin in patients with impaired hepatic function have not been studied.  Rifamycin has limited systemic exposure after oral administration; therefore, it is not expected to...More",,DDInter1591
2,Kidney Diseases,The pharmacokinetics of rifamycin in patients with impaired renal function have not been studied.  Rifamycin has limited systemic exposure after oral administration and minor role of renal excretion i...More,,DDInter1591
3,Colitis,"Clostridioides difficile-associated diarrhea (CDAD), formerly pseudomembranous colitis, has been reported with almost all antibacterial drugs and may range from mild diarrhea to fatal colitis.  The mo...More",,DDInter1592
2,Liver Diseases,"Although the single-dose pharmacokinetic profiles of rifapentine and its active metabolite, 25-desacetyl rifapentine, were similar in patients with various degrees of liver dysfunction and to those ob...More",,DDInter1592
2,Porphyrias,"Rifapentine should be avoided in patients with porphyria.  Porphyria has been reported with rifampin, attributed to induction of delta amino levulinic acid synthetase; rifapentine may have similar enz...More",,DDInter1592
3,Colitis,"Clostridioides difficile-associated diarrhea (CDAD), formerly pseudomembranous colitis, has been reported with almost all antibacterial drugs and may range from mild diarrhea to fatal colitis.  The mo...More",,DDInter1593
2,Liver Diseases,"Rifaximin is metabolized by the liver.  Following administration of rifaximin 550 mg twice daily to patients with history of hepatic encephalopathy, systemic exposure (AUC) was about 10-, 14-, and 21-...More",,DDInter1593
2,Kidney Diseases,The pharmacokinetics of rifaximin have not been studied in patients with renal dysfunction; caution is recommended.,,DDInter1593
2,Hepatic Insufficiency,No formal studies have been conducted to examine the pharmacokinetics of rilonacept administered subcutaneously in patients with hepatic impairment.  Caution is advised if used on these patients.,,DDInter1594
2,Hyperlipidemias,"Patients treated with rilonacept experienced increases in their mean total cholesterol, HDL cholesterol, LDL cholesterol, and triglycerides.  The mean increases from baseline for total cholesterol, HD...More",,DDInter1594
2,Infections,"Interleukin-1 (IL-1) blockade may interfere with the immune response to infections.  Treatment with other medication as rilonacept, that work through inhibition of IL-1 has been associated with an inc...More",,DDInter1594
2,Kidney Diseases,No formal studies have been conducted to examine the pharmacokinetics of rilonacept administered subcutaneously in patients with renal impairment.  Caution is advised if used on these patients.,,DDInter1594
2,Depressive Disorder,Depressive symptoms including suicide ideation and suicide attempts have been reported with the use of rilpivirine.  Patients should be monitored for the appearance of these symptoms and should seek m...More,,DDInter1595
2,Liver Failure,Hepatic adverse events have been reported in patients taking rilpivirine.  Patients with underlying hepatitis B or C virus infection or marked transaminase elevations prior to therapy may be at increa...More,,DDInter1595
2,Kidney Diseases,"Rilpivirine should be used with caution and with increased monitoring for side effects in patients with severe renal dysfunction or end-stage renal disease, as drug concentrations can be increased due...More",,DDInter1595
2,Alcoholism,"Alcohol consumption may intensify the hepatotoxic potential of riluzole.  Therefore, patients should be warned to limit alcohol intake while receiving riluzole therapy.",,DDInter1596
2,Liver Diseases,The use of riluzole has been frequently associated with an increase in liver enzymes between 3 and 5 times the upper limit of normal (ULN).  Therapy with riluzole should be administered cautiously in ...More,,DDInter1596
2,Neutropenia,The use of riluzole has rarely been associated with neutropenia with an absolute neutrophil count (ANC) less than 500/mm3.  The neutropenia developed within the first 2 months of treatment.  Therapy w...More,,DDInter1596
2,Kidney Diseases,Riluzole and its metabolites are eliminated via the kidney.  Therapy with riluzole should be administered cautiously in patients with renal dysfunction.  Reduced clearance and higher plasma levels may...More,,DDInter1596
2,Liver Diseases,Rimantadine is primarily metabolized by the liver.  Patients with liver disease may be at greater risk for adverse effects from rimantadine due to decreased drug clearance.  Therapy with rimantadine s...More,,DDInter1597
2,Kidney Diseases,Rimantadine and its metabolites are excreted by the kidney.  Patients with renal impairment may be at greater risk for adverse effects from rimantadine due to decreased drug clearance.  Therapy with r...More,,DDInter1597
2,Epilepsy,Seizures have been reported in a few patients with a history of seizure disorders who were not receiving anticonvulsant medication while taking rimantadine.  Therapy with rimantadine should be adminis...More,,DDInter1597
3,Kidney Diseases,Rimegepant should be avoided in patients with ESRD as it not been studied in patients with CrCl less than 15 mL/min or among patients on dialysis.  No dosage adjustment is necessary for patients with ...More,,DDInter1598
3,Liver Failure,Rimegepant should be avoided in patients with severe hepatic impairment.  A dedicated pharmacokinetic study has shown an approximately 2-fold increased exposure to a single-dose of rimegepant in patie...More,,DDInter1598
3,Eye Infections,"The use of ophthalmic corticosteroids is contraindicated in most viral diseases of the cornea and conjunctiva, including epithelial herpes simplex keratitis (dendritic keratitis), vaccinia, and varice...More",,DDInter1599
3,Toxic Optic Neuropathy,"Prolonged use of corticosteroids may cause posterior subcapsular cataracts and elevated intraocular pressure, the latter of which may lead to glaucoma and/or damage to the optic nerves.  Therapy with ...More",,DDInter1599
2,Hypotension,"Riociguat reduces blood pressure.  There is a potential for symptomatic hypotension or ischemia in patients with hypovolemia, severe left ventricular outflow obstruction, resting hypotension, autonomi...More",,DDInter1600
2,Liver Failure,The safety and efficacy of riociguat have not been demonstrated in patients with severe hepatic impairment (Child-Pugh C).  Care should be exercised when using riociguat in these patients.,,DDInter1600
2,Kidney Diseases,The safety and efficacy of riociguat have not been demonstrated in patients with creatinine clearance < 15 mL/min or on dialysis.  Care should be exercised when using riociguat in these patients.,,DDInter1600
2,Heart Failure,Ripretinib may cause cardiac dysfunction.  The safety of ripretinib has not been assessed in patients with a baseline ejection fraction below 50%.  Assess ejection fraction by echocardiogram or multip...More,,DDInter1601
2,Hypertension,"Ripretinib may cause hypertension.  It is recommended to control blood pressure prior to initiating therapy and monitor blood pressure as clinically indicated during treatment.  Based on severity, wit...More",,DDInter1601
2,Wounds and Injuries,Ripretinib has the potential to affect wound healing adversely.  Do not administer ripretinib for at least two weeks following major surgery and until adequate wound healing.  It is recommended to wit...More,,DDInter1601
2,Hepatic Insufficiency,No specific studies have been conducted to determine the effect of renal or hepatic impairment on the pharmacokinetics of risankizumab.  Caution is advised.,,DDInter1602
2,Infections,"Risankizumab may increase the risk of infections., and treatment with this medication should not be initiated in patients with any clinically important active infection until the infection resolves or...More",,DDInter1602
2,Tuberculosis,Patients should be evaluated for tuberculosis (TB) infection prior to initiating treatment with risankizumab.  Consider anti-TB therapy prior to initiating treatment in patients with a past history of...More,,DDInter1602
2,Liver Diseases,"The pharmacokinetics and safety of risdiplam in patients with severe hepatic impairment (Child-Pugh class C) have not been studied.  In patients with mild or moderate hepatic impairment, clinically me...More",,DDInter1603
3,Bisphosphonate-Associated Osteonecrosis of the Jaw,"Osteonecrosis of the jaw (ONJ), which can occur spontaneously, is generally associated with tooth extraction and/or local infection with delayed healing, and has been reported in patients taking bisph...More",,DDInter1604
3,Hypocalcemia,"The use of bisphosphonates is contraindicated for the treatment of osteoporosis in patients with hypocalcemia.  These agents increase bone mineral density, a process that requires an adequate supply o...More",,DDInter1604
3,Peptic Ulcer,"Bisphosphonates may cause local irritation of the upper gastrointestinal mucosa.  Esophagitis and esophageal ulcers and erosions, occasionally with bleeding, as well as gastric and duodenal ulcers, ha...More",,DDInter1604
2,Asthma,There have been reports of bronchoconstriction in aspirin-sensitive patients receiving bisphosphonates.  Use of these agents in asthmatic and in aspirin-sensitive patients should be used with caution.,,DDInter1604
2,Kidney Diseases,Risedronate is primarily eliminated by the kidney.  The renal clearance of the drug is decreased in patients with impaired renal function.  Risedronate is not recommended for use in patients with crea...More,,DDInter1604
3,Dementia,"Older patients with dementia-related psychosis treated with antipsychotic drugs are at an increased risk of death; although the causes were varied, most of the deaths appeared to be either cardiovascu...More",,DDInter1605
3,Alcoholic Intoxication,The use of neuroleptic agents is contraindicated in patients with acute alcohol intoxication exhibiting depressed vital signs.  The central nervous system depressant effects of neuroleptic agents may ...More,,DDInter1605
3,Respiratory Insufficiency,The use of neuroleptic agents is contraindicated in comatose patients and patients with severe central nervous system depression.  Neuroleptic agents may potentiate the CNS and respiratory depression ...More,,DDInter1605
3,Neuroleptic Malignant Syndrome,The central dopaminergic blocking effects of neuroleptic agents may precipitate or aggravate a potentially fatal symptom complex known as neuroleptic malignant syndrome (NMS).  NMS is observed most fr...More,,DDInter1605
3,Liver Diseases,"Risperidone is metabolized by the liver to the principal active metabolite,  9-hydroxyrisperidone.  Although the pharmacokinetics of risperidone do not seem to be significantly altered in patients wit...More",,DDInter1605
3,Long QT Syndrome,"Risperidone and its active metabolite, 9-hydroxyrisperidone, can prolong the QT interval of the electrocardiogram in some patients.  The risk of torsade de pointes is progressively increased as the de...More",,DDInter1605
3,Kidney Diseases,"Risperidone and its primary active metabolite, 9-hydroxyrisperidone, are eliminated by the kidney.  In patients with moderate to severe renal disease, clearance of the sum of parent drug and metabolit...More",,DDInter1605
2,"Pneumonia, Aspiration",Esophageal dysmotility and aspiration have been associated with the use of antipsychotic drugs.  These drugs should be administered cautiously in patients at risk for aspiration pneumonia.,,DDInter1605
2,Seizures,Antipsychotic and neuroleptic drugs can lower the seizure threshold and trigger seizures in a dose-dependent manner.  This risk is greatest in patients with a history of seizures or with conditions th...More,,DDInter1605
2,Hematologic Diseases,"Cases of leukopenia, neutropenia, and agranulocytosis have been reported with the use of atypical antipsychotic agents.  Patients with preexisting low white blood cell count may be at increased risk. ...More",,DDInter1605
No matching records,,,,DDInter1606
3,Hemophilia A,"There have been postmarketing reports of increased bleeding, including spontaneous skin hematomas and hemarthrosis, in types A and B hemophiliac patients treated with protease inhibitors.  However, a ...More",,DDInter1607
3,Liver Diseases,"Hepatotoxicity, including jaundice, hepatitis and hepatic transaminase elevations exceeding five times the upper limit of normal, has been reported in patients receiving ritonavir alone and in combina...More",,DDInter1607
2,Hyperglycemia,"New onset diabetes mellitus, exacerbation of preexisting diabetes mellitus, glucose intolerance, hyperglycemia, and some cases of diabetic ketoacidosis have been reported during postmarketing surveill...More",,DDInter1607
2,Hyperlipidemias,Hyperlipidemia has been observed in 10% of patients receiving ritonavir during clinical trials.  Increases of 30% to 40% from baseline have been reported for total cholesterol and 200% to 300% or more...More,,DDInter1607
2,Heart Block,Ritonavir may prolong the PR interval in some patients.  Post marketing cases of second or third degree atrioventricular block have been reported.  Ritonavir should be administered cautiously in patie...More,,DDInter1607
3,Autoimmune Diseases,JC virus infection resulting in Progressive Multifocal Leukoencephalopathy (PML) and death can occur in rituximab-treated patients with hematologic malignancies or with autoimmune diseases.  Consider ...More,,DDInter1608
3,Heart Failure,Cardiotoxicity has been reported in a few patients receiving rituximab infusion during clinical studies.  Patients with a history of angina or arrhythmias have experienced recurrences of these conditi...More,,DDInter1608
3,Hepatitis B,"Rituximab, as other drugs classified as CD20-directed cytolytic antibodies can cause hepatitis B virus (HBV) reactivation, in some cases resulting in fulminant hepatitis, hepatic failure and death.  C...More",,DDInter1608
3,Tumor Lysis Syndrome,"Acute renal failure, hyperkalemia, hypocalcemia, hyperuricemia, or hyperphosphatemia from tumor lysis, some fatal, can occur within 12-24 hours after the first infusion of rituximab in patients with N...More",,DDInter1608
2,Bone Marrow Failure Disorders,Myelosuppression has been reported during administration of rituximab.  Leukopenia and thrombocytopenia occur more frequently than anemia.  Severe myelosuppression has been reported rarely.  Therapy w...More,,DDInter1608
2,Infections,"Rituximab can cause serious, including fatal, bacterial, fungal, and new or reactivated viral infections during and following the completion of rituximab-based therapy.  Infections have been reported ...More",,DDInter1608
2,Kidney Diseases,"Severe, including fatal, renal toxicity can occur after rituximab administration in patients with Non-Hodgkin's Lymphoma (NHL).  Renal toxicity has occurred in patients who experience tumor lysis synd...More",,DDInter1608
3,Hemorrhage,The use of factor Xa inhibitors is contraindicated in patients with active pathological bleeding as these agents increase the risk of bleeding and can cause serious or fatal hemorrhages.  Caution is r...More,,DDInter1609
2,Heart Valve Diseases,"The use of some factor Xa inhibitors (including apixaban, edoxaban, and rivaroxaban) is not recommended in patients with prosthetic heart valves; safety and efficacy have not been established in such ...More",,DDInter1609
2,Antiphospholipid Syndrome,"Direct acting oral anticoagulants including factor Xa inhibitors and some thrombin inhibitors as dabigatran, are not recommended for use in patients with antiphospholipid syndrome (APS).  Treatment wi...More",,DDInter1609
2,Hepatic Insufficiency,The use of rivaroxaban should be avoided in patients with moderate and severe liver dysfunction (Child-Pugh B and C) or with any liver disease associated with coagulopathy as drug exposure and bleedin...More,,DDInter1609
2,Kidney Diseases,"For most indications, rivaroxaban exposure and pharmacodynamic effects are increased in patients with CrCl less than 30 mL/min compared to patients with normal renal function; these indications includ...More",,DDInter1609
2,Pulmonary Embolism,Initiation of rivaroxaban is not recommended acutely as an alternative to unfractionated heparin in patients with pulmonary embolism who present with hemodynamic instability or who may receive thrombo...More,,DDInter1609
3,Bradycardia,"Due to their pharmacological action, cholinesterase inhibitors can have a vagotonic effect on the sinoatrial and atrioventricular nodes producing bradycardia or heart block.  Therapy with cholinestera...More",,DDInter1610
3,Bronchial Spasm,"Cholinesterase inhibitors inhibit the hydrolysis of acetylcholine.  The enhanced effect of acetylcholine produces constriction of the bronchi, increased bronchial secretions, and bronchospasm.  Therap...More",,DDInter1610
3,Parkinsonian Disorders,Cholinesterase inhibitors should be used with caution in patients with parkinsonism.  Some of these drugs might be contraindicated in these patients (refer to specific prescribing information).  Sympt...More,,DDInter1610
3,Peptic Ulcer,The use of cholinesterase inhibitors is associated with an increase in gastric acid secretion and gastric contractions.  Therapy with cholinesterase inhibitors should be administered cautiously in pat...More,,DDInter1610
3,Seizures,Cholinesterase inhibitors have been associated with convulsions and tremor.  Therapy with cholinesterase inhibitors should be administered cautiously in patients with seizure disorders.,,DDInter1610
3,Coronary Artery Disease,"The group of drugs known as 5-hydroxytryptamine1 receptor (5-HT1) agonists can cause vasospastic reactions, including coronary vasospasm, peripheral vascular ischemia, and colonic ischemia.  Rarely, s...More",,DDInter1611
3,Cardiovascular Diseases,"The use of 5-hydroxytryptamine receptor (5-HT1) agonists is contraindicated in patients with a history or current symptoms or signs of ischemic cardiac, cerebrovascular, and/or peripheral vascular dis...More",,DDInter1611
3,Liver Diseases,"Rizatriptan is primarily metabolized by the liver.  Following oral administration in patients with alcoholic cirrhosis of the liver, the plasma concentrations of rizatriptan were not significantly alt...More",,DDInter1611
3,Migraine Disorders,The use of rizatriptan is contraindicated in patients with hemiplegic or basilar migraine.,,DDInter1611
2,Phenylketonurias,"Maxalt-MLT (brand of rizatriptan) orally disintegrating tablets contain 1.05 mg and 2.10 mg of phenylalanine per each 5 mg and 10 mg tablet, respectively.  The phenylalanine content should be consider...More",,DDInter1611
2,Kidney Diseases,"Rizatriptan is excreted in the urine primarily as metabolites but also as unchanged drug.  Following oral administration in patients with renal impairment (CrCl = 10 to 60 mL/min/1.73 m2), the plasma ...More",,DDInter1611
3,Burns,Patients with burns may develop resistance to non-depolarizing neuromuscular blocking agents.  These patients may experience a shorter duration of action and/or require higher dosages of the drugs.  T...More,,DDInter1612
3,Water-Electrolyte Imbalance,Severe acid-base and/or electrolyte abnormalities may potentiate or cause resistance to the neuromuscular blocking action neuromuscular blocking agents.  The potency of these agents may be mixed in me...More,,DDInter1612
3,Hypersensitivity,"Some neuromuscular blocking agents stimulate the release of histamine, which can cause wheezing, bronchospasm, increased bronchial secretions, hypotension, tachycardia, and circulatory collapse.  Hypo...More",,DDInter1612
3,Liver Diseases,Neuromuscular blocking agents undergo metabolism by the liver.  Elimination and effects may be prolonged in patients with liver disease.  Therapy with neuromuscular blocking agents should be administe...More,,DDInter1612
3,Myasthenia Gravis,The use of neuromuscular blocking agents may cause prolonged respiratory paralysis.  Therapy with neuromuscular blocking agents should be administered cautiously in patients with myasthenia gravis.  U...More,,DDInter1612
3,Paresis,Patients with hemiparesis or paraparesis may require higher dosages of non-depolarizing neuromuscular blocking agents in the affected limbs.  Neuromuscular monitoring should be performed on a non-pare...More,,DDInter1612
3,Respiratory Insufficiency,Neuromuscular blocking agents can cause respiratory depression and paralysis.  Therapy with neuromuscular blocking agents should be administered cautiously in patients with pulmonary impairment.  Trea...More,,DDInter1612
2,Cachexia,"Nondepolarizing neuromuscular blocking agents have been found to exhibit profound neuromuscular blocking effects in cachectic or debilitated patients, patients with neuromuscular diseases, and patient...More",,DDInter1612
2,Seizures,"Resistance to nondepolarizing agents, consistent with up-regulation of skeletal muscle acetylcholine receptors, is associated with burns, disuse atrophy, denervation, and direct muscle trauma.  Recept...More",,DDInter1612
2,Malignant Hyperthermia,"Because rocuronium bromide is always used with other agents, and the occurrence of malignant hyperthermia during anesthesia is possible even in the absence of known triggering agents, clinicians shoul...More",,DDInter1612
No matching records,,,,DDInter1613
3,Hepatic Insufficiency,Roflumilast is contraindicated in patients with moderate to severe liver impairment (Child-Pugh B or C).  Roflumilast is extensively metabolized via Phase I (cytochrome P450) and Phase II (conjugation...More,,DDInter1614
2,Depressive Disorder,"The use of roflumilast is associated with an increase in psychiatric adverse reactions.  Instances of suicidal ideation and behavior, including completed suicide, have been observed in clinical trials...More",,DDInter1614
2,Weight Loss,Weight loss is a common adverse reaction with the use of roflumilast.  Patients treated with roflumilast should have their weight monitored regularly.  If unexplained or clinically significant weight ...More,,DDInter1614
3,Hepatic Insufficiency,No dosage adjustment is necessary when using rolapitant in patients with mild or moderate hepatic impairment.  The use of rolapitant should be avoided in patients with severe hepatic impairment as the...More,,DDInter1615
2,Lactose Intolerance,"Rolapitant tablets contain lactose.  Care should be exercised when using this agent in patients with rare hereditary problems of galactose intolerance, severe lactase deficiency with a severe degree o...More",,DDInter1615
2,Kidney Diseases,Population pharmacokinetic analyses suggest that no dose adjustment of rolapitant is required in patients with mild or moderate renal impairment.  The effect of severe renal impairment on the pharmaco...More,,DDInter1615
No matching records,,,,DDInter1616
3,Leukemia,Progression from myelodysplastic syndromes (MDS) to acute myelogenous leukemia (AML) has been observed in clinical trials with romiplostim.  This drug is not indicated for the treatment of thrombocyto...More,,DDInter1617
2,Hepatic Insufficiency,No clinical studies with romiplostim have been conducted in patients with hepatic impairment.,,DDInter1617
2,Kidney Diseases,No clinical studies with romiplostim have been conducted in patients with renal impairment.,,DDInter1617
3,Hypocalcemia,Romosozumab is contraindicated in patients with hypocalcemia.  Preexisting hypocalcemia must be corrected prior to initiating therapy.  Monitor patients for signs and symptoms of hypocalcemia and adeq...More,,DDInter1618
3,Myocardial Infarction,"Romosozumab may increase the risk of myocardial infarction, stroke, and cardiovascular death, and should not be initiated in patients who have had a myocardial infarction or stroke within the precedin...More",,DDInter1618
2,Bisphosphonate-Associated Osteonecrosis of the Jaw,"Osteonecrosis of the jaw (ONJ), has been reported in patients receiving romosozumab.  A routine oral examination should be performed prior to initiation of treatment.  Risk factors for ONJ include can...More",,DDInter1618
3,Hypotension,"Dopamine agonists may impair the systemic regulation of blood pressure, with resultant orthostatic hypotension, especially during dose escalation.  Therapy with dopamine agonists should be monitored c...More",,DDInter1619
3,Psychotic Disorders,"Ordinarily, patients with major psychotic disorder should not be treated with dopaminergic antiparkinson agents, because of the risk of exacerbating psychosis.  Hallucinations and psychotic-like behav...More",,DDInter1619
3,Neuroleptic Malignant Syndrome,"Neuroleptic malignant syndrome (NMS) has not occurred during administration of ropinirole,  however, the syndrome has rarely been precipitated by rapid dosage reduction, abrupt discontinuation, or cha...More",,DDInter1619
2,Cardiovascular Diseases,"The trials of ropinirole excluded patients with significant cardiovascular disease, hence patients with cardiovascular conditions should be treated with caution.",,DDInter1619
2,Liver Diseases,"The pharmacokinetic disposition of ropinirole has not been studied in patients with hepatic impairment, however, the serum concentration of ropinirole may be increased and the elimination half-life pr...More",,DDInter1619
2,Kidney Diseases,Ropinirole is primarily eliminated by the kidney.  Less than 10% of ropinirole is excreted unchanged in the urine.  No dose adjustment is necessary in patients with moderate renal impairment (CrCl 30 ...More,,DDInter1619
No matching records,,,,DDInter1620
3,Myocardial Infarction,"Safety data from a pooled analysis of 42 randomized, controlled clinical studies suggest that patients treated with rosiglitazone may have an increased risk of myocardial infarction and/or death from ...More",,DDInter1621
3,Heart Failure,"The use of thiazolidinediones, alone or in combination with other antidiabetic agents, has been associated with fluid retention and new onset or exacerbation of heart failure.  An increased risk of ca...More",,DDInter1621
3,"Diabetes Mellitus, Type 1","Thiazolidinediones exert their hypoglycemic effect only in the presence of insulin.  Therefore, these agents should not be used in patients with type I diabetes or for the treatment of diabetic ketoac...More",,DDInter1621
2,Edema,Thiazolidinediones can cause dose-related edema.  Therapy with thiazolidinediones should be administered cautiously in patients at risk for congestive heart failure as well as those with fluid overloa...More,,DDInter1621
2,Liver Diseases,Initiation of rosiglitazone or pioglitazone therapy is not recommended in patients who exhibit clinical evidence of active liver disease or increased baseline serum transaminase levels (ALT exceeding ...More,,DDInter1621
2,Macular Edema,New onset or worsening diabetic macular edema with decreased visual acuity have been reported in postmarketing reports in some diabetic patients who were taking thiazolidinedione drugs.  Some patients...More,,DDInter1621
2,Anovulation,"In premenopausal, anovulatory patients with insulin resistance, treatment with thiazolidinediones may result in resumption of ovulation.  Due to improved insulin sensitivity, pregnancy can occur if ad...More",,DDInter1621
2,Weight Gain,"Thiazolidinediones can cause dose-related weight gain, which may be undesirable in obese patients attempting to lose weight.  The mechanism of weight gain is unclear but probably involves a combinatio...More",,DDInter1621
1,Anemia,"Thiazolidinediones can cause slight decreases in hemoglobin and hematocrit.  In clinical studies, hemoglobin levels were reduced primarily within the first 4 to 12 weeks of therapy but remained relati...More",,DDInter1621
3,Rhabdomyolysis,"Severe myopathy, including rhabdomyolysis with acute renal failure secondary to myoglobinuria, has been reported rarely with the use of HMG-CoA reductase inhibitors.  The myopathy may be dose-related ...More",,DDInter1622
2,Cognitive Dysfunction,"Cognitive impairment (e.g., memory loss, forgetfulness, amnesia, memory impairment, confusion) have been observed in patients receiving statins.  The reports are usually not serious, and reversible up...More",,DDInter1622
2,Diabetes Mellitus,Increases in HbA1c and fasting serum glucose levels have been reported with the use of certain HMG-CoA reductase inhibitors.  Caution should be exercised when using these agents in diabetic patients a...More,,DDInter1622
2,Kidney Diseases,"Some HMG-CoA reductase inhibitors such as fluvastatin, have not been studied in patients with severe renal impairment or end-stage renal disease.  Some others such as pitavastatin and simvastatin, req...More",,DDInter1622
2,Hematuria,An association between rosuvastatin and the development of proteinuria and microscopic hematuria was observed among treated patients during clinical trials.  Patients with unexplained persistent prote...More,,DDInter1622
3,Immune Deficiency Disease,"The safety and efficacy of rotavirus vaccine in infants with known primary or secondary immunodeficiencies, including HIV, infants in immunosuppressant therapy, or infants with malignant neoplasm affe...More",,DDInter1623
2,Gastrointestinal Diseases,"The administration of the rotavirus vaccine should be delayed in infants suffering from acute diarrhea or vomiting.  Additionally, the effectiveness of this vaccine has not been evaluated in infants w...More",,DDInter1623
3,Hypotension,"Dopamine agonists may impair the systemic regulation of blood pressure, with resultant orthostatic hypotension, especially during dose escalation.  Therapy with dopamine agonists should be monitored c...More",,DDInter1624
3,Psychotic Disorders,"Ordinarily, patients with major psychotic disorder should not be treated with dopaminergic antiparkinson agents, because of the risk of exacerbating psychosis.  Hallucinations and psychotic-like behav...More",,DDInter1624
2,Asthma,"Rotigotine (transdermal patch) contains sodium metabisulfite, a sulfite that may cause allergic-type reactions including anaphylactic symptoms and life threatening or less severe asthmatic episodes in...More",,DDInter1624
2,Cardiovascular Diseases,"Some patients treated with rotigotine exhibited an increased pulse, greater than 100 beats per minute, while supine or standing.  Also, like other dopaminergic agents, rotigotine might impair the syst...More",,DDInter1624
2,Water-Electrolyte Imbalance,"Patients taking rotigotine had a higher incidence of weight gain associated with fluid retention, when compared with patients taking placebo.  Weight gain and fluid retention should be monitored in pa...More",,DDInter1624
3,Immune Deficiency Disease,"In general, the use of measles, mumps, and rubella vaccine or any single component is contraindicated in patients with primary or acquired immunodeficiency.  Since these vaccines contain live attenuat...More",,DDInter1625
3,Infections,"Ideally, vaccination should occur when an individual is healthy, thus minimizing the risk of an adverse host reaction and/or vaccine failure.  However, a current or recent infection does not necessari...More",,DDInter1625
2,Hepatic Insufficiency,Based on population pharmacokinetic analyses no dose adjustment is recommended for patients with mild hepatic impairment.  Caution should be exercised when using this agent in patients with moderate t...More,,DDInter1626
2,Myelodysplastic Syndromes,Cases of myelodysplastic syndrome (MDS)/acute myeloid leukemia (AML) have been reported with the use of rucaparib.  It is recommended to monitor complete blood count at baseline and monthly thereafter...More,,DDInter1626
2,Kidney Diseases,No dose adjustment is recommended for patients with mild to moderate renal impairment.  Caution should be exercised when using this agent in patients with severe renal impairment or patients on dialys...More,,DDInter1626
3,Depressive Disorder,Antiepileptic drugs can increase depression and suicidal thoughts or behaviors in patients receiving these drugs for any indication.  Patients should be monitored for the emergence or worsening of dep...More,,DDInter1627
3,Liver Diseases,"Most anticonvulsants are primarily metabolized by the liver.  Metabolic activity may be decreased in patients with liver disease, resulting in elevated drug levels and increased risk of toxicity.  The...More",,DDInter1627
3,Kidney Diseases,Most anticonvulsants are primarily excreted by the kidney.  The plasma clearance may be decreased and the half-life prolonged in patients with impaired renal function.  Therapy with anticonvulsants sh...More,,DDInter1627
3,Short Qt Syndrome,Rufinamide can cause shortening of the QT interval.  Its use is contraindicated in patients with Familial Short QT syndrome as this condition is associated with increased risk of sudden death and vent...More,,DDInter1627
3,Cardiovascular Diseases,"In a major safety study of a Janus kinase (JAK) inhibitor, tofacitinib, in rheumatoid arthritis patients 50 years and older with at least 1 cardiovascular risk factor, higher rates of all-cause mortal...More",,DDInter1628
3,Neoplasms,Malignancies (including lymphomas and solid tumors) have been reported in patients treated with tofacitinib and other Janus kinase (JAK) inhibitors used to treat inflammatory conditions; lymphomas and...More,,DDInter1628
3,Thrombosis,"Thrombosis (including deep venous thrombosis, pulmonary embolism, and arterial thrombosis) has occurred in patients treated for inflammatory conditions with Janus kinase (JAK) inhibitors, including ba...More",,DDInter1628
2,Lung Diseases,"The use of certain multikinase inhibitors has been associated with pulmonary toxicity.  Serious cases of interstitial lung disease (ILD), including fatal cases and interstitial pneumonitis or pulmonar...More",,DDInter1628
2,Pancytopenia,"The use of ruxolitinib can cause thrombocytopenia, anemia, and neutropenia.  It is recommended to manage thrombocytopenia by reducing the dose, temporarily interrupting treatment with ruxolitinib, or ...More",,DDInter1628
2,Hepatic Insufficiency,"A dose reduction of ruxolitinib is recommended for patients with hepatic impairment, particularly those patients with myelofibrosis with a platelet count between 50 X 109/L and 150 X 109/L.  Close mon...More",,DDInter1628
2,Hepatitis B,"Hepatitis B viral load (HBV-DNA titer) increases, with or without associated elevations in alanine aminotransferase and aspartate aminotransferase, have been reported in patients with chronic HBV infe...More",,DDInter1628
2,Infections,"Serious bacterial, mycobacterial, fungal and viral infections have been reported in patients receiving ruxolitinib.  It is recommended to delay starting therapy with ruxolitinib until serious active i...More",,DDInter1628
2,Hyperlipidemias,"The use of ruxolitinib may increase total cholesterol, low-density lipoprotein (LDL) cholesterol, and triglycerides.  It is recommended to assess lipid parameters approximately 8-12 weeks following in...More",,DDInter1628
2,"Leukoencephalopathy, Progressive Multifocal",The use of ruxolitinib may increase the risk of progressive multifocal leukoencephalopathy (PML).  Healthcare professionals should monitor patients for any new sign or symptom suggestive of PML.  With...More,,DDInter1628
2,Hepatic Insufficiency,The safety of sacituzumab govitecan has not been established in patients with moderate or severe liver dysfunction; it has not been tested in patients with serum bilirubin greater than 1.5 times the u...More,,DDInter1629
2,Kidney Diseases,There are no data on the pharmacokinetics of sacituzumab govitecan in patients with moderate renal dysfunction or end-stage renal disease (CrCl up to 30 mL/min); caution is recommended in these patien...More,,DDInter1629
No matching records,,,,DDInter1630
3,Hypotension,"Dopamine agonists may impair the systemic regulation of blood pressure, with resultant orthostatic hypotension, especially during dose escalation.  Therapy with dopamine agonists should be monitored c...More",,DDInter1631
3,Psychotic Disorders,"Ordinarily, patients with major psychotic disorder should not be treated with dopaminergic antiparkinson agents, because of the risk of exacerbating psychosis.  Hallucinations and psychotic-like behav...More",,DDInter1631
3,Hepatic Insufficiency,Safinamide is contraindicated in patients with severe hepatic dysfunction (Child-Pugh C).  In patients with moderate hepatic impairment the maximum recommended dose is 50 mg orally once a day.  If a p...More,,DDInter1631
2,Hypertension,Safinamide may cause hypertension or exacerbate existing hypertension.  Patients should be monitored for new onset hypertension or hypertension that is not adequately controlled after starting treatme...More,,DDInter1631
2,Retinal Diseases,"Animal studies with safinamide showed retinal degeneration, loss of photoreceptor cells, cataracts, and retinal scarring.  Patients should be periodically monitored for visual changes, especially if t...More",,DDInter1631
2,Cardiovascular Diseases,"Adrenergic bronchodilators can stimulate cardiovascular beta- 1 and beta- 2 receptors, resulting in adverse effects such as tachycardia, palpitation, peripheral vasodilation, blood pressure changes, a...More",,DDInter1632
2,Diabetes Mellitus,"Adrenergic bronchodilators may cause increases in blood glucose concentrations.  These effects are usually transient and slight, but may be significant with dosages higher than those normally recommen...More",,DDInter1632
2,Hypokalemia,"Adrenergic bronchodilators may cause decreases in serum potassium concentrations, primarily when given by nebulization or intravenous administration.  Although this effect is usually transient and doe...More",,DDInter1632
2,Seizures,Adrenergic bronchodilators may cause CNS stimulation.  Therapy with adrenergic bronchodilators should be administered cautiously in patients with seizure disorders.  Systemic adverse effects are minim...More,,DDInter1632
2,Kidney Diseases,"Levalbuterol is substantially excreted by the kidney, and the risk of toxic reactions may be greater in patients with impaired renal function.  Care should be taken in dose selection in patients with ...More",,DDInter1632
No matching records,,,,DDInter1633
No matching records,,,,DDInter1634
2,Cardiovascular Diseases,"Adrenergic bronchodilators can stimulate cardiovascular beta- 1 and beta- 2 receptors, resulting in adverse effects such as tachycardia, palpitation, peripheral vasodilation, blood pressure changes, a...More",,DDInter1635
2,Diabetes Mellitus,"Adrenergic bronchodilators may cause increases in blood glucose concentrations.  These effects are usually transient and slight, but may be significant with dosages higher than those normally recommen...More",,DDInter1635
2,Hypokalemia,"Adrenergic bronchodilators may cause decreases in serum potassium concentrations, primarily when given by nebulization or intravenous administration.  Although this effect is usually transient and doe...More",,DDInter1635
2,Seizures,Adrenergic bronchodilators may cause CNS stimulation.  Therapy with adrenergic bronchodilators should be administered cautiously in patients with seizure disorders.  Systemic adverse effects are minim...More,,DDInter1635
2,Liver Diseases,Salmeterol is predominantly cleared by hepatic metabolism and liver dysfunction might lead to accumulation of salmeterol in plasma.  Patients with hepatic disease should be closely monitored.,,DDInter1635
2,Hypocalcemia,"Calcitonin inhibits bone resorption, which results in decreased serum calcium levels.  Following single IV doses, a marked transient inhibition of the ongoing bone resorptive process occurs, while con...More",,DDInter1636
2,Vitamin D Deficiency,"When calcitonin is used for the treatment of osteoporosis, hypocalcemia and other disturbances of mineral metabolism such as vitamin D deficiency should be treated prior to initiation of therapy.  The...More",,DDInter1636
3,Peptic Ulcer,"Salicylates, particularly aspirin, can cause dose-related gastrointestinal bleeding and mucosal damage, which may occur independently of each other.  Occult, often asymptomatic GI blood loss is quite ...More",,DDInter1637
3,Kidney Diseases,"Salicylate and its metabolites are eliminated almost entirely by the kidney.  Therapy with salicylate drugs should be administered cautiously in patients with renal impairment, especially if it is sev...More",,DDInter1637
3,Reye Syndrome,"The use of salicylates, primarily aspirin, in children with varicella infections or influenza-like illnesses has been associated with an increased risk of Reye's syndrome.  Although a causal relations...More",,DDInter1637
2,Anemia,"Occult, often asymptomatic GI blood loss occurs quite frequently with the use of normal dosages of aspirin and stems from the drug's local effect on the GI mucosa.  During chronic therapy, this type o...More",,DDInter1637
2,Blood Coagulation Disorders,"All salicylates can interfere with the action of vitamin K and induce a dose-dependent alteration in hepatic synthesis of coagulation factors VII, IX and X.  At usual recommended dosages, a slight inc...More",,DDInter1637
2,Diseases requiring dialysis,"Salicylate and its metabolites are readily removed by hemodialysis and, to a lesser extent, by peritoneal dialysis.  Doses should either be scheduled for administration after dialysis or supplemental ...More",,DDInter1637
2,Glucosephosphate Dehydrogenase Deficiency,"Salicylates, particularly aspirin, may cause or aggravate hemolysis in patients with pyruvate kinase or glucose-6-phosphate dehydrogenase (G-6-PD) deficiency.  However, this effect has not been clearl...More",,DDInter1637
2,Liver Diseases,"The use of salicylates has occasionally been associated with acute, reversible hepatotoxicity, primarily manifested as elevations of serum transaminases, alkaline phosphatase and/or, rarely, bilirubin...More",,DDInter1637
No matching records,,,,DDInter1638
2,Gastritis,"During clinical studies with sapropterin, gastritis was reported as a serious adverse reaction.  Monitor patients for signs and symptoms of gastritis during treatment, and use with caution in patients...More",,DDInter1639
2,Liver Failure,Patients with liver impairment have not been evaluated in clinical trials with sapropterin.  Hepatic damage has been associated in patients with impaired phenylalanine metabolism.  Caution and monitor...More,,DDInter1639
2,Nervous System Diseases,"A 10-year sapropterin postmarketing-marketing safety surveillance program for a non-phenylketonuria indication, showed that a few patients with underlying neurological disorders experienced seizures, ...More",,DDInter1639
2,Kidney Diseases,Patients with renal impairment have not been evaluated in sapropterin clinical trials.  Monitor patients who have renal impairment carefully if receiving treatment with sapropterin.,,DDInter1639
3,Hemophilia A,"There have been postmarketing reports of increased bleeding, including spontaneous skin hematomas and hemarthrosis, in types A and B hemophiliac patients treated with protease inhibitors.  However, a ...More",,DDInter1640
3,Long QT Syndrome,QT and PR interval dose-dependent prolongation and torsades de pointes have been reported with the use of saquinavir (saquinavir should always be used in combination with ritonavir).  Saquinavir shoul...More,,DDInter1640
2,Hyperglycemia,"New onset diabetes mellitus, exacerbation of preexisting diabetes mellitus, glucose intolerance, hyperglycemia, and some cases of diabetic ketoacidosis have been reported during postmarketing surveill...More",,DDInter1640
2,Hyperlipidemias,Hyperlipidemia has been observed in 10% of patients receiving ritonavir during clinical trials.  Increases of 30% to 40% from baseline have been reported for total cholesterol and 200% to 300% or more...More,,DDInter1640
2,Liver Diseases,"Saquinavir is primarily metabolized by the liver.  Patients with liver disease may be at greater risk for adverse effects from saquinavir due to decreased drug clearance, so therapy should be administ...More",,DDInter1640
2,Kidney Diseases,"The principal route of excretion for saquinavir is by hepatic metabolism, therefore no initial dose adjustment is necessary in patients with renal impairment.  However, saquinavir has not been studied...More",,DDInter1640
3,Colitis,"Clostridioides difficile-associated diarrhea (CDAD), formerly pseudomembranous colitis, has been reported with almost all antibacterial drugs and may range from mild diarrhea to fatal colitis.  The mo...More",,DDInter1641
2,Liver Failure,The effect of end-stage renal disease (ESRD) or severe hepatic impairment (Child-Pugh C) on sarecycline pharmacokinetics has not been assessed.  Caution is advised if used in these patients.,,DDInter1641
3,"Arrhythmias, Cardiac","Transient supraventricular arrhythmia has been reported occasionally during sargramostim administration, particularly in patients with a history of cardiac arrhythmias.  Therapy with sargramostim shou...More",,DDInter1642
3,Water-Electrolyte Imbalance,"Sargramostim may cause fluid retention.  Edema, capillary leak syndrome, and pleural and/or pericardial effusion have been reported.  Therapy with sargramostim should be administered cautiously in pat...More",,DDInter1642
3,Liver Diseases,"In patients with preexisting hepatic impairment, the administration of sargramostim may induce elevations of bilirubin and liver enzymes, which are generally reversible following a dosage reduction or...More",,DDInter1642
3,Leukocytosis,"Sargramostim is a growth factor for hematopoietic progenitor cells.  Therefore, it should not be used in patients with leukocytosis.  During sargramostim treatment, if the absolute neutrophil count (A...More",,DDInter1642
3,"Leukemia, Myeloid","Sargramostim primarily stimulates the proliferation of normal myeloid precursor cells but may also, theoretically, enhance tumor growth, particularly in myeloid malignancies.  Therapy with sargramosti...More",,DDInter1642
3,Premature Birth,"The use of Leukine (brand of sargramostim) liquid or lyophilized powder reconstituted with Bacteriostatic Water for Injection is considered by the drug manufacturer to be contraindicated in neonates, ...More",,DDInter1642
3,Kidney Diseases,"In patients with preexisting renal impairment, the administration of sargramostim may induce elevations of serum creatinine, which are generally reversible following a dosage reduction or therapy inte...More",,DDInter1642
3,Lung Diseases,Sargramostim may cause an influx of granulocytes in the pulmonary circulation.  Dyspnea has been reported occasionally during or after treatment.  Therapy with sargramostim should be administered caut...More,,DDInter1642
3,Infections,"Serious and sometimes fatal infections due to bacterial, mycobacterial, invasive fungal, viral, or other opportunistic pathogens have been reported in rheumatoid arthritis patients receiving sarilumab...More",,DDInter1643
3,Tuberculosis,Sarilumab should not be given to patients with active tuberculosis (TB) infection.  Patients should be evaluated for TB risk factors and tested for latent infection before starting sarilumab and durin...More,,DDInter1643
2,Hematologic Diseases,"The use of sarilumab is associate with higher incidence of decrease in absolute neutrophil count (ANC), including neutropenia and thrombocytopenia.  It is recommended to assess neutrophil count and pl...More",,DDInter1643
2,Diverticulitis,Gastrointestinal (GI) perforations have been reported with the use of sarilumab.  GI perforation risk may be increased with concurrent diverticulitis or concomitant use of NSAIDs or corticosteroids.  ...More,,DDInter1643
2,Hepatic Insufficiency,"The use of sarilumab is associate with transaminase elevations; therefore, treatment with sarilumab is not recommended in patients with active hepatic disease or hepatic impairment.  It is recommended...More",,DDInter1643
2,Hyperlipidemias,"The use of sarilumab is associate with increases in lipid parameters such as LDL cholesterol, HDL cholesterol and/or triglycerides.  Care should be exercised when using this agent in patients with lip...More",,DDInter1643
2,Kidney Diseases,"Monoclonal antibodies, including sarilumab, are not eliminated via renal pathway.  No dose adjustment is required in patients with mild to moderate renal impairment.  The use of sarilumab has not been...More",,DDInter1643
No matching records,,,,DDInter1644
No matching records,,,,DDInter1645
3,Pancreatitis,There have been postmarketing reports of acute pancreatitis in patients taking DPP-4 inhibitors.  These drugs should be used with caution in patients with a history of pancreatitis or pancreatic disea...More,,DDInter1646
2,Kidney Diseases,It is recommended to assess renal function prior to initiating treatment with DPP-4 inhibitors.  Patients with moderate to severe renal insufficiency and end stage renal dysfunction will require a dos...More,,DDInter1646
3,Diabetic Neuropathies,"Agents with anticholinergic activity can exacerbate many of the manifestations of autonomic neuropathy, including tachycardia, anhidrosis, bladder atony, obstipation, dry mouth and eyes, cycloplegia a...More",,DDInter1647
3,Intestinal Obstruction,"Anticholinergics are contraindicated in patients with obstructive diseases such as achalasia, esophageal stricture or stenosis, pyloroduodenal stenosis, stenosing peptic ulcer, pyloric obstruction, an...More",,DDInter1647
3,Glaucoma,"Anticholinergic agents are contraindicated in patients with primary glaucoma, a tendency toward glaucoma (narrow anterior chamber angle), or adhesions (synechiae) between the iris and lens, as well as...More",,DDInter1647
3,Urinary Bladder Neck Obstruction,"In general, the use of anticholinergic agents is contraindicated in patients with urinary retention and bladder neck obstruction caused by prostatic hypertrophy.  Dysuria may occur and may require cat...More",,DDInter1647
3,Lung Diseases,"The use of systemic anticholinergics is contraindicated in the treatment of lower respiratory tract symptoms including asthma.  Muscarinic receptor antagonists reduce bronchial secretions, which can r...More",,DDInter1647
3,Myasthenia Gravis,"Because antimuscarinic agents have anticholinergic effects, they are contraindicated in patients with myasthenia gravis.  Their use may be appropriate to reduce adverse muscarinic effects caused by an...More",,DDInter1647
3,Dysentery,"The use of drugs with antiperistaltic activity (primarily antidiarrheal and antimuscarinic agents, but also antispasmodic agents such as dicyclomine or oxybutynin at high dosages) is contraindicated i...More",,DDInter1647
2,Heart Diseases,"Anticholinergics block vagal inhibition of the SA nodal pacemaker.  Therapy with anticholinergics should be administered cautiously to patients with tachycardia, congestive heart failure, or coronary ...More",,DDInter1647
2,Tachycardia,"Anticholinergics block vagal inhibition of the SA nodal pacemaker.  Therapy with anticholinergics should be administered cautiously in patients with tachycardia, congestive heart failure, or coronary ...More",,DDInter1647
2,Coronary Artery Disease,"Antimuscarinic agents block vagal inhibition of the SA nodal pacemaker.  These agents should be administered cautiously in patients with tachycardia, congestive heart failure, or coronary artery disea...More",,DDInter1647
3,Glaucoma,"Anticholinergic agents are contraindicated in patients with primary glaucoma, a tendency toward glaucoma (narrow anterior chamber angle), or adhesions (synechiae) between the iris and lens, as well as...More",,DDInter1648
3,Cockayne Syndrome,Secnidazole is contraindicated in patients with Cockayne syndrome.  Severe irreversible hepatotoxicity/acute liver failure with fatal outcomes have been reported after start of metronidazole (another ...More,,DDInter1649
2,Alcoholism,"Nitroimidazoles (e.g., metronidazole, tinidazole, fexinidazole, secnidazole) may inhibit alcohol dehydrogenase and occasionally precipitate a disulfiram-like reaction in patients who consume alcohol w...More",,DDInter1649
3,Alcoholic Intoxication,The use of barbiturates is contraindicated in patients with acute alcohol intoxication exhibiting depressed vital signs.  The central nervous system depressant effects of barbiturates may be additive ...More,,DDInter1650
3,Substance-Related Disorders,"Barbiturates have the potential to cause dependence and abuse.  Tolerance as well as physical and psychological dependence can develop, particularly after prolonged use of excessive dosages.  Abrupt c...More",,DDInter1650
3,Liver Diseases,Barbiturates are extensively metabolized by the liver.  The plasma clearance of barbiturates may be decreased and the half-lives prolonged in patients with impaired hepatic function.  Therapy with bar...More,,DDInter1650
3,Porphyrias,The use of barbiturates is contraindicated in patients with a history of porphyria.  Barbiturates may exacerbate acute intermittent porphyria or porphyria variegata by inducing the enzymes responsible...More,,DDInter1650
3,Exanthema,"Skin eruptions may precede rare but potentially fatal barbiturate-induced reactions such as systemic lupus erythematosus and exfoliative dermatitis, the latter of which may be accompanied by hepatitis...More",,DDInter1650
3,Respiratory Insufficiency,"Barbiturates may produce severe respiratory depression, apnea, laryngospasm, bronchospasm and cough, particularly during rapid intravenous administration.  In usual hypnotic dosages, the degree of res...More",,DDInter1650
3,Cardiovascular Diseases,"The intravenous administration of barbiturates may produce severe cardiovascular reactions such as bradycardia, hypertension, or vasodilation with fall in blood pressure, particularly during rapid inf...More",,DDInter1650
3,Hypotension,Barbiturates should not be administered by injection to patients in shock or coma or who have recently received another respiratory depressant.  The hypnotic and hypotensive effects of these agents ma...More,,DDInter1650
2,Adrenal Insufficiency,"Barbiturates, especially phenobarbital, secobarbital and butabarbital, may diminish the systemic effects of exogenous and endogenous corticosteroids via induction of hepatic microsomal enzymes, thereb...More",,DDInter1650
2,Depressive Disorder,Barbiturates depress the central nervous system and may cause or exacerbate mental depression.  Therapy with barbiturates should be administered cautiously in patients with a history of depression or ...More,,DDInter1650
No matching records,,,,DDInter1651
2,Infections,"There have been reports of serious infections, including infections with opportunistic pathogens, and reactivation of latent infections in patients receiving interleukin inhibitors.  Treatment with th...More",,DDInter1652
2,Tuberculosis,"Before initiating certain interleukin inhibitors, patients should be screened for latent tuberculosis infection with a tuberculin skin test.  Do not administer these agents to patients with an active ...More",,DDInter1652
2,Inflammatory Bowel Diseases,"New onset and exacerbations of inflammatory bowel disease, in some cases serious, have been reported in patients treated with secukinumab.  Caution should be used when prescribing secukinumab to patie...More",,DDInter1652
3,Hypotension,"Dopamine agonists may impair the systemic regulation of blood pressure, with resultant orthostatic hypotension, especially during dose escalation.  Therapy with dopamine agonists should be monitored c...More",,DDInter1653
3,Psychotic Disorders,Patients with major psychotic disorders should ordinarily not be treated with selegiline because of the risk of exacerbating psychosis.,,DDInter1653
3,"Kidney Failure, Chronic",Small increments in serum BUN and creatinine have been observed in patients treated with high dose of selegiline.  Treatment with selegiline is not recommended in patients with severe renal impairment...More,,DDInter1653
2,Heart Diseases,"The use of selegiline has been associated with cardiovascular events such as tachycardia, bradycardia, syncope, hypertension, hypotension, arrhythmias, and aggravation of angina pectoris.  Therapy wit...More",,DDInter1653
2,Glaucoma,The use of selegiline may exacerbate glaucoma.  Therapy with selegiline should be administered cautiously in patients with glaucoma.,,DDInter1653
2,Hypertension,"Selegiline can cause hypertensive reactions and it should be used with caution in patients with hypertension.  Patients should report any symptoms such as occipital headache, palpitations, neck stiffn...More",,DDInter1653
2,Liver Diseases,"Patients with mild to moderate hepatic impairment (Child-Pugh 5 to 9), may require a dose reduction of selegiline depending on their clinical response.  Selegiline is not recommended in patients with ...More",,DDInter1653
2,Melanoma,Patients with Parkinson's disease have a higher risk of developing melanoma than the general population.  Patients and providers should be advised to monitor for melanoma frequently and regularly when...More,,DDInter1653
2,Sleep Wake Disorders,"Selegiline should be used with caution in patients with sleep disorders as it can cause somnolence.  Patients should exercise caution when driving, operating machines, or working at heights during tre...More",,DDInter1653
2,Urinary Retention,The use of selegiline may exacerbate urinary retention.  Therapy with selegiline should be administered cautiously in patients with urinary retention or obstruction.,,DDInter1653
2,Kidney Diseases,"The trace metals, chromium and zinc, are excreted primarily in the urine.  Selenium is partially excreted in the urine.  Supplemental doses of these agents may need to be adjusted, reduced, or omitted...More",,DDInter1654
2,Malabsorption Syndromes,"The trace metals manganese, chromium, copper, selenium, and zinc are absorbed in the GI tract from dietary sources and following administration of oral supplements.  GI absorption may be decreased in ...More",,DDInter1654
No matching records,,,,DDInter1655
2,Liver Failure,"Liver impairment can increase exposure to selexipag and its metabolites.  No dose adjustment is necessary in patients with mild impairment, but a once a day regimen is recommended in patients with mod...More",,DDInter1656
2,Kidney Diseases,No adjustment to the dosing regimen of selexipag is required in patients with estimated glomerular filtration rate > 15 mL/min/1.73m2.  There is no clinical experience with selexipag in patients with ...More,,DDInter1656
2,Gastrointestinal Diseases,"The use of selinexor can cause gastrointestinal toxicities.  Manage nausea/vomiting/diarrhea by dose interruption, reduction, or discontinuation.  Administer intravenous fluids and replace electrolyte...More",,DDInter1657
2,Liver Diseases,"Selinexor is metabolized by CYP450 3A4, multiple UDP-glucuronosyltransferases (UGTs) and glutathione S-transferases (GSTs).  Care is recommended when using this agent in patients with moderate to seve...More",,DDInter1657
2,Hyponatremia,The use of selinexor can cause hyponatremia.  Exercise care when using this agent in patients with hyperglycemia and high serum paraprotein levels.  It is recommended to treat hyponatremia per clinica...More,,DDInter1657
2,Neurotoxicity Syndromes,The use of selinexor may cause neurological toxicities.  Exercise care when using this agent in dehydrated patients and those with anemia.  It is recommended to optimize hydration status and hemoglobi...More,,DDInter1657
2,Neutropenia,The use of selinexor can cause neutropenia.  Exercise care when using this agent in neutropenic patients and those at risk of infections.  Monitor patients for signs and symptoms of concomitant infect...More,,DDInter1657
2,Kidney Diseases,"No clinically significant differences in the pharmacokinetics of selinexor were observed in patients with mild to severe renal impairment (CrCl 15 to 89 mL/min, estimated by the Cockcroft-Gault equati...More",,DDInter1657
2,Thrombocytopenia,The use of selinexor can cause thrombocytopenia.  Exercise care when using this agent in thrombocytopenic patients and those at risk of fatal hemorrhages.  Monitor platelet counts at baseline and peri...More,,DDInter1657
2,Weight Loss,"The use of selinexor can cause anorexia and weight loss.  Exercise care in patients with anorexia and those at risk for weight loss.  Manage with dose modifications, appetite stimulants, and nutrition...More",,DDInter1657
2,Hemorrhage,Serious including fatal hemorrhagic events can occur with the use of selpercatinib.  Care should be exercised when using this agent in patients with bleeding disorders.  It is recommended to permanent...More,,DDInter1658
2,Hypertension,Selpercatinib may cause hypertension and therapy should not be initiated in patients with uncontrolled hypertension.  Care should be exercised when using this agent in hypertensive patients.  Optimize...More,,DDInter1658
2,Liver Diseases,Selpercatinib is metabolized predominantly by CYP450 3A4.  The dose of selpercatinib should be reduced in patients with severe hepatic impairment.  No dosage modification is recommended for patients w...More,,DDInter1658
2,"Arrhythmias, Cardiac","Selpercatinib can cause concentration-dependent QT interval prolongation.  It is recommended to assess QT interval, electrolytes, and TSH at baseline and periodically during treatment and to adjust tr...More",,DDInter1658
2,"Kidney Failure, Chronic",The use of selpercatinib may increase serum creatinine.  It is recommended to consider alternative markers of renal function if persistent elevations in serum creatinine are observed.  No dosage modif...More,,DDInter1658
2,Cardiomyopathies,"Cardiomyopathy, defined as a decrease in left ventricular ejection fraction (LVEF) >=10% below baseline, occurred in over 20% of pediatric patients who received selumetinib.  The safety of this drug h...More",,DDInter1659
2,Hepatic Insufficiency,"Selumetinib exposure is increased in patients with moderate or severe hepatic impairment.  A recommended dosage has not been established for patients with severe hepatic impairment (Child-Pugh C), and...More",,DDInter1659
3,Mental Disorders,The use of semaglutide (Wegovy) for weight loss should be avoided in patients with a history of suicidal attempts or active suicidal ideation.  Suicidal behavior and ideation have been reported in cli...More,,DDInter1660
3,Thyroid Neoplasms,The use semaglutide is contraindicated in patients with a personal or family history of medullary thyroid carcinoma (MTC) or in patients with multiple endocrine neoplasia syndrome type 2 (MEN 2).  Pat...More,,DDInter1660
2,Gastrointestinal Diseases,"There have been postmarketing reports of acute kidney injury and worsening of chronic renal failure, which may sometimes require hemodialysis, in patients treated with GLP-1 receptor agonists, such as...More",,DDInter1660
2,Hypoglycemia,"The concomitant use of semaglutide with insulin and insulin secretagogues (e.g., sulfonylurea) may increase the risk of hypoglycemia.  It is recommended to use caution and a lower dose of insulin or i...More",,DDInter1660
2,Pancreatitis,"Pancreatitis has been reported with the use of semaglutide.  It is recommended to carefully observe patients for signs and symptoms of pancreatitis (including persistent severe abdominal pain, sometim...More",,DDInter1660
2,Diabetic Retinopathy,Semaglutide should be used with caution in patients with a history of diabetic retinopathy.  Rapid improvement in glucose control has been associated with a temporary worsening of diabetic retinopathy...More,,DDInter1660
2,Hypothyroidism,"Untreated hypothyroidism can jeopardize the response to sermorelin.  Therefore, thyroid levels should be evaluated prior to initiation of and throughout sermorelin therapy to ensure adequate levels.",,DDInter1661
3,Depressive Disorder,Adult and pediatric patients with depression and other psychiatric disorders may experience worsening of their symptoms and may have the emergence of suicidal thoughts and behavior.  Patients should b...More,,DDInter1662
2,Hyponatremia,"Treatment with SSRI antidepressants can cause hyponatremia.  Caution should be used when treating patients with hyponatremia or at greater risk of hyponatremia such as the elderly, patients taking diu...More",,DDInter1662
2,Glaucoma,"Some SSRI antidepressants such as fluoxetine, paroxetine and sertraline may have an effect on pupil size causing dilation.  This effect can potentially narrow the eye angle resulting in increased intr...More",,DDInter1662
2,Liver Diseases,Selective serotonin reuptake inhibitors (SSRIs) are primarily metabolized by the liver.  The plasma concentrations of SSRIs and their metabolites may be increased and the half-lives prolonged in patie...More,,DDInter1662
2,Mania,"Selective serotonin reuptake inhibitors (SSRIs), like other antidepressants, may occasionally cause or activate mania or hypomania.  The reported incidence ranged from 0.1% to 2% in premarketing testi...More",,DDInter1662
2,Blood Platelet Disorders,"The use of selective serotonin reuptake inhibitors (SSRIs) has been associated with altered platelet function.  Petechiae, purpura, ecchymosis, increased bleeding times, epistaxis and gastrointestinal...More",,DDInter1662
2,Epilepsy,"Selective serotonin reuptake inhibitors (SSRIs) may trigger seizures in approximately 0.2% of patients, and some of them are not recommended in patients with unstable epilepsy.  Therapy with SSRIs sho...More",,DDInter1662
2,Inappropriate ADH Syndrome,"The use of selective serotonin reuptake inhibitors (SSRIs) has rarely been associated with hyponatremia, sometimes secondary to development of the syndrome of inappropriate secretion of antidiuretic h...More",,DDInter1662
1,Kidney Diseases,"Sertraline is primarily metabolized by the liver.  Although renal excretion of unchanged drug appears to be a minor route of elimination, some metabolites are excreted in the urine to some extent.  Th...More",,DDInter1662
1,Weight Loss,"The use of selective serotonin reuptake inhibitors (SSRIs) may occasionally cause significant weight loss, which may be undesirable in patients suffering from anorexia, malnutrition or excessive weigh...More",,DDInter1662
3,Gastrointestinal Diseases,Sevelamer is contraindicated in patients with bowel obstruction.  Cases of bowel obstruction and perforation have been reported with the use of sevelamer.  Care and appropriate measures should be take...More,,DDInter1663
2,Deglutition Disorders,"Cases of dysphagia and esophageal tablet retention have been reported in association with use of the tablet formulation of sevelamer, some requiring hospitalization and intervention.  Consider using s...More",,DDInter1663
2,Kidney Diseases,Patients on peritoneal dialysis should be closely monitored to ensure the reliable use of appropriate aseptic technique with the prompt recognition and management of any signs and symptoms associated ...More,,DDInter1663
3,Hyperthermia,The use of sevoflurane is contraindicated in patients with known or suspected susceptibility to malignant hyperthermia.,,DDInter1664
2,Liver Diseases,"In a multicenter study to compare the safety of sevoflurane and isoflurane in patients with mild to moderate hepatic impairment, sevoflurane patients had prolonged terminal disposition of fluoride, as...More",,DDInter1664
2,Hyperkalemia,The use of inhaled anesthetic agents has been associated with rare increases in serum potassium levels that have resulted in cardiac arrhythmias and death in pediatric patients during the postoperativ...More,,DDInter1664
2,Intracranial Hypertension,Studies comparing sevoflurane to isoflurane for maintenance of anesthesia during neurosurgical procedures found no difference between sevoflurane and isoflurane with regard to recovery from anesthesia...More,,DDInter1664
2,Kidney Diseases,Limited data are available on the use of oral sevoflurane in patients with renal insufficiency.  Sevoflurane may be associated with glycosuria and proteinuria when used for long procedures at low flow...More,,DDInter1664
2,Seizures,"The use of sevoflurane has been associated with seizures.  The majority of cases were in children and young adults, most of whom had no medical history of seizures.  Seizures have occurred during, or ...More",,DDInter1664
3,Anorexia Nervosa,The use of sibutramine is contraindicated in patients with anorexia nervosa.  Sibutramine is an anorexiant used in the treatment of obesity.,,DDInter1665
3,Cardiovascular Diseases,"Sibutramine and its metabolites inhibit the reuptake of norepinephrine, serotonin, and dopamine and can induce substantial increases in heart rate and blood pressure in some patients.  Sibutramine the...More",,DDInter1665
3,Glaucoma,"Sibutramine and its metabolites inhibit the reuptake of norepinephrine, serotonin, and dopamine and can induce mydriasis.  In patients with narrow angles, pupillary dilation can provoke an acute attac...More",,DDInter1665
3,Liver Diseases,"Sibutramine is converted by the liver to two active metabolites, which are further metabolized to inactive substances and subsequently eliminated by the kidney.  Due to a lack of clinical data, the ma...More",,DDInter1665
2,"Diabetes Mellitus, Type 2","Obese, type 2 diabetic patients who achieve weight loss may demonstrate improved metabolic control of their disease as a result of their reduced weight.  Therefore, patients with type 2 diabetes melli...More",,DDInter1665
2,Seizures,"Sibutramine and its metabolites inhibit the reuptake of norepinephrine, serotonin, and dopamine.  In clinical trials, seizures were reported in < 0.1% of patients treated with sibutramine.  Therapy wi...More",,DDInter1665
2,Substance-Related Disorders,"Centrally-acting anorexiants are generally subject to habituation and abuse.  While sibutramine does not appear to have a significant potential for abuse, clinical data are limited.  Therapy with sibu...More",,DDInter1665
3,Cardiovascular Diseases,The use of phosphodiesterase-5 (PDE5) inhibitors is not recommended in patients with preexisting cardiovascular disease for whom sexual activity is inadvisable due to the potential cardiac risk.  Phys...More,,DDInter1666
3,Kidney Diseases,"The plasma clearance of phosphodiesterase-5 (PDE5) inhibitors may be decreased in patients with severe renal impairment, resulting in drug accumulation.  Therapy with these agents should be avoided in...More",,DDInter1666
3,Lung Diseases,Sildenafil injection for the treatment of pulmonary arterial hypertension (PAH) should not be used in patients with pulmonary veno-occlusive disease (PVOD) as it may significantly worsen the cardiovas...More,,DDInter1666
2,Priapism,Prolonged erection greater than 4 hours and priapism (painful erections greater than 6 hours) have been reported during treatment with phosphodiesterase-5 (PDE 5) inhibitors.  Priapism may result in p...More,,DDInter1666
2,Alcoholism,"Alcohol consumption may intensify the pressure-lowering effects of mild vasodilators, such as phosphodiesterase 5 (PDE5) inhibitors.  Therefore, patients that consume alcohol should be warned to limit...More",,DDInter1666
2,Hearing Loss,"Use of phosphodiesterase-5 (PDE5) inhibitors has been associated with sudden decrease or loss of hearing, which may be accompanied by tinnitus or dizziness.  Patients with hearing problems should stop...More",,DDInter1666
2,Liver Diseases,Phosphodiesterase 5 (PDE-5) inhibitors are cleared predominantly by hepatic metabolism.  The pharmacokinetic disposition of these agents has not been assessed in patients with severe hepatic impairmen...More,,DDInter1666
2,Retinitis Pigmentosa,Phosphodiesterase-5 (PDE5) inhibitors have been associated with transient impairment of color discrimination (blue/green) and blue- or color-tinged vision.  These agents also inhibit phosphodiesterase...More,,DDInter1666
2,Epilepsy,The use of phosphodiesterase 5 (PDE-5) inhibitors has been associated with seizures.  Therapy with these agents should be administered cautiously in patients with preexisting seizure disorders.,,DDInter1666
3,Hepatic Insufficiency,The use of silodosin is contraindicated in patients with severe hepatic impairment.  No dosage adjustment is needed in patients with mild or moderate hepatic impairment.,,DDInter1667
3,"Kidney Failure, Chronic",The use of silodosin is contraindicated in patients with severe renal impairment (CrCl < 30 mL/min).  Caution and regular monitoring is recommended in patients with moderate renal impairment as the pl...More,,DDInter1667
2,Hypotension,"Peripheral alpha 1- adrenergic receptor blocking agents (aka alpha 1- blockers) cause vasodilation and can produce marked hypotension, especially orthostatic hypotension with syncope or other postural...More",,DDInter1667
2,Cataract,"Intraoperative Floppy Iris Syndrome has been observed during cataract surgery in some patients on or previously treated with antiadrenergic agents.  If a patient is undergoing cataract surgery, the op...More",,DDInter1667
2,Infections,"There have been reports of serious infections, including infections with opportunistic pathogens, and reactivation of latent infections in patients receiving interleukin inhibitors.  Treatment with th...More",,DDInter1668
2,Peptic Ulcer Perforation,The use of siltuximab may cause gastrointestinal (GI) perforation.  Use with caution in patients who may be at increased risk for GI perforation.  It is recommended to closely monitor patients for sym...More,,DDInter1668
2,Liver Diseases,"Based on a population pharmacokinetic analysis using data from clinical trials in patients, no significant difference in siltuximab clearance was observed in patients with preexisting mild to moderate...More",,DDInter1668
2,Kidney Diseases,"Based on a population pharmacokinetic analysis using data from clinical trials in patients, no significant difference in siltuximab clearance was observed in patients with preexisting renal impairment...More",,DDInter1668
No matching records,,,,DDInter1669
No matching records,,,,DDInter1670
No matching records,,,,DDInter1671
No matching records,,,,DDInter1672
No matching records,,,,DDInter1673
No matching records,,,,DDInter1674
3,Liver Diseases,"The use of HMG-CoA reductase inhibitors is contraindicated in patients with active liver disease or unexplained, persistent elevations of serum transaminases.  HMG-CoA reductase inhibitors are extensi...More",,DDInter1675
3,Rhabdomyolysis,"Severe myopathy, including rhabdomyolysis with acute renal failure secondary to myoglobinuria, has been reported rarely with the use of HMG-CoA reductase inhibitors.  The myopathy may be dose-related ...More",,DDInter1675
3,Kidney Diseases,"Although simvastatin itself is not eliminated by the kidney, the plasma concentrations of total HMG-CoA reductase inhibitors after a single dose of simvastatin may be increased in patients with signif...More",,DDInter1675
2,Cognitive Dysfunction,"Cognitive impairment (e.g., memory loss, forgetfulness, amnesia, memory impairment, confusion) have been observed in patients receiving statins.  The reports are usually not serious, and reversible up...More",,DDInter1675
2,Diabetes Mellitus,Increases in HbA1c and fasting serum glucose levels have been reported with the use of certain HMG-CoA reductase inhibitors.  Caution should be exercised when using these agents in diabetic patients a...More,,DDInter1675
2,Kidney Diseases,"Some HMG-CoA reductase inhibitors such as fluvastatin, have not been studied in patients with severe renal impairment or end-stage renal disease.  Some others such as pitavastatin and simvastatin, req...More",,DDInter1675
3,Cardiovascular Diseases,"Siponimod is contraindicated in patients who in the last 6 months experienced myocardial infarction, unstable angina, stroke, TIA, decompensated heart failure requiring hospitalization, or Class III o...More",,DDInter1676
2,Brain Diseases,Rare cases of posterior reversible encephalopathy syndrome (PRES) have been reported in patients receiving a sphingosine 1-phosphate receptor modulator.  It is recommended to promptly schedule a compl...More,,DDInter1676
2,Multiple Sclerosis,"Rare cases of severe exacerbation of multiple sclerosis (MS), including disease rebound, have been reported after discontinuation of sphingosine 1-phosphate receptor modulator in MS treated patients. ...More",,DDInter1676
2,Infections,Siponimod causes a dose-dependent reduction in peripheral lymphocyte count to 20%-30% of baseline values because of reversible sequestration of lymphocytes in lymphoid tissues.  Initiation of treatmen...More,,DDInter1676
2,Liver Diseases,"Elevations of transaminases may occur in siponimod- treated patients, therefore, transaminase and bilirubin levels should be reviewed before initiation of therapy.  Patients who develop symptoms sugge...More",,DDInter1676
2,Macular Edema,"Macular edema was reported in 1.8% of patients receiving siponimod treatment, the majority of cases occurring within the first four months of therapy.  Patients with a history of uveitis and patients ...More",,DDInter1676
2,Thromboembolism,"The use of sipuleucel-T can cause thromboembolism, including deep venous thrombosis and pulmonary embolism.  It is recommended to exercise caution when using this agent in patients with risk factors f...More",,DDInter1677
2,Cerebrovascular Disorders,"Vascular disorders that include, cerebrovascular and cardiovascular events have occurred with the use of sipuleucel-T.  It is recommended to exercise caution when using this agent in patients with ris...More",,DDInter1677
3,Infections,"Serious and sometimes fatal infections have been reported in patients receiving immunosuppressive agents.  Patients receiving immunosuppressants are at increased risk of developing bacterial, viral, f...More",,DDInter1678
3,"Leukoencephalopathy, Progressive Multifocal",Immunosuppressive agents may increase the risk of progressive multifocal leukoencephalopathy (PML).  Certain agents are contraindicated in patients who have or have had PML.  Patients receiving chroni...More,,DDInter1678
2,Angioedema,"Sirolimus has been associated with the development of angioedema.  Patients at risk of developing angioedema and those using concomitant drugs known to cause angioedema, such as ACE inhibitors, may be...More",,DDInter1678
2,Hyperlipidemias,The use of sirolimus may increase serum cholesterol and triglycerides.  Care should be taken when prescribing this agent to hyperlipidemic patients.  It is recommended to assess the risk/benefit caref...More,,DDInter1678
2,Liver Diseases,Sirolimus is extensively metabolized in the intestinal wall and liver and undergoes counter-transport from enterocytes of the small intestine into the gut lumen.  The maintenance dose of sirolimus sho...More,,DDInter1678
2,Liver Diseases,"Interstitial Lung Disease (ILD)/Pneumonitis, including pneumonitis, bronchiolitis obliterans organizing pneumonia, and pulmonary fibrosis, some fatal, with no identified infectious etiology have occur...More",,DDInter1678
2,Kidney Diseases,"Renal function should be closely monitored during the co-administration of sirolimus with cyclosporine, because long-term administration of the combination has been associated with deterioration of re...More",,DDInter1678
3,Pancreatitis,There have been postmarketing reports of acute pancreatitis in patients taking DPP-4 inhibitors.  These drugs should be used with caution in patients with a history of pancreatitis or pancreatic disea...More,,DDInter1679
2,Kidney Diseases,It is recommended to assess renal function prior to initiating treatment with DPP-4 inhibitors.  Patients with moderate to severe renal insufficiency and end stage renal dysfunction will require a dos...More,,DDInter1679
No matching records,,,,DDInter1680
3,Water-Electrolyte Imbalance,"Alkalinizing agents containing sodium can induce sodium and water retention and result in hypernatremia, hypokalemia, hyperosmolality, edema and aggravation of congestive heart failure.  Therapy with ...More",,DDInter1681
2,Acid-Base Imbalance,Alkalinizing agents act as proton acceptors and/or dissociate to provide bicarbonate ions.  Elimination of bicarbonate is decreased in patients with renal impairment and can result in metabolic alkalo...More,,DDInter1681
No matching records,,,,DDInter1682
3,Water-Electrolyte Imbalance,"Alkalinizing agents containing sodium can induce sodium and water retention and result in hypernatremia, hypokalemia, hyperosmolality, edema and aggravation of congestive heart failure.  Therapy with ...More",,DDInter1683
2,Acid-Base Imbalance,Alkalinizing agents act as proton acceptors and/or dissociate to provide bicarbonate ions.  Elimination of bicarbonate is decreased in patients with renal impairment and can result in metabolic alkalo...More,,DDInter1683
3,Bone Diseases,"The use of cellulose sodium phosphate is contraindicated in patients with hyperparathyroidism (primary or secondary), bone disease (osteomalacia, osteoporosis), or low intestinal absorption and renal ...More",,DDInter1684
3,Water-Electrolyte Imbalance,"The use of cellulose sodium phosphate is contraindicated in patients with undiagnosed hypophosphatemia (possible renal dysfunction or hypoparathyroidism), hypocalcemia (possible hypoparathyroidism, ma...More",,DDInter1684
3,Water-Electrolyte Imbalance,"Sodium chloride can induce sodium and water retention and result in hypernatremia, hypokalemia, edema and aggravation of congestive heart failure.  Therapy with sodium- containing agents should be adm...More",,DDInter1684
3,Water-Electrolyte Imbalance,"Sodium chloride can induce sodium and water retention and result in hypernatremia, hypokalemia, edema and aggravation of congestive heart failure.  Therapy with sodium- containing agents should be adm...More",,DDInter1685
2,Acidosis,Administration of excessive amounts of sodium chloride can increase chloride concentrations and cause a loss of bicarbonate that results in metabolic acidosis.   Clinical monitoring of acid/base balan...More,,DDInter1685
3,Water-Electrolyte Imbalance,"Alkalinizing agents containing sodium can induce sodium and water retention and result in hypernatremia, hypokalemia, hyperosmolality, edema and aggravation of congestive heart failure.  Therapy with ...More",,DDInter1686
3,Inflammatory Bowel Diseases,The use of laxatives is contraindicated in patients with inflammatory bowel disease.  Patients with inflammatory bowel disease may experience colonic perforation with use of stimulant laxatives.,,DDInter1686
3,Intestinal Obstruction,The use of laxatives is contraindicated in patients with intestinal obstruction disorders.  Patients with intestinal obstruction disorders may need their underlying condition treated to correct the co...More,,DDInter1686
2,Acid-Base Imbalance,Alkalinizing agents act as proton acceptors and/or dissociate to provide bicarbonate ions.  Elimination of bicarbonate is decreased in patients with renal impairment and can result in metabolic alkalo...More,,DDInter1686
2,"Thyroid Hormone Metabolism, Abnormal",Elevated serum iodine levels can lead to altered thyroid function and metabolic abnormalities in patients receiving oral iodine therapy as well as topical therapy.  Iodine should be used cautiously in...More,,DDInter1689
2,Kidney Diseases,"Sodium iodide is known to be substantially excreted by the kidney, and the risk of toxic reactions to this drug may be greater in patients with impaired renal function.",,DDInter1689
3,Depressive Disorder,"A variety of abnormal thinking and behavior changes have been reported to occur in association with the use of most anxiolytics, sedatives and hypnotics.  Some of these changes include decreased inhib...More",,DDInter1690
3,Alcoholism,Sodium oxybate should not be used with alcohol.  This drug should be used with caution in patients with history of drug or alcohol abuse.  The inappropriate use of this drug alone or in combination wi...More,,DDInter1690
2,Glaucoma,"Some hypnotic drugs can have an anticholinergic effect and should be used with caution in patients with glaucoma, and trouble urinating due to retention or enlarged prostate.",,DDInter1690
2,Liver Diseases,"In general, anxiolytics, sedatives and hypnotics are extensively metabolized by the liver.  Their plasma clearance may be decreased and their half-life prolonged in patients with impaired hepatic func...More",,DDInter1690
2,Cardiovascular disease,"Sodium oxybate has a high content of salt, and it should be used with caution in patients sensitive to salt intake such as patients with heart failure, hypertension, or renal impairment.",,DDInter1690
2,"Sleep Apnea, Obstructive",The use of sodium oxybate may impair the respiratory drive especially in patients with compromised respiratory function.  Sodium oxybate should be used cautiously in patients with sleep apnea and slee...More,,DDInter1690
No matching records,,,,DDInter1691
No matching records,,,,DDInter1692
No matching records,,,,DDInter1693
3,Intestinal Obstruction,"The use of sodium zirconium cyclosilicate should be avoided in patients with severe constipation, bowel obstruction or impaction, including abnormal postoperative bowel motility disorders.  This medic...More",,DDInter1694
2,Edema,"Each 5 g dose of sodium zirconium cyclosilicate contains approximately 400 mg of sodium, and can cause edema, which was generally mild to moderate in severity in clinical trials.  Patients should be m...More",,DDInter1694
3,IMMUNE SUPPRESSION,HBV reactivation has been reported during or after completion of HCV direct-acting antiviral therapy in HCV/HBV-coinfected patients who were not receiving HBV antiviral therapy; some cases resulted in...More,,DDInter1695
2,Hepatic Insufficiency,Sofosbuvir is extensively metabolized in the liver.  The safety and efficacy of sofosbuvir as a single agent have not been established in patients with decompensated cirrhosis.  No dosage adjustment i...More,,DDInter1695
2,Kidney Diseases,The safety and efficacy of sofosbuvir as a single agent have not been established in patients with severe renal impairment (eGFR less than 30 mL/min/1.73m2) or ESRD requiring hemodialysis.  No dosage ...More,,DDInter1695
3,Gastrointestinal Diseases,The use of solifenacin is contraindicated in patients with gastric retention.  Caution is advised even when using this agent in patients with decreased gastrointestinal motility.,,DDInter1696
3,"Kidney Failure, Chronic",Solifenacin should be used with caution in patients with renal impairment.  Increase in half-life and AUC have been demonstrated in patients with severe renal impairment.  Caution should be taken when...More,,DDInter1696
3,Liver Failure,Solifenacin should be used with caution in patients with reduced hepatic function.  Increase in half-life and AUC have been demonstrated in patients with reduce hepatic impairment.  Caution should be ...More,,DDInter1696
3,"Glaucoma, Angle-Closure",The use of solifenacin is contraindicated in patients with uncontrolled narrow-angle glaucoma.  Caution is advised even when using this agent in patients with narrow-angle glaucoma.,,DDInter1696
3,Urethral Obstruction,The use of solifenacin is contraindicated in patients with urinary retention.  Caution is advised even when using this agent in patients with clinically significant bladder outflow obstruction.,,DDInter1696
2,Central Nervous System Diseases,"Solifenacin is associated with anticholinergic central nervous system (CNS) effects.  Patients should be monitored for signs of anticholinergic CNS effects, particularly after beginning treatment or i...More",,DDInter1696
2,Long QT Syndrome,Dose dependent prolongation in QT interval has been observed with the use of solifenacin.  This drug should be used with caution in patients with a known history of QT prolongation or patients who are...More,,DDInter1696
2,Cardiotoxicity,"Solriamfetol increases systolic blood pressure, diastolic blood pressure, and heart rate in a dose-dependent fashion.  It is recommended to exercise caution when treating patients at higher risk of ca...More",,DDInter1697
2,Psychotic Disorders,"The use of solriamfetol may cause adverse psychiatric reactions, including anxiety, insomnia, and irritability.  It is recommended to exercise caution when treating patients who have a history of psyc...More",,DDInter1697
2,Kidney Diseases,The primary route of solriamfetol elimination is via urinary excretion.  Dosage adjustment is not required for patients with mild renal impairment.  Dosage adjustment is recommended for patients with ...More,,DDInter1697
No matching records,,,,DDInter1698
3,Neoplasms,Somatropin is contraindicated in the presence of any active malignancy.  Any preexistent malignancy should be inactive and its treatment should be completed prior to somatropin therapy.  This includes...More,,DDInter1699
3,Acute Critical Illness,"Treatment with somatropin is contraindicated in patients with acute critical illness due to any complications following open heart surgery, abdominal surgery, multiple trauma, or acute respiratory fai...More",,DDInter1699
3,Diabetic Retinopathy,Somatropin is contraindicated in patients with active proliferative or severe non- proliferative diabetic retinopathy.,,DDInter1699
3,Prader-Willi Syndrome,"Somatropin is contraindicated in patients with Prader-Willi Syndrome who are severely obese, have a history of upper airway obstruction or sleep apnea, or have severe respiratory impairment.  There ha...More",,DDInter1699
2,Diabetes Mellitus,The use of growth hormone has been associated with resistance to insulin.  Patients with diabetes mellitus or impaired glucose tolerance should be observed closely during therapy.  The dose of antihyp...More,,DDInter1699
2,Hypothyroidism,The use of growth hormone has been associated with the development of hypothyroidism.  Patients should be monitored baseline and periodically for adequate thyroid function.  Inadequate treatment of hy...More,,DDInter1699
2,Intracranial Hypertension,"Intracranial hypertension with papilledema, visual changes, nausea and/or vomiting has been reported in a small number of patients treated with somatropin.  Fundoscopic examination should be performed...More",,DDInter1699
2,Scoliosis,"Progression of scoliosis can occur in patients who experience rapid growth.  Since somatropin increases growth rate, children with a history of scoliosis should be monitored for progression of this co...More",,DDInter1699
2,Turner Syndrome,Somatropin may increase the risk of otitis media in patients with Turner syndrome.  These patients should be evaluated carefully for otitis media and other ear disorders as they have an increased risk...More,,DDInter1699
No matching records,,,,DDInter1700
2,Musculoskeletal Diseases,"Musculoskeletal adverse reactions, which may be accompanied by serum creatine kinase elevations have been reported with the use of drugs that inhibit the hedgehog pathway.  It is recommended to obtain...More",,DDInter1701
2,Kidney Diseases,Mild (CrCl 60 to 89 mL/min) and moderate (CrCl 30 to 59 mL/min) renal impairment had no effect on sonidegib steady-state exposure.  Caution is recommended when this agent is administered to patients w...More,,DDInter1701
2,Lung Diseases,"The use of certain multikinase inhibitors has been associated with pulmonary toxicity.  Serious cases of interstitial lung disease (ILD), including fatal cases and interstitial pneumonitis or pulmonar...More",,DDInter1702
3,Inflammatory Bowel Diseases,The use of laxatives is contraindicated in patients with inflammatory bowel disease.  Patients with inflammatory bowel disease may experience colonic perforation with use of stimulant laxatives.,,DDInter1703
3,Intestinal Obstruction,The use of laxatives is contraindicated in patients with intestinal obstruction disorders.  Patients with intestinal obstruction disorders may need their underlying condition treated to correct the co...More,,DDInter1703
3,Renal Insufficiency,"The use of sorbitol solution for urologic irrigation is contraindicated in patients with anuria.  In addition, sorbitol irrigation should be administered cautiously in patients with cardiopulmonary or...More",,DDInter1703
2,Diabetes Mellitus,Sorbitol is converted to glucose in the body.  The use of sorbitol is not recommended as an alternative sweetener in patients with diabetes.  Sorbitol is one of the end products of glucose metabolism ...More,,DDInter1703
2,Water-Electrolyte Imbalance,Shift of sodium-free intracellular fluid into the extracellular compartment following systemic absorption of sorbitol irrigation may lower serum sodium concentration and aggravate preexisting-existing...More,,DDInter1703
3,Atrioventricular Block,The use of beta-adrenergic receptor blocking agents (aka beta-blockers) is contraindicated in patients with sinus bradyarrhythmia or heart block greater than the first degree (unless a functioning pac...More,,DDInter1704
3,"Shock, Cardiogenic",The use of beta-adrenergic receptor blocking agents (aka beta-blockers) is contraindicated in patients with hypotension or cardiogenic shock.  Due to their negative inotropic and chronotropic effects ...More,,DDInter1704
3,Heart Failure,Beta-adrenergic receptor blocking agents (aka beta-blockers) in general should not be used in patients with overt congestive heart failure (CHF).  Sympathetic stimulation may be important in maintaini...More,,DDInter1704
3,Diabetes Mellitus,"Beta-adrenergic receptor blocking agents (aka beta-blockers) may mask symptoms of hypoglycemia such as tremors, tachycardia and blood pressure changes.  In addition, the nonselective beta-blockers (e....More",,DDInter1704
3,Hypersensitivity,The use of beta-adrenergic receptor blocking agents (aka beta-blockers) in patients with a history of allergic reactions or anaphylaxis may be associated with heightened reactivity to culprit allergen...More,,DDInter1704
3,Myocardial Ischemia,"Heightened sensitivity to catecholamines may occur after prolonged use of beta-adrenergic receptor blocking agents (aka beta-blockers).  Exacerbation of angina, myocardial infarction and ventricular a...More",,DDInter1704
3,Peripheral Vascular Diseases,"Due to their negative inotropic and chronotropic effects on the heart, beta-adrenergic receptor blocking agents (aka beta-blockers) reduce cardiac output and may precipitate or aggravate symptoms of a...More",,DDInter1704
3,Asthma,"Some beta-adrenergic receptor blocking agents (i.e., non-cardioselective beta-blockers) are contraindicated in patients with bronchial asthma or with a history of bronchial asthma, or severe chronic o...More",,DDInter1704
3,Diseases requiring hemodialysis,Therapy with sotalol should be administered cautiously in patients with renal failure undergoing hemodialysis.  The half-life of sotalol is prolonged (up to 69 hours) in anuric patients.  Although sot...More,,DDInter1704
3,Long QT Syndrome,The use of sotalol is contraindicated in patients with congenital or acquired QT interval prolongation syndromes.  Sotalol has dose-dependent proarrhythmic effects related to prolongation of the QT in...More,,DDInter1704
No matching records,,,,DDInter1705
No matching records,,,,DDInter1706
3,Acidosis,"Acidosis alters the ratio of extracellular to intracellular potassium and may commonly lead to rapid increases in serum potassium levels.  Conversely, high serum potassium concentrations may potentiat...More",,DDInter1707
3,Diabetes Mellitus,"Potassium-sparing diuretics can cause hyperkalemia, which may result in life-threatening cardiac arrhythmias.  Patients with diabetes mellitus, with or without nephropathy, may be particularly suscept...More",,DDInter1707
3,Water-Electrolyte Imbalance,"All diuretics may cause or aggravate fluid and electrolyte disturbances.  Potassium-sparing diuretics may cause hyperkalemia and, infrequently, hyponatremia.  The latter generally occurs when these ag...More",,DDInter1707
3,Hyperkalemia,"The use of potassium-sparing diuretics is contraindicated in the presence of elevated serum potassium concentrations (> 5.5 mEq/L).  Potassium-sparing diuretics can cause hyperkalemia, which may resul...More",,DDInter1707
3,Liver Diseases,"Rapid alterations in fluid and electrolyte balance may precipitate hepatic coma in patients with liver disease.  Hepatic encephalopathy has been associated with the use of diuretics, most frequently t...More",,DDInter1707
3,Kidney Diseases,"The use of potassium-sparing diuretics is contraindicated in patients with anuria, acute or progressive renal insufficiency, or diabetic nephropathy.  Potassium-sparing diuretics can cause hyperkalemi...More",,DDInter1707
2,Hyperuricemia,Potassium-sparing diuretics have been reported to elevate serum uric acid levels.  Therapy with these agents should be administered cautiously in patients with a history of gout.,,DDInter1707
No matching records,,,,DDInter1708
3,Prostatic Neoplasms,The use of androgenic anabolic steroids is contraindicated for male patients with carcinoma of the breast or prostate.  Circulating androgens can be converted in peripheral tissues to estrogens and di...More,,DDInter1709
3,Water-Electrolyte Imbalance,"Androgenic anabolic steroids may cause sodium and water retention, particularly when given in high dosages or for prolonged periods.  Therapy with these agents should be administered cautiously in pat...More",,DDInter1709
3,Breast Neoplasms,"When treated with androgenic anabolic steroids, patients with metastatic breast cancer may develop hypercalcemia due to osteolysis.  Frequent determination of urine and serum calcium levels is recomme...More",,DDInter1709
3,Hyperlipoproteinemias,"Androgenic anabolic steroids may adversely affect serum lipids, including lowering HDL and elevating LDL levels.  These changes can be marked, particularly with the 17-alpha-alkyl derivatives (i.e., f...More",,DDInter1709
3,Liver Diseases,"The use of androgenic anabolic steroids may be associated with development of cholestatic hepatitis and jaundice.  Other, more serious hepatotoxicities such as peliosis hepatis and hepatocellular neop...More",,DDInter1709
3,Polycythemia,Androgenic anabolic steroids may cause polycythemia when given in high dosages or for prolonged periods.  Patients with preexisting polycythemia may experience worsening of their condition.  Frequent ...More,,DDInter1709
3,Blood Coagulation Disorders,"Androgenic anabolic steroids may cause suppression of clotting factors II, V, VII, and X, and an increase in prothrombin time.  Androgen therapy should be administered cautiously in patients with blee...More",,DDInter1709
2,Diabetes Mellitus,The metabolic effects of androgenic anabolic steroids may lower blood glucose.  Decreased glucose tolerance and increased insulin resistance have also been reported.  Patients with diabetes mellitus s...More,,DDInter1709
2,Hypercalcemia,"Androgenic anabolic steroids decrease urinary excretion of calcium, which may result in hypercalcemia.  Therapy with androgenic agents should be administered cautiously in patients with hypercalcemia,...More",,DDInter1709
1,Thyroid Diseases,"When androgenic anabolic steroids are used in patients with thyroid disorders, clinicians should be aware that these agents may affect thyroid function tests.  Specifically, thyroid-binding globulin l...More",,DDInter1709
3,Bone Marrow Failure Disorders,"The nucleoside reverse transcriptase inhibitors, didanosine (ddI), zalcitabine (ddC) and stavudine (d4T), may infrequently cause bone marrow suppression at recommended dosages.  Anemia, leukopenia, th...More",,DDInter1710
3,Liver Diseases,"Hepatotoxicity including lactic acidosis, severe hepatomegaly with steatosis, fulminant hepatitis, and hepatic failure has been associated with the use of some nucleoside reverse transcriptase inhibit...More",,DDInter1710
3,Pancreatitis,"The reverse transcriptase inhibitors, didanosine (ddI), zalcitabine (ddC), stavudine (d4T) and lamivudine (3TC), may cause pancreatitis.  The incidence is generally low but is approximately 7% with dd...More",,DDInter1710
3,Peripheral Nervous System Diseases,"The nucleoside reverse transcriptase inhibitors, didanosine (ddI), zalcitabine (ddC), and stavudine (d4T), may commonly cause dose-related peripheral neuropathy, particularly in patients with advanced...More",,DDInter1710
3,Kidney Diseases,Patients with clinically significant renal impairment may be at greater risk for toxicities and adverse effects from nucleoside reverse transcriptase inhibitors (NRTIs) due to decreased drug clearance...More,,DDInter1710
2,Depressive Disorder,Antiepileptic drugs (AEDs) have been associated with an increased risk of suicidal thoughts or behavior in patients taking these drugs for any indication.  Pooled analyses of 199 placebo-controlled cl...More,,DDInter1711
2,Neutropenia,Stiripentol can cause a significant decline in neutrophil and platelet counts.  Exercise care when prescribing this agent to immunosuppressed patients and those with bone marrow suppression.  Hematolo...More,,DDInter1711
2,Phenylketonurias,"Certain formulations of stiripentol contain phenylalanine, a component of aspartame.  Phenylalanine can be harmful to patients with phenylketonuria (PKU).  Before prescribing stiripentol formulations ...More",,DDInter1711
2,Feeding and Eating Disorders,"Stiripentol can cause decreases in appetite and weight.  It is recommended to monitor pediatric patients' growth and, in some cases, to decrease the dose of concomitant valproate by 30% per week to re...More",,DDInter1711
2,Hepatic Insufficiency,"Stiripentol is mainly metabolized by the liver.  There has been no formal study of the pharmacokinetics of stiripentol in patients with liver impairment.  Therefore, the administration of stiripentol ...More",,DDInter1711
2,Kidney Diseases,"Stiripentol metabolites are eliminated mainly through the kidney.  There is no formal study on the pharmacokinetics and metabolism of stiripentol in patients with renal impairment.  Therefore, the adm...More",,DDInter1711
2,Sleepiness,"Stiripentol can cause somnolence.  If somnolence occurs during co-administration with clobazam, consider an initial reduction of clobazam by 25%.  If somnolence persists, further clobazam reduction by...More",,DDInter1711
3,Hemorrhagic Disorders,"The use of thrombolytics is contraindicated in patients with an active bleed (internal), trauma/surgery (recent CPR/intracranial/intraspinal surgery within 2 months), bleeding diathesis, history of ce...More",,DDInter1712
3,Dehydration,Adequate hydration is crucial to minimize the risk of oto- and nephrotoxicity associated with the use of aminoglycosides.  Dehydration should preferably be corrected prior to initiation of therapy.  I...More,,DDInter1713
3,Neuromuscular Diseases,"Aminoglycosides can cause dose-related neuromuscular blockade and muscle weakness, particularly in patients with neuromuscular disease or hypocalcemia and in patients receiving general anesthetics, ne...More",,DDInter1713
3,Ototoxicity,"Aminoglycosides can cause eighth cranial nerve damage, resulting in vestibular and/or auditory toxicities.  Symptoms include dizziness, nystagmus, vertigo, ataxia, tinnitus, and varying degrees of hea...More",,DDInter1713
3,Kidney Diseases,"Aminoglycosides are potentially oto- and nephrotoxic.  Eighth cranial nerve damage may manifest as vestibular and/or auditory toxicities, including dizziness, nystagmus, vertigo, ataxia, tinnitus, and...More",,DDInter1713
No matching records,,,,DDInter1714
No matching records,,,,DDInter1715
3,Hypophosphatemia,"Sucralfate has phosphate binding properties for which the drug is sometimes used therapeutically.  However, hypophosphatemia may occur in some patients, regardless of renal status.  Therapy with sucra...More",,DDInter1717
3,Kidney Diseases,"Patients with chronic renal failure or those receiving dialysis have impaired excretion of absorbed aluminum.  Additionally, aluminum does not cross dialysis membranes as it is bound to albumin and tr...More",,DDInter1717
3,Liver Diseases,"Narcotic (opioid) analgesic agents are extensively metabolized by the liver, and several of them (e.g., codeine, hydrocodone, meperidine, methadone, morphine, propoxyphene) have active metabolites tha...More",,DDInter1718
3,Premature Birth,"The use of narcotic (opioid) analgesic agents is contraindicated in premature infants.  These agents may cross the immature blood-brain barrier to a greater extent than in adults, resulting in disprop...More",,DDInter1718
3,Alcoholic Intoxication,The use of opiate agonists is contraindicated in patients with acute alcohol intoxication exhibiting depressed vital signs.  The central nervous system depressant effects of opiate agonists may be add...More,,DDInter1718
3,Intestinal Obstruction,"Opioid agonists are contraindicated in patients with known or suspected gastrointestinal obstruction, including paralytic ileus.",,DDInter1718
3,Hypotension,"Opiate agonists can induce vasodilation and significant hypotension, particularly when given in high dosages and/or by rapid intravenous administration.  Opiate analgesics cause vasodilatation that ma...More",,DDInter1718
3,Intracranial Hypertension,"The hypoventilation associated with administration of opiate agonists, particularly by the intravenous route, can induce cerebral hypoxia and vasodilatation with resultant increase in intracranial pre...More",,DDInter1718
3,Respiratory Insufficiency,"Opiate agonists may produce significant central nervous system and respiratory depression of varying duration, particularly when given in high dosages and/or by rapid intravenous administration.  Apne...More",,DDInter1718
2,Adrenal Insufficiency,"Patients with Addison's disease may have increased risk of respiratory depression and prolonged CNS depression associated with the use of narcotic (opioid) analgesic agents.  Conversely, these agents ...More",,DDInter1718
2,Hypothyroidism,Patients with hypothyroidism may have increased risk of respiratory depression and prolonged CNS depression associated with the use of narcotic (opioid) analgesic agents.  These agents may also exacer...More,,DDInter1718
2,Kidney Diseases,"Although narcotic (opioid) analgesic agents are generally metabolized by the liver, renal impairment can alter the elimination of these agents and their metabolites (some of which are pharmacologicall...More",,DDInter1718
2,Hemorrhage,Sugammadex increases the risk of coagulopathies and bleeding.  It is recommended to carefully monitor coagulation parameters in patients with known coagulopathies being treated with therapeutic antico...More,,DDInter1719
2,Liver Diseases,Sugammadex is not metabolized nor excreted by the liver.  It is recommended to use caution when administering sugammadex to patients with hepatic impairment as no dedicated trials have been conducted ...More,,DDInter1719
2,Kidney Diseases,"Sugammadex is substantially excreted by the kidney, and the risk of toxic reactions to this drug may be higher in patients with impaired renal function.  Dosage adjustment is not required in patients ...More",,DDInter1719
No matching records,,,,DDInter1720
3,Colitis,"Clostridioides difficile-associated diarrhea (CDAD), formerly pseudomembranous colitis, has been reported with almost all antibacterial drugs and may range from mild diarrhea to fatal colitis.  The mo...More",,DDInter1721
3,Hematologic Diseases,"The use of sulfonamides has been associated with hematologic toxicity, including methemoglobinemia, sulfhemoglobinemia, leukopenia, granulocytopenia, eosinophilia, hemolytic anemia, aplastic anemia, p...More",,DDInter1721
3,"Hypersensitivity, Immediate","The use of sulfonamides is associated with large increases in the risk of Stevens-Johnson syndrome, toxic epidermal necrolysis and other serious dermatologic reactions, although these phenomena are ra...More",,DDInter1721
3,Liver Diseases,"Hepatotoxicity, including jaundice, diffuse hepatocellular necrosis, hypersensitivity hepatitis and hepatic failure, has rarely been reported in patients receiving sulfonamides.  In addition, sulfonam...More",,DDInter1721
3,Porphyrias,"The use of sulfonamides is contraindicated in patients with porphyria, since these drugs can precipitate an acute attack.",,DDInter1721
3,Kidney Diseases,Sulfonamides and their metabolites are eliminated by the kidney.  Patients with renal impairment may be at greater risk for adverse effects from sulfonamides due to decreased drug clearance.  Dosage a...More,,DDInter1721
2,Crystalluria,"Crystalluria can occur during sulfonamide therapy due to precipitation of the sulfonamide and/or its N4-acetyl metabolite in the urinary tract.  Renal toxicity such as uro- and nephrolithiasis, nephri...More",,DDInter1721
2,Diseases requiring hemodialysis,"The sulfonamides, sulfadiazine, sulfamethoxazole, and sulfisoxazole, are partially removed by hemodialysis and should be administered after dialysis.",,DDInter1721
2,Urethral Obstruction,"Sulfonamides are excreted and concentrated in the urine.  Therapy with sulfonamides should be administered cautiously in patients with urinary obstruction or retention, since excessive drug accumulati...More",,DDInter1721
No matching records,,,,DDInter1722
No matching records,,,,DDInter1723
No matching records,,,,DDInter1724
3,Colitis,"Clostridioides difficile-associated diarrhea (CDAD), formerly pseudomembranous colitis, has been reported with almost all antibacterial drugs and may range from mild diarrhea to fatal colitis.  The mo...More",,DDInter1725
3,Intestinal Obstruction,"The use of sulfasalazine is contraindicated in patients with intestinal obstruction.  Approximately one-third of orally administered sulfasalazine is systemically absorbed from the small intestine, wh...More",,DDInter1725
3,Urethral Obstruction,The use of sulfasalazine tablets is contraindicated in patients with urinary obstruction.,,DDInter1725
3,Hematologic Diseases,"The use of sulfonamides has been associated with hematologic toxicity, including methemoglobinemia, sulfhemoglobinemia, leukopenia, granulocytopenia, eosinophilia, hemolytic anemia, aplastic anemia, p...More",,DDInter1725
3,"Hypersensitivity, Immediate","The use of sulfonamides is associated with large increases in the risk of Stevens-Johnson syndrome, toxic epidermal necrolysis and other serious dermatologic reactions, although these phenomena are ra...More",,DDInter1725
3,Liver Diseases,"Hepatotoxicity, including jaundice, diffuse hepatocellular necrosis, hypersensitivity hepatitis and hepatic failure, has rarely been reported in patients receiving sulfonamides.  In addition, sulfonam...More",,DDInter1725
3,Porphyrias,"The use of sulfonamides is contraindicated in patients with porphyria, since these drugs can precipitate an acute attack.",,DDInter1725
3,Kidney Diseases,Sulfonamides and their metabolites are eliminated by the kidney.  Patients with renal impairment may be at greater risk for adverse effects from sulfonamides due to decreased drug clearance.  Dosage a...More,,DDInter1725
2,Folic Acid Deficiency,Sulfasalazine may interfere with the absorption of dietary folic acid.  Folate deficiency and megaloblastic anemia have been reported.  Therapy with sulfasalazine should be administered cautiously in ...More,,DDInter1725
2,Glucosephosphate Dehydrogenase Deficiency,Sulfasalazine may cause hemolytic anemia in patients with glucose-6 phosphate dehydrogenase deficiency.  This reaction is frequently dose related.  It is recommended to observe these patients closely ...More,,DDInter1725
3,Hematologic Diseases,"The use of sulfinpyrazone is contraindicated in patients with a current or past history of blood dyscrasias.  Anemia, leukopenia, agranulocytosis, thrombocytopenia, and aplastic anemia have been repor...More",,DDInter1726
3,Gastrointestinal Diseases,The use of sulfinpyrazone is contraindicated in patients with active peptic ulcer disease or symptoms of gastrointestinal inflammation or ulceration.  Sulfinpyrazone may commonly cause upper gastroint...More,,DDInter1726
2,Dehydration,"Adequate hydration is necessary during therapy with sulfinpyrazone to prevent the renal precipitation of urates.  Patients who are dehydrated (e.g., due to severe diarrhea or vomiting) may be at incre...More",,DDInter1726
2,Kidney Diseases,Renal failure has occasionally been reported with the use of sulfinpyrazone.  Therapy with sulfinpyrazone should be administered cautiously in patients with significant renal impairment.  Adequate hyd...More,,DDInter1726
No matching records,,,,DDInter1727
3,Cardiovascular Diseases,"Serious, potentially fatal cardiopulmonary reactions have infrequently occurred during or following the injection of ultrasound contrast agents including sulfur hexafluoride and perfluten.  Most serio...More",,DDInter1728
3,Asthma,"Nonsteroidal anti-inflammatory drugs (NSAIDs) are contraindicated in patients with history of asthma, urticaria, or other allergic-type reactions after taking aspirin or other NSAIDs; severe, sometime...More",,DDInter1729
3,Water-Electrolyte Imbalance,Fluid retention and edema have been reported in association with the use of nonsteroidal anti-inflammatory drugs (NSAIDs).  Therapy with NSAIDs should be administered cautiously in patients with preex...More,,DDInter1729
3,Peptic Ulcer,"Nonsteroidal anti-inflammatory drugs (NSAIDs) can cause serious gastrointestinal (GI) adverse events including inflammation, bleeding, ulceration, and perforation of the esophagus, stomach, small inte...More",,DDInter1729
3,Exanthema,"Nonsteroidal anti-inflammatory drugs (NSAIDs) can cause serious skin adverse reactions (e.g., Stevens-Johnson syndrome, toxic epidermal necrolysis, and exfoliative dermatitis), which can be fatal.  Th...More",,DDInter1729
3,Kidney Diseases,Long-term use of nonsteroidal anti-inflammatory drugs (NSAIDs) has resulted in renal papillary necrosis and other renal injury.  Renal toxicity has been seen in patients in whom renal prostaglandins h...More,,DDInter1729
3,Thrombosis,"Nonsteroidal anti-inflammatory drugs (NSAIDs) cause an increased risk of serious cardiovascular thrombotic events, including myocardial infarction and stroke, which can be fatal.  This risk may occur ...More",,DDInter1729
2,Anemia,"Anemia has been reported in patients treated with nonsteroidal anti-inflammatory drugs (NSAIDs).  This may be due to fluid retention, occult/gross blood loss, or an incompletely described effect on er...More",,DDInter1729
2,Heart Failure,"Fluid retention and edema have been observed in patients treated with nonsteroidal anti-inflammatory drugs (NSAIDs), including some topical formulations.  These drugs should be avoided in patients wit...More",,DDInter1729
2,Liver Diseases,"Borderline elevations of 1 or more liver tests may occur in up to 15% of patients treated with nonsteroidal anti-inflammatory drugs (NSAIDs).  These laboratory abnormalities may progress, remain uncha...More",,DDInter1729
2,Hyperkalemia,"Increases in serum potassium concentration (including hyperkalemia) have been reported with use of nonsteroidal anti-inflammatory drugs (NSAIDs), even in some patients without renal impairment.  In pa...More",,DDInter1729
3,Coronary Artery Disease,"The group of drugs known as 5-hydroxytryptamine1 receptor (5-HT1) agonists can cause vasospastic reactions, including coronary vasospasm, peripheral vascular ischemia, and colonic ischemia.  Rarely, s...More",,DDInter1730
3,Cardiovascular Diseases,"The use of 5-hydroxytryptamine receptor (5-HT1) agonists is contraindicated in patients with a history or current symptoms or signs of ischemic cardiac, cerebrovascular, and/or peripheral vascular dis...More",,DDInter1730
3,Liver Diseases,The manufacturer considers the use of sumatriptan to be contraindicated in patients with severe hepatic impairment.  Sumatriptan is primarily metabolized by the liver.  Following subcutaneous administ...More,,DDInter1730
2,Epilepsy,Seizures have rarely been reported following the administration of sumatriptan.  Therapy with sumatriptan should be administered cautiously in patients with epilepsy or a history of seizures.,,DDInter1730
3,Liver Diseases,"The use of sunitinib has been associated with hepatotoxicity, including hepatic failure and in some cases with fatal outcomes.  Patients with hepatic impairment (total bilirubin > upper limit of norma...More",,DDInter1731
2,Lung Diseases,"The use of certain multikinase inhibitors has been associated with pulmonary toxicity.  Serious cases of interstitial lung disease (ILD), including fatal cases and interstitial pneumonitis or pulmonar...More",,DDInter1731
2,Adrenal Insufficiency,"Caution should be exercised when prescribing sunitinib in patients that elicit a stress response due to the hormonal and metabolic changes resulting from an injury, trauma, or a severe infection.",,DDInter1731
2,Cardiovascular Diseases,"The use of sunitinib has been associated with adverse cardiovascular events, including heart failure, cardiomyopathy, myocardial ischemia, and myocardial infarction, some of which were fatal.  Because...More",,DDInter1731
2,Stevens-Johnson Syndrome,"Cutaneous reactions, in some cases severe, have been reported with the use of sunitinib.  Monitor patients who develop dermatologic or soft tissue toxicities while receiving this agent.  It is recomme...More",,DDInter1731
2,Hemorrhage,"The use of sunitinib has been associated with hemorrhagic events, some of which have been fatal.  Caution should be exercised in patients with or predisposed to bleeding complications.  Clinical asses...More",,DDInter1731
2,Hypertension,The use of sunitinib has been associated with hypertension and it should be used with caution in patients with elevated blood pressure.  Therapy with sunitinib should be withheld in case of severe hyp...More,,DDInter1731
2,Hypoglycemia,"The use of sunitinib has been associated with symptomatic hypoglycemia, resulting in loss of consciousness or hospitalization.  Patients with diabetes mellitus should be monitored more closely during ...More",,DDInter1731
2,Bisphosphonate-Associated Osteonecrosis of the Jaw,"Osteonecrosis of the jaw (ONJ), which can occur spontaneously, is generally associated with tooth extraction and/or local infection with delayed healing, and has been reported in patients taking sunit...More",,DDInter1731
2,Proteinuria,Therapy with sunitinib should be administered cautiously in patients with renal dysfunction.  Monitoring for proteinuria and hematuria is recommended and perform baseline and periodic urinalyses durin...More,,DDInter1731
3,Asthma,"Nonsteroidal anti-inflammatory drugs (NSAIDs) are contraindicated in patients with history of asthma, urticaria, or other allergic-type reactions after taking aspirin or other NSAIDs; severe, sometime...More",,DDInter1732
2,Blood Platelet Disorders,"Topically applied nonsteroidal anti-inflammatory drugs (NSAIDs) are systemically absorbed, with the potential for producing rare but clinically significant systemic effects.  NSAIDs have been shown to...More",,DDInter1732
3,Depressive Disorder,"A variety of abnormal thinking and behavior changes have been reported to occur in association with the use of most anxiolytics, sedatives and hypnotics.  Some of these changes include decreased inhib...More",,DDInter1733
3,"Kidney Failure, Chronic","Some anxiolytic, sedative and hypnotic drugs have not been studied in patients with severe renal impairment and should not be used on these patients.",,DDInter1733
3,Lung Diseases,Suvorexant has respiratory depressant effects and should be used with caution in patients with compromised respiratory function.  Suvorexant has not been studied in patients with severe sleep apnea an...More,,DDInter1733
3,Narcolepsy,The use of suvorexant is contraindicated in patient with narcolepsy.,,DDInter1733
2,Glaucoma,"Some hypnotic drugs can have an anticholinergic effect and should be used with caution in patients with glaucoma, and trouble urinating due to retention or enlarged prostate.",,DDInter1733
2,Liver Diseases,"In general, anxiolytics, sedatives and hypnotics are extensively metabolized by the liver.  Their plasma clearance may be decreased and their half-life prolonged in patients with impaired hepatic func...More",,DDInter1733
3,Bradycardia,"Due to their pharmacological action, cholinesterase inhibitors can have a vagotonic effect on the sinoatrial and atrioventricular nodes producing bradycardia or heart block.  Therapy with cholinestera...More",,DDInter1734
3,Bronchial Spasm,"Cholinesterase inhibitors inhibit the hydrolysis of acetylcholine.  The enhanced effect of acetylcholine produces constriction of the bronchi, increased bronchial secretions, and bronchospasm.  Therap...More",,DDInter1734
3,Coronary Artery Disease,The use of cholinesterase inhibitors  has been associated with a constriction of coronary arteries.  Therapy with cholinesterase inhibitors should be administered cautiously in patients with coronary ...More,,DDInter1734
3,Parkinsonian Disorders,Cholinesterase inhibitors should be used with caution in patients with parkinsonism.  Some of these drugs might be contraindicated in these patients (refer to specific prescribing information).  Sympt...More,,DDInter1734
3,Peptic Ulcer,The use of cholinesterase inhibitors is associated with an increase in gastric acid secretion and gastric contractions.  Therapy with cholinesterase inhibitors should be administered cautiously in pat...More,,DDInter1734
3,Seizures,Cholinesterase inhibitors have been associated with convulsions and tremor.  Therapy with cholinesterase inhibitors should be administered cautiously in patients with seizure disorders.,,DDInter1734
3,Liver Diseases,The use of tacrine is contraindicated in patients with a history of tacrine-induced jaundice confirmed by elevated total bilirubin greater than 3.0 mg/dl.  Elevations in liver function tests (LFTs) ha...More,,DDInter1734
2,Hyperthyroidism,Many of the manifestations of hyperthyroidism may be exacerbated by increased levels of acetylcholine produced by cholinesterase inhibitors.  Therapy with cholinesterase inhibitors should be administe...More,,DDInter1734
3,Diabetes Mellitus,"Tacrolimus can induce post-transplant insulin-dependent diabetes mellitus (PTDM).  Temporary insulin therapy has been required in some patients, while long-term insulin use has been necessary in other...More",,DDInter1735
3,Liver Diseases,"Tacrolimus undergoes significant hepatic metabolism, primarily by CYP450 3A enzymes.  Less than 5% of tacrolimus is eliminated unchanged in the bile and <1% is eliminated unchanged in the urine.  Mode...More",,DDInter1735
3,Infections,"Due to immunosuppression, patients receiving tacrolimus are at increased risk for infections, including polyoma virus infections, post-transplant lymphoproliferative disorder (PTLD) and CMV viremia an...More",,DDInter1735
3,Long QT Syndrome,Tacrolimus may prolong the QT/QTc interval and may cause Torsade de Pointes.  It is recommended to avoid tacrolimus in patients with congenital long QT syndrome.  In patients with congestive heart fai...More,,DDInter1735
3,Kidney Diseases,"Nephrotoxicity has been reported in 52% of kidney and 40% of liver transplant patients.  Renal toxicity includes increasing serum creatinine and blood urea nitrogen, and renal failure sometimes requir...More",,DDInter1735
2,Hyperkalemia,The use of tacrolimus has been associated with hyperkalemia.  Therapy with tacrolimus should be administered cautiously in patients with elevated serum potassium levels.  Close monitoring of potassium...More,,DDInter1735
2,Hypertension,The use of tacrolimus has been associated with hypertension.  Therapy with tacrolimus should be administered cautiously in patients with elevated blood pressure.  Close monitoring of blood pressure is...More,,DDInter1735
No matching records,,,,DDInter1736
2,Hypothyroidism,"Tafamidis binds to transthyretin (TTR) at the thyroxine binding sites.  The use of tafamidis may decrease serum concentrations of total thyroxine, without an accompanying change in thyroid stimulating...More",,DDInter1737
2,Liver Diseases,The use of tafamidis in patients with moderate hepatic impairment (Child-Pugh Score of 7 to 9) demonstrated decreased systemic exposure (approximately 40%) and increased clearance (approximately 68%) ...More,,DDInter1737
No matching records,,,,DDInter1738
3,Glucosephosphate Dehydrogenase Deficiency,Tafenoquine is contraindicated in patients with glucose-6-phosphate dehydrogenase (G6PD) deficiency or unknown G6PD status due to the risk of hemolytic anemia.  All patients must be tested for G6PD de...More,,DDInter1739
3,Psychotic Disorders,"Tafenoquine is contraindicated in patients with a history of psychotic disorders or current psychotic symptoms such as hallucinations, delusions, and/or grossly disorganized behavior.  If psychotic sy...More",,DDInter1739
2,Hepatic Insufficiency,"The pharmacokinetics of tafenoquine have not been studied in patients with renal or hepatic impairment.  If tafenoquine is administered to such patients, close monitoring for adverse reactions is need...More",,DDInter1739
No matching records,,,,DDInter1740
No matching records,,,,DDInter1741
2,Hepatic Insufficiency,Talazoparib has not been studied in patients with moderate hepatic impairment (total bilirubin >1.5 to 3.0 × upper limit of normal [ULN] and any aspartate aminotransferase [AST]) or severe hepatic imp...More,,DDInter1742
2,Bone Marrow Failure Disorders,"Myelosuppression consisting of anemia, leukopenia/neutropenia, and/or thrombocytopenia, have been reported in patients treated with talazoparib.  Therapy with talazoparib should not be started in myel...More",,DDInter1742
2,Kidney Diseases,Talazoparib has not been studied in patients with severe renal impairment (CrCl < 30 mL/min) or patients requiring hemodialysis.  Caution is advised if used in these patients.  A dose reduction is rec...More,,DDInter1742
3,IMMUNE SUPPRESSION,"Talimogene laherparepvec is a live, attenuated herpes simplex virus.  The use talimogene laherparepvec is contraindicated in patients who are immunocompromised as its administration in these patients ...More",,DDInter1743
3,Immune Deficiency Disease,"Do not administer talimogene laherparepvec to patients with a history of primary or acquired immunodeficient states, leukemia, lymphoma, AIDS or other clinical manifestations of infection with human i...More",,DDInter1743
2,Autoimmune Diseases,The use of talimogene laherparepvec may result in immune-mediated events.  Exercise care when using this agent in patients with underlying autoimmune disease or before continuing treatment in those pa...More,,DDInter1743
2,Multiple Myeloma,"Plasmacytoma, in proximity to the injection site, has been reported after administration of talimogene laherparepvec in a patient with smoldering multiple myeloma.  It is recommended to consider the r...More",,DDInter1743
3,Pulmonary Embolism,The use of tamoxifen is contraindicated in women with a history of deep vein thrombosis or pulmonary embolus or in women who require concomitant coumarin- type anticoagulant therapy.  There is evidenc...More,,DDInter1744
2,Endometrial Hyperplasia,"Endometrial changes such as hyperplasia, polyps, and endometrial cancer have been reported during tamoxifen therapy.  Patients should be instructed to immediately report any signs or symptoms of uteri...More",,DDInter1744
2,Liver Diseases,"Tamoxifen is extensively metabolized by the liver and excreted in the feces.  Alteration in liver enzyme levels have been noted.  Severe hepatic injuries such as fatty liver, cholestasis, hepatitis, a...More",,DDInter1744
2,Bone Marrow Failure Disorders,"Hematological abnormalities during tamoxifen therapy may include thrombocytopenia, leukopenia, and anemia.  Rare hemorrhagic episodes, severe neutropenia and pancytopenia have been reported.  Therapy ...More",,DDInter1744
2,Vision Disorders,"Corneal changes, cataracts, and retinopathy have been reported during tamoxifen therapy.  Therapy with tamoxifen should be administered cautiously in patients with or predisposed to visual disturbance...More",,DDInter1744
3,Glaucoma,"Intraoperative Floppy Iris Syndrome (IFIS) has been observed during cataract and glaucoma surgery in some patients on or previously treated with alpha 1 blockers, including tamsulosin.  The initiation...More",,DDInter1745
2,Hypotension,"Peripheral alpha 1- adrenergic receptor blocking agents (aka alpha 1- blockers) cause vasodilation and can produce marked hypotension, especially orthostatic hypotension with syncope or other postural...More",,DDInter1745
2,"Kidney Failure, Chronic","Patients with renal impairment do not require an adjustment in tamsulosin dosing.  However, patients with end-stage renal disease (Clcr <10 mL/min) have not been studied.",,DDInter1745
2,Liver Failure,Patients with moderate hepatic impairment do not require any adjustment in tamsulosin dosage.  Tamsulosin has not been studied in patients with severe hepatic impairment.,,DDInter1745
3,Gastrointestinal Diseases,"Narcotic (opioid) analgesic agents increase smooth muscle tone in the gastrointestinal tract and decrease peristalsis, which can lead to elevated intraluminal pressure, spasm, and constipation followi...More",,DDInter1746
3,Dysentery,"Narcotic (opioid) analgesic agents may prolong and/or worsen diarrhea associated with organisms that invade the intestinal mucosa, such as toxigenic E. coli, Salmonella, Shigella, and pseudomembranous...More",,DDInter1746
3,Liver Diseases,"Narcotic (opioid) analgesic agents are extensively metabolized by the liver, and several of them (e.g., codeine, hydrocodone, meperidine, methadone, morphine, propoxyphene) have active metabolites tha...More",,DDInter1746
3,Premature Birth,"The use of narcotic (opioid) analgesic agents is contraindicated in premature infants.  These agents may cross the immature blood-brain barrier to a greater extent than in adults, resulting in disprop...More",,DDInter1746
3,Alcoholic Intoxication,The use of opiate agonists is contraindicated in patients with acute alcohol intoxication exhibiting depressed vital signs.  The central nervous system depressant effects of opiate agonists may be add...More,,DDInter1746
3,Substance-Related Disorders,"Opiate agonists have the potential to cause dependence and abuse.  Tolerance as well as physical and psychological dependence can develop after prolonged use.  Abrupt cessation, reduction in dosage, o...More",,DDInter1746
3,Intestinal Obstruction,"Opioid agonists are contraindicated in patients with known or suspected gastrointestinal obstruction, including paralytic ileus.",,DDInter1746
3,Hypotension,"Opiate agonists can induce vasodilation and significant hypotension, particularly when given in high dosages and/or by rapid intravenous administration.  Opiate analgesics cause vasodilatation that ma...More",,DDInter1746
3,Intracranial Hypertension,"The hypoventilation associated with administration of opiate agonists, particularly by the intravenous route, can induce cerebral hypoxia and vasodilatation with resultant increase in intracranial pre...More",,DDInter1746
3,Respiratory Insufficiency,"Opiate agonists may produce significant central nervous system and respiratory depression of varying duration, particularly when given in high dosages and/or by rapid intravenous administration.  Apne...More",,DDInter1746
3,Depressive Disorder,"A variety of abnormal thinking and behavior changes have been reported to occur in association with the use of most anxiolytics, sedatives and hypnotics.  Some of these changes include decreased inhib...More",,DDInter1747
3,"Kidney Failure, Chronic","Some anxiolytic, sedative and hypnotic drugs have not been studied in patients with severe renal impairment and should not be used on these patients.",,DDInter1747
2,Glaucoma,"Some hypnotic drugs can have an anticholinergic effect and should be used with caution in patients with glaucoma, and trouble urinating due to retention or enlarged prostate.",,DDInter1747
2,Liver Diseases,"In general, anxiolytics, sedatives and hypnotics are extensively metabolized by the liver.  Their plasma clearance may be decreased and their half-life prolonged in patients with impaired hepatic func...More",,DDInter1747
No matching records,,,,DDInter1748
3,Eczema,Topical retinoids may cause severe irritation on eczematous skin.  Therapy with topical retinoids should be avoided on abraded or eczematous skin.,,DDInter1749
2,Sunburn,"Retinoid-like products can cause extreme irritation when applied to sunburned skin.  Patients with sunburn should be cautioned not to use retinoid-like acne products until fully recovered, and to avoi...More",,DDInter1749
No matching records,,,,DDInter1750
No matching records,,,,DDInter1751
3,Colitis,"Clostridioides difficile-associated diarrhea (CDAD), formerly pseudomembranous colitis, has been reported with almost all antibacterial drugs and may range from mild diarrhea to fatal colitis.  The mo...More",,DDInter1752
3,Neutropenia,"The antibacterial activity of tedizolid may be reduced in the absence of granulocytes.  In the mouse thigh infection model of Staphylococcus aureus, bacterial stasis was achieved in non-granulocytopen...More",,DDInter1752
2,Pancreatic Diseases,"Cholecystitis, cholangitis, cholelithiasis, and pancreatitis have been reported in clinical studies with teduglutide.  For identification of the onset or worsening of gallbladder/biliary/pancreatic di...More",,DDInter1753
2,Heart Failure,Fluid overload and congestive heart failure have been observed in clinical trials with teduglutide.  This was probably related to enhanced fluid absorption associated with the medication.  If fluid ov...More,,DDInter1753
2,Intestinal Obstruction,"Intestinal obstruction has been reported in clinical trials with teduglutide.  In patients who develop intestinal or stomal obstruction, treatment with teduglutide should be temporarily discontinued w...More",,DDInter1753
2,Liver Failure,Teduglutide pharmacokinetics has not been assessed in patients with severe hepatic impairment.  Caution and monitoring is advised.  Patients with moderate hepatic impairment showed lower Cmax and AUC ...More,,DDInter1753
2,Neoplasms,"Based on the pharmacologic activity and findings in animals, teduglutide has the potential to cause hyperplastic changes including neoplasia.  In patients at increased risk for malignancy, the clinica...More",,DDInter1753
2,Kidney Diseases,Teduglutide is primarily cleared by the kidney and caution is advised when using in patients with moderate to severe renal impairment.  The manufacturers recommend to reduced the dose by 50% in patien...More,,DDInter1753
3,Intestinal Obstruction,"The use of tegaserod is contraindicated in patients with a history of bowel obstruction, symptomatic gallbladder disease, suspected sphincter of Oddi dysfunction, or abdominal adhesions.  Stimulation ...More",,DDInter1754
3,Liver Diseases,"The use of tegaserod is contraindicated in patients with moderate or severe hepatic impairment, as it has not been adequately studied for treatment in this population.  In subjects with mild hepatic i...More",,DDInter1754
3,Kidney Diseases,"The use of tegaserod is contraindicated in patients with severely impaired renal function.  According to the manufacturer, no change in the pharmacokinetics of tegaserod was observed in subjects with ...More",,DDInter1754
2,Diarrhea,"Tegaserod should not be initiated in patients who are experiencing or frequently experience diarrhea.  Tegaserod stimulates gastrointestinal motility and may cause diarrhea, usually within the first w...More",,DDInter1754
No matching records,,,,DDInter1755
3,Colitis,"Clostridioides difficile-associated diarrhea (CDAD), formerly pseudomembranous colitis, has been reported with almost all antibacterial drugs and may range from mild diarrhea to fatal colitis.  The mo...More",,DDInter1756
3,Long QT Syndrome,"Telavancin can cause QT prolongation, which may lead to an increased risk for ventricular arrhythmias, including Torsade de Pointes.  Use of telavancin should be avoided in patients with congenital lo...More",,DDInter1756
2,Hepatic Insufficiency,No dosage adjustment is recommended in patients with mild or moderate hepatic impairment.  The pharmacokinetics of telavancin have not been evaluated in patients with severe hepatic impairment.  Cauti...More,,DDInter1756
2,Neurotoxicity Syndromes,"Telavancin may increase the risk of nephrotoxicity in patients predisposed to kidney dysfunction (preexisting renal disease, diabetes mellitus, congestive heart failure, or hypertension) and in those ...More",,DDInter1756
2,Kidney Diseases,Use of telavancin in patients with preexisting moderate/severe renal impairment should be considered only when the anticipated benefit to the patient outweighs the potential risk.  Dosage adjustment i...More,,DDInter1756
3,Muscular Diseases,"Prolonged use of certain nucleoside reverse transcriptase inhibitors (NRTIs) such as zidovudine and telbivudine may commonly cause myopathy, including rare cases of rhabdomyolysis.  The myopathy may b...More",,DDInter1757
2,Diseases requiring hemodialysis,Telbivudine is removed by hemodialysis.  Up to four hours of hemodialysis can reduce systemic telbivudine exposure by approximately 23%.  Telbivudine should be administered after hemodialysis.  Follow...More,,DDInter1757
2,Kidney Diseases,"Telbivudine is primarily eliminated by the kidney.  Compared to patients with normal renal function (CrCl above 80 mL/min), systemic exposure (AUC) of single-dose telbivudine increased by 26% in patie...More",,DDInter1757
3,Colitis,"Clostridioides difficile-associated diarrhea (CDAD), formerly pseudomembranous colitis, has been reported with almost all antibacterial drugs and may range from mild diarrhea to fatal colitis.  The mo...More",,DDInter1758
3,Hepatitis,The use of telithromycin is contraindicated in patients with previous history of hepatitis and/or jaundice associated with the use of any macrolide antibacterial agent.,,DDInter1758
3,Liver Diseases,"Hepatic dysfunction, including elevated liver enzymes and hepatitis, with or without jaundice, has been reported with the use of telithromycin.  Although these events are generally reversible, liver f...More",,DDInter1758
3,Myasthenia Gravis,Telithromycin is contraindicated in patients with myasthenia gravis.  There have been reports of fatal and life-threatening respiratory failure in patients with myasthenia gravis associated with the u...More,,DDInter1758
3,Long QT Syndrome,Telithromycin may prolong the QTc interval of the electrocardiogram in some patients.  QTC prolongation has been associated with an increased risk of ventricular arrhythmias including ventricular tach...More,,DDInter1758
2,Diseases requiring hemodialysis,The effect of hemodialysis on removing telithromycin from the body has not been studied.  Doses should be given after the dialysis session on dialysis days.,,DDInter1758
2,Kidney Diseases,"Telithromycin is eliminated by both renal and hepatic routes.  In a multiple-dose study of subjects with varying degrees of renal impairment, patients classified as having severely impaired renal func...More",,DDInter1758
3,Diabetes Mellitus,The coadministration of some angiotensin II receptor blocker agents with aliskiren is contraindicated in patients with diabetes.,,DDInter1759
3,Angioedema,The use of these agents is contraindicated in patients with a history of angioedema related to previous angiotensin-converting enzyme (ACE) inhibitor or angiotensin II receptor blocker (ARB) therapy o...More,,DDInter1759
3,Hypotension,"Angiotensin II receptor (AR) antagonists can cause symptomatic hypotension in patients with an activated renin-angiotensin system, such as volume- and/or sodium-depleted patients.  Therapy with AR ant...More",,DDInter1759
2,Heart Failure,"Angiotensin II receptor (AR) antagonists can cause renal impairment in patients whose renal function depends on the activity of the renin-angiotensin-aldosterone system.  In addition, symptomatic hypo...More",,DDInter1759
2,Hyperkalemia,"Drugs that inhibit the renin-angiotensin, such as angiotensin II receptor antagonist system can cause hyperkalemia.  Concomitant use of these agents with drugs that increase potassium levels may incre...More",,DDInter1759
2,Renal Artery Obstruction,"In patients with bilateral renal artery stenosis or renal artery stenosis in a solitary kidney, angiotensin II receptor (AR) antagonists may reduce renal perfusion to a critically low level.  Increase...More",,DDInter1759
2,Kidney Diseases,Changes in renal function including acute renal failure can be caused by drugs that inhibit the renin-angiotensin system and by diuretics.  Patients whose renal function may depend in part on the acti...More,,DDInter1759
2,Liver Diseases,"Telmisartan is primarily eliminated by biliary excretion, and only a minute amount is excreted in the urine.  Dosage adjustments are not necessary in patients with renal impairment unless they are als...More",,DDInter1759
No matching records,,,,DDInter1760
3,Alcoholic Intoxication,The use of benzodiazepines with alcohol is not recommended.  Patients with acute alcohol intoxication exhibit depressed vital signs.  The central nervous system depressant effects of benzodiazepines m...More,,DDInter1761
3,"Glaucoma, Angle-Closure",The manufacturers consider the use of benzodiazepines to be contraindicated in patients with acute angle-closure glaucoma or untreated open-angle glaucoma.  These agents do not possess anticholinergic...More,,DDInter1761
3,Substance-Related Disorders,"Benzodiazepines have the potential to cause dependence and abuse.  Tolerance as well as physical and psychological dependence can develop, particularly after prolonged use and/or excessive dosages.  H...More",,DDInter1761
3,Liver Diseases,"Benzodiazepines are metabolized by the liver, and the metabolites are excreted in the urine.  Chlordiazepoxide, clorazepate, diazepam, flurazepam and quazepam undergo oxidative N-dealkylation to activ...More",,DDInter1761
3,Respiratory Insufficiency,"Benzodiazepines may cause respiratory depression and apnea, usually when given in high dosages and/or by intravenous administration.  However, some patients may be susceptible at commonly used dosages...More",,DDInter1761
3,Seizures,The use of benzodiazepines in patients with seizure disorders may increase the incidence or precipitate the onset of generalized tonic-clonic seizures (grand mal).  Appropriate anticonvulsant medicati...More,,DDInter1761
2,Depressive Disorder,Benzodiazepines depress the central nervous system and may cause or exacerbate mental depression and cause suicidal behavior and ideation.  Episodes of mania and hypomania have also been reported in d...More,,DDInter1761
2,Obesity,"The plasma half-lives of benzodiazepines may be prolonged in obese patients, presumably due to increased distribution into fat.  Marked increases in distribution (> 100%) have been reported for diazep...More",,DDInter1761
2,Psychotic Disorders,"Paradoxical reactions, including excitability, irritability, aggressive behavior, agitation, nervousness, hostility, anxiety, sleep disturbances, nightmares and vivid dreams, have been reported with t...More",,DDInter1761
2,Sleep Wake Disorders,Sleep disturbances may be the presenting manifestation of a physical and/or psychiatric disorder.  The symptomatic treatment of insomnia should be initiated only after a careful evaluation of the pati...More,,DDInter1761
3,Urticaria,"Temozolomide is contraindicated in patients with a history of urticaria, allergic reaction including anaphylaxis, toxic epidermal necrolysis, and Stevens-Johnson syndrome.",,DDInter1762
2,Hepatic Insufficiency,A study showed that the pharmacokinetics of temozolomide in patients with mild-to-moderate hepatic impairment (Child-Pugh Class I - II) were similar to those observed in patients with normal hepatic f...More,,DDInter1762
2,Bone Marrow Failure Disorders,"Patients treated with temozolomide may experience myelosuppression, including prolonged pancytopenia, which may result in aplastic anemia, which in some cases has resulted in a fatal outcome.  Prior t...More",,DDInter1762
2,Kidney Diseases,Temozolomide population pharmacokinetic analysis indicated that creatinine clearance over the range of 36 to 130 mL/min/m2 has no effect on its clearance after oral administration.  The pharmacokineti...More,,DDInter1762
3,Kidney Diseases,"Cases of renal failure, including acute renal failure and elevations of serum creatinine and proteinuria, some with a fatal outcome, have been observed in patients treated with inhibitors of mTOR (mam...More",,DDInter1763
3,Peptic Ulcer Perforation,Cases of fatal bowel perforation occurred in patients who received temsirolimus.  Therapy with temsirolimus should be administered with caution in patients who may be at increased risk for gastrointes...More,,DDInter1763
3,Hypersensitivity,"Hypersensitivity/infusion reactions, including but not limited to flushing, chest pain, dyspnea, hypotension, apnea, loss of consciousness, hypersensitivity and anaphylaxis, have been associated with ...More",,DDInter1763
3,Liver Diseases,Temsirolimus is contraindicated in patients with bilirubin >1.5×ULN.  Caution is recommended when treating patients with mild hepatic impairment and a dose reduction may be needed depending on AST and...More,,DDInter1763
2,Hyperglycemia,Elevations in serum blood glucose levels have been reported in patients taking inhibitors of mTOR (mammalian target of rapamycin).  Monitoring of fasting serum glucose levels is recommended prior to t...More,,DDInter1763
2,Hypercholesterolemia,Elevations in cholesterol and triglyceride levels have been reported in patients taking inhibitors of mTOR (mammalian target of rapamycin).  Monitoring of fasting lipid profile is recommended prior to...More,,DDInter1763
2,Infections,"The immunosuppressant effect of inhibitors of mTOR (mammalian target of rapamycin) may decrease host resistance to infectious agents and may predispose patients to bacterial, fungal, viral, or protozo...More",,DDInter1763
2,Wounds and Injuries,"Inhibition of mTOR activity results in delays of wound healing and increases the occurrence of wound-related complications, which might require surgical intervention.  Patients with central nervous sy...More",,DDInter1763
2,Liver Diseases,"Cases of interstitial lung disease, some resulting in death, occurred in patients who received temsirolimus.  It is recommended that patients undergo baseline radiographic assessment by lung computed ...More",,DDInter1763
3,Hemorrhage,The most common complication encountered during tenecteplase therapy is bleeding.  Tenecteplase therapy in patients with acute myocardial infarction is contraindicated in patients with active internal...More,,DDInter1764
2,Thromboembolism,"The use of tenecteplase can increase the risk of thromboembolic events in patients with high likelihood of left heart thrombus, such as patients with mitral stenosis or atrial fibrillation.  Caution a...More",,DDInter1764
No matching records,,,,DDInter1765
2,Diabetes Mellitus,The use of teprotumumab may increase blood glucose levels.  Care should be exercised when using this agent in patients with preexisting diabetes or impaired glucose tolerance and they should have appr...More,,DDInter1766
2,Inflammatory Bowel Diseases,The use of teprotumumab may cause an exacerbation of preexisting inflammatory bowel disease (IBD).  Care should be exercised when using this agent in patients with IBD.  It is recommended to monitor p...More,,DDInter1766
2,Hypotension,"Peripheral alpha 1- adrenergic receptor blocking agents (aka alpha 1- blockers) cause vasodilation and can produce marked hypotension, especially orthostatic hypotension with syncope or other postural...More",,DDInter1767
2,Liver Diseases,"Little data exist concerning the pharmacokinetic disposition of terazosin in patients with liver disease.  Terazosin is known to be metabolized by the liver, and both parent drug (approximately 30%) a...More",,DDInter1767
3,Liver Diseases,"Oral terbinafine is not recommended for use in patients with chronic or active liver disease.  Terbinafine may be hepatotoxic.  Rare cases of cholestatic hepatitis and liver failure, some resulting in...More",,DDInter1768
3,Neutropenia,"Isolated cases of severe neutropenia have been reported in patients administered oral terbinafine.  A causal relationship has not been established, although the neutropenia resolved following disconti...More",,DDInter1768
2,Depressive Disorder,"Postmarketing studies have reported depressive symptoms with the use of terbinafine tablets.  Terbinafine should be used with caution in patients with depression, and prescribers should be alert to th...More",,DDInter1768
2,IMMUNE SUPPRESSION,Transient decreases in absolute lymphocyte counts have been reported with oral terbinafine during clinical trials.  The clinical significance of these decreases is unknown.  Monitoring of complete blo...More,,DDInter1768
2,"Lupus Erythematosus, Systemic",Precipitation and exacerbation of cutaneous and systemic lupus erythematosus has been reported postmarketing in patients taking terbinafine tablets.  Terbinafine should be discontinued in patients wit...More,,DDInter1768
2,Kidney Diseases,"The use of oral terbinafine in patients with renal impairment (CrCl <= 50 mL/min) has not been adequately studied and is, therefore, not recommended.  Terbinafine metabolites are primarily eliminated ...More",,DDInter1768
2,Cardiovascular Diseases,"Adrenergic bronchodilators can stimulate cardiovascular beta- 1 and beta- 2 receptors, resulting in adverse effects such as tachycardia, palpitation, peripheral vasodilation, blood pressure changes, a...More",,DDInter1769
2,Diabetes Mellitus,"Adrenergic bronchodilators may cause increases in blood glucose concentrations.  These effects are usually transient and slight, but may be significant with dosages higher than those normally recommen...More",,DDInter1769
2,Hypokalemia,"Adrenergic bronchodilators may cause decreases in serum potassium concentrations, primarily when given by nebulization or intravenous administration.  Although this effect is usually transient and doe...More",,DDInter1769
2,Seizures,Adrenergic bronchodilators may cause CNS stimulation.  Therapy with adrenergic bronchodilators should be administered cautiously in patients with seizure disorders.  Systemic adverse effects are minim...More,,DDInter1769
No matching records,,,,DDInter1770
3,Infections,"Serious and sometimes fatal infections have been reported in patients receiving immunosuppressive agents.  Patients receiving immunosuppressants are at increased risk of developing bacterial, viral, f...More",,DDInter1771
3,"Leukoencephalopathy, Progressive Multifocal",Immunosuppressive agents may increase the risk of progressive multifocal leukoencephalopathy (PML).  Certain agents are contraindicated in patients who have or have had PML.  Patients receiving chroni...More,,DDInter1771
3,Liver Diseases,Teriflunomide is contraindicated in patients with severe hepatic impairment.  No dosage adjustment is necessary for patients with mild and moderate hepatic impairment.  Severe liver injury including f...More,,DDInter1771
2,Hypertension,Teriflunomide may increase the blood pressure.  Caution should be taken when using this agent in hypertensive patients.  It is recommended to check blood pressure before the start of teriflunomide tre...More,,DDInter1771
2,IMMUNE SUPPRESSION,Cases of decrease in white blood cell count and in platelet count have been observed with the use teriflunomide.  Care should be taken when using this agent in immunosuppressed patients.  It is recomm...More,,DDInter1771
2,Peripheral Nervous System Diseases,"Peripheral neuropathy, including both polyneuropathy and mononeuropathy (e.g., carpal tunnel syndrome), has been reported with the use of teriflunomide.  Age older than 60 years, concomitant neurotoxi...More",,DDInter1771
2,"Lung Diseases, Interstitial","Interstitial lung disease and worsening of preexisting interstitial lung disease, including acute interstitial pneumonitis, have been reported during treatment with teriflunomide.  Caution should be e...More",,DDInter1771
2,Tuberculosis,Cases of tuberculosis have been observed with the use of teriflunomide.  It is recommended to screen patients for latent tuberculosis infection before initiating therapy with teriflunomide.  The safet...More,,DDInter1771
3,Hyperparathyroidism,"Patients known to have an underlying hypercalcemic disorder, such as primary hyperparathyroidism, should not be treated with parathyroid hormone and its analogs because of the risk of exacerbating hyp...More",,DDInter1772
3,Neoplasms,Parathyroid hormone and its analogs should not be used in patients who are at increased baseline risk for osteosarcoma.  These agents should only be used if the potential benefits are considered to ou...More,,DDInter1772
3,Osteoporosis,"The use of teriparatide in patients with metabolic bone disease, other than osteoporosis is not recommended by the manufacturer.",,DDInter1772
2,"Hypotension, Orthostatic",There have been reports of transient episodes of symptomatic orthostatic hypotension with the use of teriparatide in short-term clinical pharmacology studies.  Caution is recommended when using this a...More,,DDInter1772
2,Kidney Diseases,"No pharmacokinetic differences were identified in patients with mild or moderate renal impairment after a single dose of teriparatide.  In patients with severe renal impairment, the AUC and half-life ...More",,DDInter1772
2,Urolithiasis,"Teriparatide should be used with caution in patients with active urolithiasis.  If active or pre-existing hypercalciuria is suspected, measurement of urinary calcium excretion should be considered bec...More",,DDInter1772
3,Pituitary Neoplasms,"The use of tesamorelin is contraindicated in patients with disruption of the hypothalamic-pituitary axis due to hypophysectomy, hypopituitarism, pituitary tumor/surgery, head irradiation or head traum...More",,DDInter1773
2,Diabetes Mellitus,The use of tesamorelin can result in glucose intolerance.  Tesamorelin increases insulin-like growth factor-1 (IGF-1).  It is recommended to evaluate glucose status prior to initiation of therapy and ...More,,DDInter1773
2,Water-Electrolyte Imbalance,The use of tesamorelin may cause fluid retention related to the induction of growth hormone secretion.  This manifests as increased tissue turgor and musculoskeletal discomfort resulting in adverse re...More,,DDInter1773
No matching records,,,,DDInter1774
3,Prostatic Neoplasms,The use of androgenic anabolic steroids is contraindicated for male patients with carcinoma of the breast or prostate.  Circulating androgens can be converted in peripheral tissues to estrogens and di...More,,DDInter1775
3,Water-Electrolyte Imbalance,"Androgenic anabolic steroids may cause sodium and water retention, particularly when given in high dosages or for prolonged periods.  Therapy with these agents should be administered cautiously in pat...More",,DDInter1775
3,Breast Neoplasms,"When treated with androgenic anabolic steroids, patients with metastatic breast cancer may develop hypercalcemia due to osteolysis.  Frequent determination of urine and serum calcium levels is recomme...More",,DDInter1775
3,Hyperlipoproteinemias,"Androgenic anabolic steroids may adversely affect serum lipids, including lowering HDL and elevating LDL levels.  These changes can be marked, particularly with the 17-alpha-alkyl derivatives (i.e., f...More",,DDInter1775
3,Liver Diseases,"The use of androgenic anabolic steroids may be associated with development of cholestatic hepatitis and jaundice.  Other, more serious hepatotoxicities such as peliosis hepatis and hepatocellular neop...More",,DDInter1775
3,Polycythemia,Androgenic anabolic steroids may cause polycythemia when given in high dosages or for prolonged periods.  Patients with preexisting polycythemia may experience worsening of their condition.  Frequent ...More,,DDInter1775
3,Blood Coagulation Disorders,"Androgenic anabolic steroids may cause suppression of clotting factors II, V, VII, and X, and an increase in prothrombin time.  Androgen therapy should be administered cautiously in patients with blee...More",,DDInter1775
3,Liver Diseases,The use of testosterone is contraindicated in patients with serious hepatic or renal disease.,,DDInter1775
2,Diabetes Mellitus,The metabolic effects of androgenic anabolic steroids may lower blood glucose.  Decreased glucose tolerance and increased insulin resistance have also been reported.  Patients with diabetes mellitus s...More,,DDInter1775
2,Hypercalcemia,"Androgenic anabolic steroids decrease urinary excretion of calcium, which may result in hypercalcemia.  Therapy with androgenic agents should be administered cautiously in patients with hypercalcemia,...More",,DDInter1775
No matching records,,,,DDInter1776
No matching records,,,,DDInter1777
3,"Arrhythmias, Cardiac",Tetrabenazine can cause an increase in the corrected QT interval.  QT prolongation can lead to the development of ventricular arrhythmias.  The use of tetrabenazine should be avoided in patients with ...More,,DDInter1778
3,Depressive Disorder,The use of tetrabenazine is contraindicated in patients with untreated or uncontrolled depression.  Tetrabenazine can increase the risk of depression and suicidal thoughts and behavior.,,DDInter1778
3,Hepatic Insufficiency,The use of tetrabenazine is contraindicated in patients with hepatic impairment.  The safety and efficacy of exposure to the drug and other metabolites are unknown and it is not possible to adjust the...More,,DDInter1778
3,Huntington Disease,Patients with Huntington disease are prone to depression.  Tetrabenazine can increase the risk of depression and suicidal thoughts and should be used with caution in patients with Huntington's disease...More,,DDInter1778
2,Deglutition Disorders,Tetrabenazine reduces dopaminergic transmission and can be associated with esophageal dysmotility and dysphagia.  Caution should be exercised when used in patients with conditions that predispose to d...More,,DDInter1778
2,Hyperprolactinemia,"Tetrabenazine can elevate serum prolactin concentrations.  This should be considered when therapy will be prescribed in patients with previously detected breast cancer.  Additionally, chronic increase...More",,DDInter1778
2,Hypotension,Tetrabenazine can induce postural dizziness and syncope and should be used with caution in patients who are vulnerable to hypotension.,,DDInter1778
No matching records,,,,DDInter1779
No matching records,,,,DDInter1780
No matching records,,,,DDInter1781
3,Latent Tuberculosis,"In patients with latent tuberculosis or tuberculin reactivity, the use of pharmacologic dosages of adrenocorticotropic agents may cause a reactivation of the disease.  Close monitoring for signs and s...More",,DDInter1782
3,Adrenal Insufficiency,The use of adrenocorticotropic agents is contraindicated in patients with primary adrenocortical insufficiency because of the lack of adrenal responsiveness.,,DDInter1782
3,Water-Electrolyte Imbalance,"Adrenocorticotropic agents may cause hypernatremia, hypokalemia, hypocalcemia, and fluid retention.  Therapy with these agents, particularly if intended for longer than brief periods, should be admini...More",,DDInter1782
3,Water-Electrolyte Imbalance,"Adrenocorticotropic agents may cause hypernatremia, hypokalemia, fluid retention, and elevation in blood pressure.  Therapy with these agents, particularly if intended for longer than brief periods, s...More",,DDInter1782
3,Peptic Ulcer Perforation,"Adrenocorticotropic agents may cause gastrointestinal perforation and hemorrhage, usually when given in high dosages or for prolonged periods.  They may also mask symptoms of complications such as per...More",,DDInter1782
3,Adrenocortical Hyperfunction,The use of adrenocorticotropic agents is contraindicated in patients with adrenocortical hyperfunction.  These agents stimulate the release of cortisol and aldosterone and may aggravate symptoms of hy...More,,DDInter1782
3,Infections,"The immunosuppressant and anti-inflammatory effects of adrenocorticotropic agents, particularly in higher dosages, may decrease host resistance to infectious agents, decrease the ability to localize i...More",,DDInter1782
3,"Keratitis, Herpetic","Adrenocorticotropic agents should be used cautiously, if at all, in patients with ocular herpes simplex because of the risk of corneal perforation.  The manufacturers consider their use to be contrain...More",,DDInter1782
3,Osteoporosis,"Adrenocorticotropic agents inhibit the absorption of intestinal calcium and increase urinary excretion of calcium, which can result in bone resorption and bone loss during prolonged therapy.  In addit...More",,DDInter1782
3,Peptic Ulcer,"Adrenocorticotropic agents may cause peptic ulcer disease and gastrointestinal (GI) hemorrhage, usually when given in high dosages or for prolonged periods.  Delayed healing of peptic ulcers has also ...More",,DDInter1782
3,Colitis,"Clostridioides difficile-associated diarrhea (CDAD), formerly pseudomembranous colitis, has been reported with almost all antibacterial drugs and may range from mild diarrhea to fatal colitis.  The mo...More",,DDInter1783
2,Liver Diseases,"The use of tetracyclines has rarely been associated with hepatotoxicity.  Histologic fatty changes of the liver, elevated liver enzymes, and jaundice have been reported, primarily in patients treated ...More",,DDInter1783
2,Kidney Diseases,Tetracyclines (except doxycycline) are eliminated by the kidney to various extent.  Patients with renal impairment may be at greater risk for tetracycline-associated hepatic and/or renal toxicity (inc...More,,DDInter1783
2,Esophageal Diseases,The use of oral tetracycline capsules and tablets has been associated with esophageal irritation and ulceration in patients who ingested the drug without sufficient fluid shortly before bedtime.  Ther...More,,DDInter1783
No matching records,,,,DDInter1784
3,Hemochromatosis,"The use of ferric citrate is contraindicated in patients with iron overload syndromes (e.g., hemochromatosis).  Iron absorption from the use of ferric citrate may lead to excessive elevations in iron ...More",,DDInter1785
No matching records,,,,DDInter1786
No matching records,,,,DDInter1787
No matching records,,,,DDInter1788
2,Seizures,"Seizures, including grand mal convulsions, have been reported during post-approval use of thalidomide in clinical practice.  Because these events are reported voluntarily from a population of unknown ...More",,DDInter1789
2,HIV Infections,"In two separate studies involving HIV-seropositive patients, the use of thalidomide was associated with an increase in plasma viral RNA levels.  The clinical significance of this finding is unknown.  ...More",,DDInter1789
2,Hypotension,The use of thalidomide has been associated with dizziness and orthostatic hypotension.  Therapy with thalidomide should be administered cautiously in patients with preexisting hypotension.  Rising slo...More,,DDInter1789
2,Neutropenia,"The use of thalidomide has been associated with decreased white blood cells counts, including neutropenia.  Therapy with thalidomide should be administered cautiously in patients with preexisting neut...More",,DDInter1789
2,Peripheral Nervous System Diseases,"The use of thalidomide has been associated with the development of peripheral neuropathy, which is sometimes irreversible.  Therapy with thalidomide should be administered cautiously in patients with ...More",,DDInter1789
No matching records,,,,DDInter1790
3,Peptic Ulcer,Methylxanthines are known to stimulate peptic acid secretion.  Therapy with products containing methylxanthines should be administered with extreme caution in patients with active peptic ulcer disease...More,,DDInter1791
3,Kidney Diseases,"The metabolites of theophylline, which are generally undetectable in patients with normal renal function, may accumulate in patients with renal impairment and contribute to the toxicity of theophyllin...More",,DDInter1791
3,Epilepsy,The use of theophyllines is considered by some manufacturers to be contraindicated in patients with underlying seizure disorders unless they are receiving adequate anticonvulsant therapy.  Theophyllin...More,,DDInter1791
2,Gastroesophageal Reflux,"Methylxanthines increase gastric acidity and may also relax lower esophageal sphincter, which can lead to gastric reflux into the esophagus.  Therapy with products containing methylxanthines should be...More",,DDInter1791
2,Diseases requiring hemodialysis,Theophylline is removed by hemodialysis.  Doses should either be scheduled for administration after dialysis or supplemental doses be given after dialysis.,,DDInter1791
2,Tachycardia,The use of theophyllines is associated with an increase in heart rate which may progress to supraventricular tachycardia or ventricular arrhythmia at high serum drug concentrations.  Appearance of car...More,,DDInter1791
No matching records,,,,DDInter1792
3,Alcoholic Intoxication,The use of phenothiazines is contraindicated in patients with acute alcohol intoxication exhibiting depressed vital signs.  The central nervous system depressant effects of phenothiazines may be addit...More,,DDInter1793
3,Cardiovascular Diseases,"Phenothiazines may cause hypotension (including orthostatic hypotension), reflex tachycardia, increased pulse rate, syncope, and dizziness, particularly after the first parenteral dose but rarely afte...More",,DDInter1793
3,Respiratory Insufficiency,The use of phenothiazines is contraindicated in comatose patients and patients with severe central nervous system depression.  Phenothiazines may potentiate the CNS and respiratory depression in these...More,,DDInter1793
3,Craniocerebral Trauma,"The use of phenothiazines is contraindicated in patients with suspected or established subcortical brain damage, with or without hypothalamic involvement.  Phenothiazines can interfere with thermoregu...More",,DDInter1793
2,Anticholinergic Syndrome,"Phenothiazines have anticholinergic activity, to which elderly patients are particularly sensitive.  Low-potency agents such as chlorpromazine and thioridazine tend to exhibit greater anticholinergic ...More",,DDInter1793
2,Breast Neoplasms,"The chronic use of phenothiazines is associated with persistent elevations in prolactin levels.  Based on in vitro data, approximately one-third of human breast cancers are thought to be prolactin-dep...More",,DDInter1793
2,Dystonic Disorders,"Phenothiazines may cause acute, dose-related dystonic reactions secondary to central dopaminergic blockade.  These reactions are characterized by spastic contraction of discrete muscle groups and may ...More",,DDInter1793
2,Hematologic Diseases,"Phenothiazines may infrequently cause hematologic toxicity, including agranulocytosis, thrombocytopenia, eosinophilia, aplastic anemia, purpura, granulocytopenia, and hemolytic anemia.  Mild leukopeni...More",,DDInter1793
2,Liver Diseases,"Phenothiazines are extensively metabolized by the liver and may accumulate in patients with hepatic impairment.  In addition, the use of some phenothiazines has been associated with adverse hepatic ef...More",,DDInter1793
2,Neuroleptic Malignant Syndrome,The central dopaminergic blocking effects of phenothiazines may precipitate or aggravate a potentially fatal symptom complex known as Neuroleptic Malignant Syndrome (NMS).  NMS is observed most freque...More,,DDInter1793
No matching records,,,,DDInter1794
3,Dementia,"Older patients with dementia-related psychosis treated with antipsychotic drugs are at an increased risk of death; although the causes were varied, most of the deaths appeared to be either cardiovascu...More",,DDInter1796
3,Alcoholic Intoxication,The use of phenothiazines is contraindicated in patients with acute alcohol intoxication exhibiting depressed vital signs.  The central nervous system depressant effects of phenothiazines may be addit...More,,DDInter1796
3,Cardiovascular Diseases,"Phenothiazines may cause hypotension (including orthostatic hypotension), reflex tachycardia, increased pulse rate, syncope, and dizziness, particularly after the first parenteral dose but rarely afte...More",,DDInter1796
3,Respiratory Insufficiency,The use of phenothiazines is contraindicated in comatose patients and patients with severe central nervous system depression.  Phenothiazines may potentiate the CNS and respiratory depression in these...More,,DDInter1796
3,Craniocerebral Trauma,"The use of phenothiazines is contraindicated in patients with suspected or established subcortical brain damage, with or without hypothalamic involvement.  Phenothiazines can interfere with thermoregu...More",,DDInter1796
3,Long QT Syndrome,The use of thioridazine is contraindicated in patients with congenital or acquired QT interval prolongation syndromes or a history of cardiac arrhythmias.  Thioridazine can prolong the QT interval of ...More,,DDInter1796
2,Anticholinergic Syndrome,"Phenothiazines have anticholinergic activity, to which elderly patients are particularly sensitive.  Low-potency agents such as chlorpromazine and thioridazine tend to exhibit greater anticholinergic ...More",,DDInter1796
2,Breast Neoplasms,"The chronic use of phenothiazines is associated with persistent elevations in prolactin levels.  Based on in vitro data, approximately one-third of human breast cancers are thought to be prolactin-dep...More",,DDInter1796
2,Dystonic Disorders,"Phenothiazines may cause acute, dose-related dystonic reactions secondary to central dopaminergic blockade.  These reactions are characterized by spastic contraction of discrete muscle groups and may ...More",,DDInter1796
2,Hematologic Diseases,"Phenothiazines may infrequently cause hematologic toxicity, including agranulocytosis, thrombocytopenia, eosinophilia, aplastic anemia, purpura, granulocytopenia, and hemolytic anemia.  Mild leukopeni...More",,DDInter1796
3,Infections,"Because of their cytotoxic effects on rapidly proliferating tissues, antineoplastic agents frequently can, to varying extent, induce myelosuppression.  The use of these drugs may be contraindicated in...More",,DDInter1797
3,Liver Diseases,Thiotepa is rapidly metabolized by the liver to a biologically active form.  The pharmacokinetic disposition of thiotepa has not be evaluated in patients with hepatic dysfunction.  The use of thiotepa...More,,DDInter1797
3,Bone Marrow Failure Disorders,"Thiotepa induces dose-related myelosuppression.  Therapy with thiotepa should be withheld if a white blood cell count falls below 3000/mm3 or a platelet count falls below 150,000/mm3.  If the need out...More",,DDInter1797
3,Kidney Diseases,Approximately 25% of thiotepa is eliminated by the kidney and <2% is eliminated unchanged in the urine.  The pharmacokinetic disposition of thiotepa has not be evaluated in patients with renal dysfunc...More,,DDInter1797
3,Dementia,"Older patients with dementia-related psychosis treated with antipsychotic drugs are at an increased risk of death; although the causes were varied, most of the deaths appeared to be either cardiovascu...More",,DDInter1798
3,Alcoholic Intoxication,The use of neuroleptic agents is contraindicated in patients with acute alcohol intoxication exhibiting depressed vital signs.  The central nervous system depressant effects of neuroleptic agents may ...More,,DDInter1798
3,Cardiovascular Diseases,"Neuroleptic agents may cause hypotension (including orthostatic hypotension), reflex tachycardia, increased pulse rate, syncope and dizziness, particularly during initiation of therapy or rapid escala...More",,DDInter1798
3,Respiratory Insufficiency,The use of neuroleptic agents is contraindicated in comatose patients and patients with severe central nervous system depression.  Neuroleptic agents may potentiate the CNS and respiratory depression ...More,,DDInter1798
3,Neuroleptic Malignant Syndrome,The central dopaminergic blocking effects of neuroleptic agents may precipitate or aggravate a potentially fatal symptom complex known as neuroleptic malignant syndrome (NMS).  NMS is observed most fr...More,,DDInter1798
3,Hematologic Diseases,"The use of phenothiazines has been associated with hematologic toxicity, including agranulocytosis, thrombocytopenia, eosinophilia, aplastic anemia, purpura, granulocytopenia, and hemolytic anemia.  M...More",,DDInter1798
2,Seizures,Antipsychotic and neuroleptic drugs can lower the seizure threshold and trigger seizures in a dose-dependent manner.  This risk is greatest in patients with a history of seizures or with conditions th...More,,DDInter1798
2,Anticholinergic Syndrome,"Most neuroleptic agents have anticholinergic activity, to which elderly patients are particularly sensitive.  Clozapine and low- potency agents such as chlorpromazine and thioridazine tend to exhibit ...More",,DDInter1798
2,Dehydration,"Neuroleptic agents may cause hypotension (including orthostatic hypotension) and associated reflex tachycardia, syncope or dizziness, particularly during initiation of therapy or rapid escalation of d...More",,DDInter1798
2,Hyperprolactinemia,"The chronic use of neuroleptic agents can cause persistent elevations in prolactin levels due to antagonism of dopamine D2 receptors.  Based on in vitro data, approximately one-third of human breast c...More",,DDInter1798
No matching records,,,,DDInter1799
2,Heart Diseases,Thyrotropin alfa is known to cause a transient (over 7 to 14 days) but significant rise in serum thyroid hormone concentration when given to patients who have substantial thyroid tissue still in situ ...More,,DDInter1800
2,Diseases requiring dialysis,"The elimination of thyrotropin alfa is significantly slower in dialysis-dependent end stage renal disease (ESRD) patients, resulting in prolonged elevation of TSH levels.",,DDInter1800
3,Liver Diseases,"Tiagabine is extensively metabolized by the liver.  In patients with moderately impaired hepatic function (Child-Pugh Class B), the clearance of unbound tiagabine was reduced by about 60%.  Therapy wi...More",,DDInter1801
2,Depressive Disorder,Antiepileptic drugs (AEDs) have been associated with an increased risk of suicidal thoughts or behavior in patients taking these drugs for any indication.  Pooled analyses of 199 placebo-controlled cl...More,,DDInter1801
3,Hemorrhage,"Ticagrelor is contraindicated in patients with active pathological bleeding, such as peptic ulcer or intracranial hemorrhage.",,DDInter1802
3,Liver Diseases,Ticagrelor is metabolized by the liver.  The use of ticagrelor should be avoided in patients with severe hepatic impairment.  Care should be taken in patients with moderate hepatic impairment and it i...More,,DDInter1802
2,Bradycardia,Ticagrelor can cause ventricular pauses.  Bradyarrhythmias including AV block have been reported in the postmarketing setting.  It is recommended to use care if prescribing this agent to patients with...More,,DDInter1802
2,Dyspnea,"Dyspnea has been reported with the use of ticagrelor.  Care should be taken when prescribing this drug to patients that experienced dyspnea.  If a patient develops new, prolonged, or worsened dyspnea ...More",,DDInter1802
2,Kidney Diseases,"No dosage adjustment is needed in patients with renal impairment.  Patients receiving dialysis have not been studied, close monitoring is recommended.",,DDInter1802
No matching records,,,,DDInter1803
3,Hemorrhagic Disorders,The use of ticlopidine is contraindicated in patients with hemostatic disorders such as vascular defect or coagulation dysfunction or active pathological bleeding such as peptic ulcer disease or intra...More,,DDInter1804
3,Liver Diseases,The use of ticlopidine is contraindicated in patients with severe hepatic impairment.  Ticlopidine is extensively metabolized to inactive forms by the liver.  Therapy with ticlopidine should be admini...More,,DDInter1804
3,Bone Marrow Failure Disorders,The use of ticlopidine is contraindicated in patients with hematopoietic disorders such as neutropenia and/or thrombocytopenia or a past history of thrombotic thrombocytopenic purpura (TTP) or aplasti...More,,DDInter1804
2,Hyperlipidemias,Ticlopidine can induce increases in serum cholesterol and triglycerides.  Serum total cholesterol levels have increased 8% to 10% in some patients within 1 month of initiation of ticlopidine therapy a...More,,DDInter1804
2,Kidney Diseases,"Ticlopidine is primarily eliminated by the kidney, and there is limited experience in patients with renal impairment.  Elevated serum concentration of ticlopidine and prolonged half-live have been not...More",,DDInter1804
3,Colitis,"Clostridioides difficile-associated diarrhea (CDAD), formerly pseudomembranous colitis, has been reported with almost all antibacterial drugs and may range from mild diarrhea to fatal colitis.  The mo...More",,DDInter1805
2,Liver Diseases,"Tigecycline is primarily metabolized by the liver and excreted in the bile as unchanged drug and metabolites.  In a single-dose study of subjects with varying degrees of hepatic impairment, systemic c...More",,DDInter1805
3,Tuberculosis,Do not administer tildrakizumab to patients with active TB infection.  It is recommended to assess patients for tuberculosis (TB) infection before starting treatment with this agent.  Consider anti-TB...More,,DDInter1806
2,Infections,The use of tildrakizumab may increase the risk of infection.  Treatment with tildrakizumab should not be started in patients with active infection until the infection resolves or is adequately treated...More,,DDInter1806
2,Hypersensitivity,"Tilmanocept may pose a risk of hypersensitivity reactions due to its chemical similarity to dextran and modified forms of dextran (such as iron dextran drugs).  Before administering, ask patients abou...More",,DDInter1807
No matching records,,,,DDInter1808
3,Atrioventricular Block,The use of beta-adrenergic receptor blocking agents (aka beta-blockers) is contraindicated in patients with sinus bradyarrhythmia or heart block greater than the first degree (unless a functioning pac...More,,DDInter1809
3,"Shock, Cardiogenic",The use of beta-adrenergic receptor blocking agents (aka beta-blockers) is contraindicated in patients with hypotension or cardiogenic shock.  Due to their negative inotropic and chronotropic effects ...More,,DDInter1809
3,Heart Failure,Beta-adrenergic receptor blocking agents (aka beta-blockers) in general should not be used in patients with overt congestive heart failure (CHF).  Sympathetic stimulation may be important in maintaini...More,,DDInter1809
3,Diabetes Mellitus,"Beta-adrenergic receptor blocking agents (aka beta-blockers) may mask symptoms of hypoglycemia such as tremors, tachycardia and blood pressure changes.  In addition, the nonselective beta-blockers (e....More",,DDInter1809
3,Diseases requiring hemodialysis,"Therapy with beta-adrenergic receptor blocking agents (aka beta-blockers) should be administered cautiously in patients requiring hemodialysis.  When given after dialysis, hemodynamic stability should...More",,DDInter1809
3,Hypersensitivity,The use of beta-adrenergic receptor blocking agents (aka beta-blockers) in patients with a history of allergic reactions or anaphylaxis may be associated with heightened reactivity to culprit allergen...More,,DDInter1809
3,Myocardial Ischemia,"Heightened sensitivity to catecholamines may occur after prolonged use of beta-adrenergic receptor blocking agents (aka beta-blockers).  Exacerbation of angina, myocardial infarction and ventricular a...More",,DDInter1809
3,Peripheral Vascular Diseases,"Due to their negative inotropic and chronotropic effects on the heart, beta-adrenergic receptor blocking agents (aka beta-blockers) reduce cardiac output and may precipitate or aggravate symptoms of a...More",,DDInter1809
3,Asthma,"Some beta-adrenergic receptor blocking agents (i.e., non-cardioselective beta-blockers) are contraindicated in patients with bronchial asthma or with a history of bronchial asthma, or severe chronic o...More",,DDInter1809
3,Liver Diseases,"Timolol is partially metabolized by the liver, and both parent drug and metabolites are eliminated by the kidney.  Patients with renal and/or liver disease may be at greater risk for adverse effects f...More",,DDInter1809
3,Asthma,Ophthalmic beta-adrenergic receptor blocking agents (aka beta-blockers) in general should not be used in patients with a current or past history of bronchial asthma or chronic obstructive pulmonary di...More,,DDInter1810
3,Atrioventricular Block,The use of ophthalmic beta-adrenergic receptor blocking agents (aka beta-blockers) is considered by manufacturers to be contraindicated in patients with sinus bradyarrhythmia or heart block greater th...More,,DDInter1810
3,"Shock, Cardiogenic",The use of ophthalmic beta-adrenergic receptor blocking agents (aka beta-blockers) is considered by manufacturers to be contraindicated in patients with cardiogenic shock.  Topically applied beta-bloc...More,,DDInter1810
3,Heart Failure,The use of ophthalmic beta-adrenergic receptor blocking agents (aka beta-blockers) is considered by manufacturers to be contraindicated in patients with overt congestive heart failure (CHF).  Topicall...More,,DDInter1810
3,Diabetes Mellitus,"Beta-adrenergic receptor blocking agents (aka beta-blockers) may mask symptoms of hypoglycemia such as tremors, tachycardia and blood pressure changes.  In addition, the nonselective beta-blockers (e....More",,DDInter1810
3,Hypersensitivity,"Topically applied beta-adrenergic receptor blocking agents (aka beta-blockers) are systemically absorbed, with the potential for producing clinically significant systemic effects even at low or undete...More",,DDInter1810
3,Hyperthyroidism,"Beta-adrenergic receptor blocking agents (aka beta-blockers) may mask some symptoms of hyperthyroidism such as tachycardia, anxiety, tremor, and heat intolerance.  Abrupt withdrawal of beta-blocker th...More",,DDInter1810
3,Peripheral Vascular Diseases,"Due to their negative inotropic and chronotropic effects on the heart, beta-adrenergic receptor blocking agents (aka beta-blockers) reduce cardiac output and may precipitate or aggravate symptoms of a...More",,DDInter1810
2,Myasthenia Gravis,"Topically applied beta-adrenergic receptor blocking agents (aka beta-blockers) are systemically absorbed, with the potential for producing clinically significant systemic effects even at low or undete...More",,DDInter1810
3,Hematologic Diseases,"The use of nitroimidazoles (e.g., metronidazole, tinidazole) has rarely been associated with hematologic adverse effects such as mild, transient leukopenia, thrombocytopenia, and bone marrow aplasia. ...More",,DDInter1811
3,Neurotoxicity Syndromes,"The use of nitroimidazoles (e.g., metronidazole, tinidazole) has been associated with the development of nervous system toxicity including convulsive seizures and dose-related peripheral neuropathy, t...More",,DDInter1811
2,Alcoholism,"Nitroimidazoles (e.g., metronidazole, tinidazole, fexinidazole, secnidazole) may inhibit alcohol dehydrogenase and occasionally precipitate a disulfiram-like reaction in patients who consume alcohol w...More",,DDInter1811
2,Diseases requiring hemodialysis,"The clearance of tinidazole is significantly increased during hemodialysis; the half-life is reduced from 12 hours to 4.9 hours.  During a 6-hour hemodialysis session, approximately 43% of the amount ...More",,DDInter1811
2,Liver Diseases,There are no data on the pharmacokinetics of tinidazole in patients with liver dysfunction.  Reduced metabolic elimination of metronidazole (a chemically-related nitroimidazole) has been reported in p...More,,DDInter1811
3,Peptic Ulcer,Anticoagulants are contraindicated in patients with active major bleeding or those patients at risk for hemorrhage.  Hemorrhage due to heparin derivatives may be treated with protamine sulfate 1%.  Ho...More,,DDInter1812
3,Hemorrhage,"The use of heparin is contraindicated in patients with uncontrollable active bleeding, except when the bleeding is due to disseminated intravascular coagulation.  Hemorrhage can occur at virtually any...More",,DDInter1812
3,Hypertension,Heparin should be used with extreme caution in patients with uncontrolled or severe hypertension as these conditions may predispose the patient to hemorrhage during heparin administration.  Blood coag...More,,DDInter1812
3,Kidney Diseases,Systemic exposure and the risk of bleeding may be increased when heparin is used in the presence of severe renal impairment.  Therapy with heparin should be administered cautiously in patients with si...More,,DDInter1812
3,Thrombocytopenia,"The use of heparin is contraindicated in patients with severe thrombocytopenia.  Acute thrombocytopenia can occur in patients receiving heparin, with a reported incidence of up to 30%.  Platelet count...More",,DDInter1812
3,Premature Birth,"Some preparations (i.e., multiple-dose vials) of low molecular weight heparin (LMWH) contain benzyl alcohol as a preservative.  Benzyl alcohol in bacteriostatic saline intravascular flush and endotrac...More",,DDInter1812
No matching records,,,,DDInter1813
3,Infections,"Because of their cytotoxic effects on rapidly proliferating tissues, antineoplastic agents frequently can, to varying extent, induce myelosuppression.  The use of these drugs may be contraindicated in...More",,DDInter1814
3,Liver Diseases,"Hepatotoxicity usually presented as hepatic veno-occlusive disease (hyperbilirubinemia, tender hepatomegaly, weight gain due to fluid retention, and ascites) or with signs of portal hypertension (sple...More",,DDInter1814
3,Bone Marrow Failure Disorders,"The most consistent, dose-related toxicity of thioguanine is bone marrow suppression.  This may be manifested by anemia, leukopenia, thrombocytopenia, or any combination of these.  However, any one of...More",,DDInter1814
3,Thiopurine S methyltranferase deficiency,Thioguanine is closely related structurally and functionally to mercaptopurine.  A rare deficiency in the enzyme thiopurine methyltransferase (TMPT) results in an increased sensitivity to the myelosup...More,,DDInter1814
2,Angioedema,Angioedema has been reported during therapy with inhaled anticholinergic agents.  Therapy with these agents should be administered cautiously in patients at risk of developing angioedema and if such r...More,,DDInter1815
2,Anticholinergic Syndrome,"Aclidinium, ipratropium, umeclidinium, and tiotropium are anticholinergic agents.  Although systemic effects are uncommon due to the poor absorption of quaternary ammonium compounds from gastrointesti...More",,DDInter1815
2,Tachycardia,Cases of supraventricular tachycardia and atrial fibrillation have been reported with the use of inhaled anticholinergic agents in patients with COPD/Asthma.  Care and monitoring of cardiac function i...More,,DDInter1815
2,Hepatic Insufficiency,The effects of hepatic impairment on the pharmacokinetics of tiotropium have not been studied.  Caution is recommended when prescribing this agent to patients with impaired liver function.,,DDInter1815
2,Kidney Diseases,Tiotropium is primarily eliminated unchanged by the kidney.  Renal impairment has been associated with increased plasma drug concentrations and reduced drug clearance after both intravenous infusion a...More,,DDInter1815
No matching records,,,,DDInter1816
3,Hemophilia A,"There have been postmarketing reports of increased bleeding, including spontaneous skin hematomas and hemarthrosis, in types A and B hemophiliac patients treated with protease inhibitors.  However, a ...More",,DDInter1817
3,Liver Diseases,The use of tipranavir is contraindicated in patients with moderate to severe (Child-Pugh Class B and C) hepatic impairment.  Tipranavir is primarily metabolized by the liver and may accumulate substan...More,,DDInter1817
2,Hyperglycemia,"New onset diabetes mellitus, exacerbation of preexisting diabetes mellitus, glucose intolerance, hyperglycemia, and some cases of diabetic ketoacidosis have been reported during postmarketing surveill...More",,DDInter1817
2,Hyperlipidemias,Hyperlipidemia has been observed in 10% of patients receiving ritonavir during clinical trials.  Increases of 30% to 40% from baseline have been reported for total cholesterol and 200% to 300% or more...More,,DDInter1817
3,Hemorrhagic Disorders,"The use of gp11b/111a platelet inhibitors is contraindicated in patients with active internal bleeding, recent significant gastrointestinal or genitourinary bleeding (within 6 weeks), recent trauma or...More",,DDInter1818
3,Kidney Diseases,"Tirofiban is primarily eliminated by the kidney.  Approximately 65% of tirofiban is excreted in the urine, largely unchanged.  The serum concentration of tirofiban is significantly increased (>50%) in...More",,DDInter1818
No matching records,,,,DDInter1819
2,Hypertension,Hypertension has been observed in patients treated with naxitamab.  Most hypertensive events occurred on the day of the infusion and may occur up to 9 days after the infusion.  Do not administer this ...More,,DDInter1820
2,Thromboembolism,"Tivozanib can cause cardiac ischemia and arterial thromboembolic events.  It has not been studied in patients who had an arterial thrombotic event, myocardial infarction, or unstable angina within the...More",,DDInter1820
2,Heart Failure,"Tivozanib can cause serious, sometimes fatal, cardiac failure.  Tivozanib has not been studied in patients with symptomatic cardiac failure within the preceding 6 months before drug initiation.  Perio...More",,DDInter1820
2,Hemorrhage,"Tivozanib can cause serious, sometimes fatal, hemorrhagic events.  Hemorrhagic events occurred in 11% of patients treated with tivozanib, including death (0.2%).  Tivozanib has not been studied in pat...More",,DDInter1820
2,Liver Diseases,Reduce the dose of tivozanib in patients with moderate (total bilirubin greater than 1.5 to 3 times ULN with any AST) hepatic impairment.  The dose in patients with severe (total bilirubin greater tha...More,,DDInter1820
2,Kidney Diseases,No dose modification is recommended for patients with mild to severe renal impairment (CrCl 15 to 89 mL/min).  The recommended dose for patients with end-stage renal disease has not been established. ...More,,DDInter1820
2,Thyroid Diseases,"Tivozanib causes thyroid dysfunction.  Caution is advised in patients that already have any thyroid disorder, they should have their disorder treated before initiation and monitored during therapy.",,DDInter1820
2,Venous Thromboembolism,"Tivozanib can cause serious, sometimes fatal, venous thromboembolic events.  Venous thromboembolic events occurred in 2.4% of patients treated with tivozanib, including death (0.3%).  Closely monitor ...More",,DDInter1820
3,Liver Diseases,"Tizanidine may cause hepatocellular injury.  According to the manufacturer, approximately 5% of patients treated with tizanidine in clinical studies had elevations in serum transaminases greater than ...More",,DDInter1821
3,Hypotension,"Tizanidine is a centrally-acting alpha-2 adrenergic agonist with 1/10 to 1/50 the potency of clonidine in lowering blood pressure.  According to the manufacturer, two-thirds of patients in a study giv...More",,DDInter1821
3,Kidney Diseases,The clearance of tizanidine has been shown to reduce by more than 50% in elderly patients with renal impairment (creatinine clearance < 25 mL/min) compared to healthy elderly patients.  Prolonged phar...More,,DDInter1821
2,Psychotic Disorders,"Formed, visual hallucinations or delusions have been reported in 3% of patients treated with tizanidine in two North American controlled clinical studies.  Therapy with tizanidine should be administer...More",,DDInter1821
3,Dehydration,Adequate hydration is crucial to minimize the risk of oto- and nephrotoxicity associated with the use of aminoglycosides.  Dehydration should preferably be corrected prior to initiation of therapy.  I...More,,DDInter1822
3,Neuromuscular Diseases,"Aminoglycosides can cause dose-related neuromuscular blockade and muscle weakness, particularly in patients with neuromuscular disease or hypocalcemia and in patients receiving general anesthetics, ne...More",,DDInter1822
3,Ototoxicity,"Aminoglycosides can cause eighth cranial nerve damage, resulting in vestibular and/or auditory toxicities.  Symptoms include dizziness, nystagmus, vertigo, ataxia, tinnitus, and varying degrees of hea...More",,DDInter1822
3,Kidney Diseases,"Aminoglycosides are potentially oto- and nephrotoxic.  Eighth cranial nerve damage may manifest as vestibular and/or auditory toxicities, including dizziness, nystagmus, vertigo, ataxia, tinnitus, and...More",,DDInter1822
3,Cardiomyopathies,Antiarrhythmic agents can induce severe hypotension (particularly with IV administration) or induce or worsen congestive heart failure (CHF).  Patients with primary cardiomyopathy or inadequately comp...More,,DDInter1823
3,"Arrhythmias, Cardiac","Antiarrhythmic agents can induce or worsen ventricular arrhythmias.  Ventricular tachycardia, ventricular fibrillation, and torsades de pointes have occurred in some patients.  Patients with underlyin...More",,DDInter1823
2,Water-Electrolyte Imbalance,"Electrolyte imbalance can alter the therapeutic effectiveness of antiarrhythmic agents.  Hypokalemia and hypomagnesemia can reduce the effectiveness of antiarrhythmic agents.  In some cases, these dis...More",,DDInter1823
3,Infections,"Serious and sometimes fatal infections due to bacterial, mycobacterial, invasive fungal, viral, or other opportunistic pathogens have been reported in patients receiving tocilizumab; the most common s...More",,DDInter1824
3,Tuberculosis,Tocilizumab should not be given to patients with active tuberculosis (TB) infection.  Patients should be evaluated for TB risk factors and tested for latent infection before starting tocilizumab and d...More,,DDInter1824
2,Demyelinating Diseases,Clinical studies have reported that tocilizumab may have an effect on demyelinating disorders such as multiple sclerosis and chronic inflammatory demyelinating polyneuropathy.  Patients should be moni...More,,DDInter1824
2,Peptic Ulcer Perforation,The use of tocilizumab may cause gastrointestinal (GI) perforation.  Tocilizumab should be used with caution in patients who may be at increased risk for GI perforation.  Patients with new onset abdom...More,,DDInter1824
2,Dyslipidemias,"Tocilizumab treatment was associated with increases in lipid parameters (e.g., total cholesterol, triglycerides, low-density lipoprotein [LDL] cholesterol, and/or high-density lipoprotein [HDL] choles...More",,DDInter1824
2,Liver Diseases,"The safety and efficacy of tocilizumab have not been studied in patients with liver dysfunction, including patients with positive HBV and HCV serology.  Treatment with tocilizumab is not recommended i...More",,DDInter1824
2,Neutropenia,"Tocilizumab treatment was associated with a higher incidence of neutropenia and a reduction in platelet counts.  Tocilizumab should not be started in patients with rheumatoid arthritis (RA), giant cel...More",,DDInter1824
2,Kidney Diseases,Tocilizumab has not been studied in patients with severe renal dysfunction; caution is recommended when using tocilizumab in these patients.  No dose adjustment is required in patients with mild or mo...More,,DDInter1824
3,Cardiovascular Diseases,"In a major safety study of a Janus kinase (JAK) inhibitor, tofacitinib, in rheumatoid arthritis patients 50 years and older with at least 1 cardiovascular risk factor, higher rates of all-cause mortal...More",,DDInter1825
3,Neoplasms,Malignancies (including lymphomas and solid tumors) have been reported in patients treated with tofacitinib and other Janus kinase (JAK) inhibitors used to treat inflammatory conditions; lymphomas and...More,,DDInter1825
3,Thrombosis,"Thrombosis (including deep venous thrombosis, pulmonary embolism, and arterial thrombosis) has occurred in patients treated for inflammatory conditions with Janus kinase (JAK) inhibitors, including ba...More",,DDInter1825
3,Infections,"Serious and sometimes fatal infections due to bacterial, mycobacterial, invasive fungal, viral, or other opportunistic pathogens have been reported in patients receiving tofacitinib.  Use of tofacitin...More",,DDInter1825
3,Tuberculosis,"Use of tofacitinib should be avoided in patients with an active, serious infection.  Patients should be evaluated and tested for latent or active tuberculosis (TB) infection before and per applicable ...More",,DDInter1825
2,"Hepatitis, Viral, Human","Viral reactivation (including cases of herpes virus reactivation [e.g., herpes zoster]) was observed in clinical trials with tofacitinib; postmarketing cases of hepatitis B reactivation have been repo...More",,DDInter1825
2,Pancytopenia,"Adverse hematologic effects including neutropenia, lymphocytosis, and anemia have been associated with the use of tofacitinib.  It is recommended to avoid starting therapy in patients with absolute ly...More",,DDInter1825
2,Diabetes Mellitus,"The use of tofacitinib increases the risk of infections.  As there is a higher incidence of infection in diabetic patients in general, caution is recommended when treating patients with diabetes.",,DDInter1825
2,Intestinal Obstruction,"As with any other nondeformable material, caution is recommended when administering tofacitinib extended-release tablets to patients with preexisting severe gastrointestinal narrowing (pathologic or i...More",,DDInter1825
2,Peptic Ulcer Perforation,"Tofacitinib should be used with caution in patients who may be at increased risk for gastrointestinal perforation (e.g., patients with history of diverticulitis or taking NSAIDs).  Patients presenting...More",,DDInter1825
3,Cardiovascular Diseases,The use of oral hypoglycemic agents may be associated with an increased risk of cardiovascular mortality compared to treatment with diet alone or diet with insulin.  This warning is based on the Unive...More,,DDInter1826
3,Diabetic Ketoacidosis,"The use of some sulfonylurea agents is contraindicated for the treatment of patients with diabetic ketoacidosis, with or without coma.  In addition, these agents should not be used as sole therapy in ...More",,DDInter1826
3,Liver Diseases,"Sulfonylureas are metabolized in the liver, and their metabolites (some with pharmacologic activity) are excreted in the urine and feces.  Patients with impaired liver and/or renal function treated wi...More",,DDInter1826
2,Hypoglycemia,Hypoglycemia may commonly occur during treatment with insulin and/or oral hypoglycemic agents.  Care should be taken in patients who may be particularly susceptible to the development of hypoglycemic ...More,,DDInter1826
2,Glucosephosphate Dehydrogenase Deficiency,Sulfonylureas can cause hemolytic anemia in patients with glucose 6-phosphate dehydrogenase (G6PD) deficiency.  Therapy with these agents should be used with caution in patients with G6PD deficiency a...More,,DDInter1826
2,Hyponatremia,"Treatment with sulfonylureas may cause hyponatremia, in patients who are on other medications or have medical conditions known to cause hyponatremia or increase release of antidiuretic hormone.  The s...More",,DDInter1826
3,Vascular Diseases,The use of tolazoline is contraindicated in patients with coronary artery disease or insufficiency or following a  cerebrovascular accident.  Hypotension due to decreased peripheral vascular resistanc...More,,DDInter1827
2,Acid-Base Imbalance,The therapeutic efficacy of tolazoline in reducing persistent vasoconstriction and  pulmonary hypertension may be pH dependent.  Acidosis may decrease the efficacy of tolazoline.,,DDInter1827
2,Hypersensitivity,"The histamine-releasing properties of tolazoline can stimulate gastric secretion resulting in hypochloremic alkalosis, stress ulcers, and GI bleeding.  Therapy with tolazoline should be administered c...More",,DDInter1827
2,Kidney Diseases,Tolazoline is primarily eliminated by the kidney as unchanged drug.  The serum concentration of tolazoline can be increased in patients with renal impairment.  Therapy with tolazoline should be admini...More,,DDInter1827
3,Cardiovascular Diseases,The use of oral hypoglycemic agents may be associated with an increased risk of cardiovascular mortality compared to treatment with diet alone or diet with insulin.  This warning is based on the Unive...More,,DDInter1828
3,Diabetic Ketoacidosis,"The use of some sulfonylurea agents is contraindicated for the treatment of patients with diabetic ketoacidosis, with or without coma.  In addition, these agents should not be used as sole therapy in ...More",,DDInter1828
3,Liver Diseases,Serious and prolonged hypoglycemia has been reported in patients with severe renal or liver disease following oral administration of tolbutamide.  Diagnostic testing with tolbutamide should be adminis...More,,DDInter1828
2,Hypoglycemia,Hypoglycemia may commonly occur during treatment with insulin and/or oral hypoglycemic agents.  Care should be taken in patients who may be particularly susceptible to the development of hypoglycemic ...More,,DDInter1828
2,Glucosephosphate Dehydrogenase Deficiency,Sulfonylureas can cause hemolytic anemia in patients with glucose 6-phosphate dehydrogenase (G6PD) deficiency.  Therapy with these agents should be used with caution in patients with G6PD deficiency a...More,,DDInter1828
2,Hyponatremia,"Treatment with sulfonylureas may cause hyponatremia, in patients who are on other medications or have medical conditions known to cause hyponatremia or increase release of antidiuretic hormone.  The s...More",,DDInter1828
3,Hypotension,"Dopamine agonists may impair the systemic regulation of blood pressure, with resultant orthostatic hypotension, especially during dose escalation.  Therapy with dopamine agonists should be monitored c...More",,DDInter1829
3,Psychotic Disorders,"Ordinarily, patients with major psychotic disorder should not be treated with dopaminergic antiparkinson agents, because of the risk of exacerbating psychosis.  Hallucinations and psychotic-like behav...More",,DDInter1829
2,Hallucinations,"Reversible hallucinations have occurred (usually within the first 2 weeks of therapy) in patients receiving tolcapone.  Confusion, occasional insomnia, and excessive dreaming commonly accompany the ha...More",,DDInter1829
2,Liver Diseases,"Transaminase (AST/ALT) levels >3 times (occasionally 8 times) the upper limits of normal have occurred in 1% to 3% of patients administered tolcapone, depending on the dosage.  Approximately 1/3 of th...More",,DDInter1829
2,Hypotension,"Tolcapone-enhanced bioavailability of levodopa can induce orthostatic hypotension and/or syncope.   Adjunct therapy with tolcapone should be administered cautiously in patients with, predisposed to, o...More",,DDInter1829
2,Kidney Diseases,Approximately 60% of tolcapone is eliminated by the kidney and < 0.5% is excreted unchanged in the urine.  Dosage modification is not indicated for patients with mild to moderate renal impairment.  Th...More,,DDInter1829
3,Hypokalemia,The use of sodium polystyrene sulfonate is contraindicated in patients with hypokalemia.  Serious potassium deficiency can occur from therapy with sodium polystyrene sulfonate.  Sodium polystyrene sul...More,,DDInter1830
3,Ileus,"The use of sodium polystyrene sulfonate is contraindicated in patients with obstructive bowel disease.  Cases of intestinal necrosis, which may be fatal, and other serious gastrointestinal adverse eve...More",,DDInter1830
3,Edema,The use of sodium polystyrene sulfonate is associated with an elevation in sodium.  Therapy with sodium polystyrene sulfonate should be administered cautiously in patients with conditions that might b...More,,DDInter1830
3,Asthma,"Nonsteroidal anti-inflammatory drugs (NSAIDs) are contraindicated in patients with history of asthma, urticaria, or other allergic-type reactions after taking aspirin or other NSAIDs; severe, sometime...More",,DDInter1831
3,Water-Electrolyte Imbalance,Fluid retention and edema have been reported in association with the use of nonsteroidal anti-inflammatory drugs (NSAIDs).  Therapy with NSAIDs should be administered cautiously in patients with preex...More,,DDInter1831
3,Peptic Ulcer,"Nonsteroidal anti-inflammatory drugs (NSAIDs) can cause serious gastrointestinal (GI) adverse events including inflammation, bleeding, ulceration, and perforation of the esophagus, stomach, small inte...More",,DDInter1831
3,Exanthema,"Nonsteroidal anti-inflammatory drugs (NSAIDs) can cause serious skin adverse reactions (e.g., Stevens-Johnson syndrome, toxic epidermal necrolysis, and exfoliative dermatitis), which can be fatal.  Th...More",,DDInter1831
3,Kidney Diseases,Long-term use of nonsteroidal anti-inflammatory drugs (NSAIDs) has resulted in renal papillary necrosis and other renal injury.  Renal toxicity has been seen in patients in whom renal prostaglandins h...More,,DDInter1831
3,Thrombosis,"Nonsteroidal anti-inflammatory drugs (NSAIDs) cause an increased risk of serious cardiovascular thrombotic events, including myocardial infarction and stroke, which can be fatal.  This risk may occur ...More",,DDInter1831
2,Anemia,"Anemia has been reported in patients treated with nonsteroidal anti-inflammatory drugs (NSAIDs).  This may be due to fluid retention, occult/gross blood loss, or an incompletely described effect on er...More",,DDInter1831
2,Heart Failure,"Fluid retention and edema have been observed in patients treated with nonsteroidal anti-inflammatory drugs (NSAIDs), including some topical formulations.  These drugs should be avoided in patients wit...More",,DDInter1831
2,Liver Diseases,"Borderline elevations of 1 or more liver tests may occur in up to 15% of patients treated with nonsteroidal anti-inflammatory drugs (NSAIDs).  These laboratory abnormalities may progress, remain uncha...More",,DDInter1831
2,Hyperkalemia,"Increases in serum potassium concentration (including hyperkalemia) have been reported with use of nonsteroidal anti-inflammatory drugs (NSAIDs), even in some patients without renal impairment.  In pa...More",,DDInter1831
3,"Glaucoma, Angle-Closure",The use of tolterodine is contraindicated in patients with uncontrolled angle-closure (narrow angle) glaucoma.  Tolterodine exerts anticholinergic activity and can result in increased intraocular pres...More,,DDInter1832
3,Intestinal Obstruction,"The use of tolterodine is contraindicated in patients with GI obstruction, ileus, or obstructive uropathy.  Tolterodine exerts anticholinergic activity by competitive antagonism of muscarinic receptor...More",,DDInter1832
2,Central Nervous System Diseases,"Tolterodine is associated with anticholinergic central nervous system (CNS) effects.  If a patient experiences anticholinergic CNS effects, dose reduction or drug discontinuation should be considered....More",,DDInter1832
2,Liver Diseases,"Tolterodine undergoes biotransformation in the liver of extensive metabolizers to an active metabolite.  Poor metabolizers have a greater concentration of active parent and less active metabolite, how...More",,DDInter1832
2,Myasthenia Gravis,"Tolterodine acts as a competitive antagonist of acetylcholine at postganglionic muscarinic receptors.  Caution is recommended when using this agent in patients with myasthenia gravis, a disease charac...More",,DDInter1832
2,Long QT Syndrome,Tolterodine has been associated with QT prolongation.  The effect on QT interval correlates with plasma concentration of tolterodine.  Caution is recommended when prescribing this agent to patients wi...More,,DDInter1832
2,Kidney Diseases,"The renal elimination of tolterodine and active metabolite is limited and a prolonged half-life is not anticipated in patients with renal impairment.  However, the pharmacokinetic disposition of tolte...More",,DDInter1832
3,Liver Failure,"Tolvaptan can cause serious and potentially fatal liver injury.  Patients with symptoms that indicate liver injury such as fatigue, anorexia, right upper abdominal pain, dark urine or jaundice should ...More",,DDInter1833
3,Kidney Diseases,"There are no clinical trials of tolvaptan in patients with CrCl < 10 mL/min, and because drug effects on serum sodium levels are likely lost at very low levels of renal function, use in these patients...More",,DDInter1833
2,Liver Diseases,"Osmotic demyelination syndrome is a risk associated with overly rapid correction of hyponatremia (> 12 mEq/L/24 hours).  This syndrome can result in dysarthria, mutism, dysphagia, lethargy, affective ...More",,DDInter1833
3,Bone Marrow Failure Disorders,"The use of carbonic anhydrase inhibitors may rarely cause bone marrow suppression and blood dyscrasias at recommended dosages.  Aplastic anemia, thrombocytopenia or thrombocytopenia purpura, leukopeni...More",,DDInter1834
3,Hyperthermia,Oligohidrosis (decreased sweating) and hyperthermia have been reported in association with the use of some carbonic anhydrase inhibitor anticonvulsants such as topiramate and zonisamide.  Most of the ...More,,DDInter1834
3,Liver Failure,The use of carbonic anhydrase inhibitors is contraindicated in patients with marked liver disease or cirrhosis.  Carbonic anhydrase inhibitors increase the risk of developing hepatic encephalopathy in...More,,DDInter1834
2,Depressive Disorder,Antiepileptic drugs (AEDs) have been associated with an increased risk of suicidal thoughts or behavior in patients taking these drugs for any indication.  Pooled analyses of 199 placebo-controlled cl...More,,DDInter1834
2,Kidney Diseases,The major route of elimination of carbonic anhydrase inhibitors is through the kidney.  These drugs should be administered cautiously in patients with reduced renal function and a dose adjustment migh...More,,DDInter1834
2,Acidosis,"Reduced plasma bicarbonate levels and, in some instances, elevated plasma chloride levels may result in metabolic acidosis during long-term therapy with carbonic anhydrase inhibitors.  Therapy with ca...More",,DDInter1834
2,"Glaucoma, Angle-Closure",A syndrome consisting of acute myopia associated with secondary angle closure glaucoma has been reported in patients receiving topiramate.  Symptoms include acute onset of visual acuity and/or ocular ...More,,DDInter1834
2,Diseases requiring hemodialysis,Topiramate is cleared by hemodialysis at a rate that is 4 to 6 times greater than that in a normal individual.  A prolonged period of dialysis may cause plasma topiramate level to fall below that requ...More,,DDInter1834
2,Nephrolithiasis,"The use of topiramate may infrequently be associated with the development of kidney stones.  The reported incidence was 1.5% (32 of 2,086 patients) during premarketing use, which is about 2 to 4 times...More",,DDInter1834
3,Infections,"Because of their cytotoxic effects on rapidly proliferating tissues, antineoplastic agents frequently can, to varying extent, induce myelosuppression.  The use of these drugs may be contraindicated in...More",,DDInter1835
3,Hemorrhagic Disorders,"Topotecan induces myelosuppression.  Severe thrombocytopenia (< 25,000/mm3) has been reported during topotecan therapy.  Patients should be instructed to immediately report any signs or symptoms sugge...More",,DDInter1835
3,Bone Marrow Failure Disorders,"Topotecan induces myelosuppression.  Severe neutropenia (< 500/mm3), severe thrombocytopenia (< 25,000/mm3), and severe anemia (< 8 g/dl) have been reported frequently.  Patients should be instructed ...More",,DDInter1835
3,Kidney Diseases,Topotecan is partially eliminated by the kidney.  Approximately 30% of topotecan is excreted in the urine.  Plasma clearance of topotecan was reduced 33% in patients with mild renal impairment (creati...More,,DDInter1835
2,Diarrhea,Topotecan capsules can cause severe and life-threatening diarrhea that may require hospitalization.  It is recommended to withhold treatment for severe diarrhea.  Manage diarrhea caused by topotecan a...More,,DDInter1835
2,"Lung Diseases, Interstitial","Fatal cases of interstitial lung disease (ILD) have occurred with the use of topotecan.  Risk factors include a history of ILD, pulmonary fibrosis, lung cancer, thoracic radiation, and use of pneumoto...More",,DDInter1835
3,Anuria,The use of loop diuretics is contraindicated in patients with anuria.,,DDInter1836
3,Fibrosis,Loop diuretic therapy should be initiated in the hospital under strict observation in patients with liver cirrhosis and ascites.  Sudden alteration of fluid and electrolyte balance may precipitate hep...More,,DDInter1836
3,Water-Electrolyte Imbalance,"The use of loop diuretics, particularly at high dosages or during chronic therapy, is commonly associated with loss of electrolytes, including potassium, sodium, chloride, magnesium, and calcium.  Pot...More",,DDInter1836
3,Ototoxicity,"Tinnitus and hearing loss, both reversible and permanent, have been reported with the use of loop diuretics.  Ototoxic effects have generally been associated with rapid intravenous or intramuscular in...More",,DDInter1836
3,Kidney Diseases,Impaired effectiveness and possible delayed excretion of loop diuretics may occur in patients with severe renal dysfunction.  These individuals may require high dosages that are associated with an inc...More,,DDInter1836
2,Diabetes Mellitus,"Loop diuretics may cause hyperglycemia, glycosuria, and alterations in glucose tolerance tests.  Rarely, precipitation of diabetes mellitus has been reported.  Therapy with loop diuretics should be ad...More",,DDInter1836
2,Hyperuricemia,Loop diuretics may decrease the rate of uric acid excretion.  Hyperuricemia can occur but is usually asymptomatic and rarely leads to clinical gout except in patients with a history of gout or chronic...More,,DDInter1836
3,Long QT Syndrome,"Toremifene has shown to prolong the QTc interval in a dose and concentration related manner, which can result in Torsade de Pointes (ventricular tachycardia), syncope, seizure, and/or death.  Toremife...More",,DDInter1837
2,Endometrial Hyperplasia,"Endometrial cancer, endometrial hyperplasia, hypertrophy, and uterine polyps have been reported in some patients treated with toremifene.  Long-term use of toremifene has not been established in patie...More",,DDInter1837
2,Liver Diseases,"Hepatotoxicity, hepatitis, and non-alcoholic fatty liver disease have been reported in clinical trials and postmarketing with toremifene.  Liver function tests should be performed periodically.  Cauti...More",,DDInter1837
2,Thromboembolism,Thromboembolic events such as thrombophlebitis and pulmonary embolism have been noted during toremifene therapy.  Patients with an active or past history of thromboembolic events should generally not ...More,,DDInter1837
No matching records,,,,DDInter1838
No matching records,,,,DDInter1839
2,Cardiomyopathies,"Cardiomyopathy including cardiac failure, congestive heart failure, ejection fraction decreased, diastolic dysfunction, or right ventricular dysfunction can occur with the use of trabectedin.  Care sh...More",,DDInter1840
2,Liver Diseases,"Hepatotoxicity, including hepatic failure, can occur with the use of trabectedin.  It is recommended to assess liver function test (LFTs) prior to each administration of trabectedin and as deem approp...More",,DDInter1840
2,Sepsis,"The use of trabectedin has been associated with neutropenic sepsis, including fatal cases.  It is recommended to monitor neutrophil count before each dose of trabectedin and periodically during treatm...More",,DDInter1840
2,Rhabdomyolysis,Rhabdomyolysis and musculoskeletal toxicity can occur with the use of trabectedin.  It is recommended to obtain baseline serum creatine phosphokinase (CPK) and creatinine levels prior to initiating th...More,,DDInter1840
2,"Kidney Failure, Chronic",The use of trabectedin in patients with mild or moderate renal impairment is not expected to cause clinically significant effects on its pharmacokinetics.  No dose adjustment is recommended in patient...More,,DDInter1840
3,Intestinal Obstruction,"Opioid agonists are contraindicated in patients with known or suspected gastrointestinal obstruction, including paralytic ileus.",,DDInter1841
3,Alcoholic Intoxication,"The CNS depressant effects of tramadol may be additive with those of alcohol and may lead to profound sedation, respiratory depression, coma, and death.  Therapy with tramadol should be administered c...More",,DDInter1841
3,Substance-Related Disorders,"Tramadol exposes patients and other users to the risks of addiction, abuse, and misuse.  Each patient's risk should be assessed before prescribing tramadol, and all patients should be monitored regula...More",,DDInter1841
3,Respiratory Insufficiency,"Tramadol is contraindicated in patients with significant respiratory depression.  Serious, life-threatening, or fatal respiratory depression may occur with tramadol.  Patients should be monitored clos...More",,DDInter1841
2,Gastrointestinal Diseases,Tramadol may cause spasm of the sphincter of Oddi.  Opioids may increase serum amylase.  Patients with biliary tract disease (including acute pancreatitis) should be monitored for worsening symptoms.,,DDInter1841
2,Hypoglycemia,"Cases of tramadol-associated hypoglycemia have been reported, some resulting in hospitalization.  In most cases, patients had predisposing risk factors (e.g., diabetes); caution is recommended in thes...More",,DDInter1841
2,Hypotension,"Tramadol may cause severe hypotension (including orthostatic hypotension, syncope) in ambulatory patients.  Risk is increased in patients whose ability to maintain blood pressure has already been comp...More",,DDInter1841
2,Intracranial Hypertension,Opioids may obscure the clinical course in a patient with a head injury.  The use of tramadol should be avoided in patients with impaired consciousness or coma.,,DDInter1841
2,Liver Diseases,"Tramadol is converted by the liver to several metabolites, one of which (referred to as M1) is pharmacologically active and a more potent analgesic than tramadol itself.  The metabolism of both tramad...More",,DDInter1841
2,Kidney Diseases,"Tramadol and its metabolites, one of which (referred to as M1) is pharmacologically active and a more potent analgesic than tramadol itself, are primarily excreted in the urine.  The rate and extent o...More",,DDInter1841
2,Lung Diseases,"The use of certain multikinase inhibitors has been associated with pulmonary toxicity.  Serious cases of interstitial lung disease (ILD), including fatal cases and interstitial pneumonitis or pulmonar...More",,DDInter1842
2,Cardiomyopathies,"Cardiomyopathy, including cardiac failure may occur with the use of trametinib.  It is recommended that all patients undergo a cardiovascular evaluation including echocardiogram at baseline to documen...More",,DDInter1842
2,Peptic Ulcer Perforation,"Colitis and gastrointestinal perforation, sometimes with fatal outcomes can occur with the use of trametinib.  Care and close monitoring is recommended with using this agent in patients with gastroint...More",,DDInter1842
2,Hemorrhage,"The use of trametinib may increase the incidence of hemorrhagic events, including major hemorrhages defined as symptomatic bleeding in a critical area or organ.  It is recommended to discontinue the u...More",,DDInter1842
2,Hepatic Insufficiency,"Based on a population pharmacokinetic analysis of trametinib, no dose adjustment is recommended in patients with mild hepatic impairment.  There are no data on the pharmacokinetics of trametinib in pa...More",,DDInter1842
2,Hyperglycemia,The use of trametinib may cause hyperglycemia.  It is recommended to monitor serum glucose levels upon initiation of therapy and as clinically appropriate in patients with preexisting diabetes or hype...More,,DDInter1842
2,Toxic Optic Neuropathy,"Ocular toxicities, including retinal vein occlusion (RVO), retinal pigment epithelial detachment (RPED) have been reported with the use of trametinib.  It is recommended to perform ophthalmological ev...More",,DDInter1842
2,Kidney Diseases,"Based on a population pharmacokinetic analysis of trametinib, no dose adjustment is recommended in patients with mild or moderate renal impairment.  There are no data on the pharmacokinetics of tramet...More",,DDInter1842
2,Venous Thromboembolism,Venous thromboembolism can occur with trametinib.  It is recommended to permanently discontinue the use of trametinib for life threatening pulmonary embolism and to withhold therapy for uncomplicated ...More,,DDInter1842
3,Angioedema,The use of these agents is contraindicated in patients with hereditary angioedema or a history of idiopathic angioedema.  Patients with a history of angioedema unrelated to ACE inhibitors may be at in...More,,DDInter1843
3,Bone Marrow Failure Disorders,"ACE inhibitors may cause bone marrow suppression, rarely in uncomplicated individuals but more frequently in patients with renal impairment, especially if they also have a collagen-vascular disease su...More",,DDInter1843
3,Heart Failure,"ACE inhibitors can cause marked renal impairment in patients whose renal function depends on the activity of the renin-angiotensin-aldosterone system.  In addition, symptomatic and sometimes excessive...More",,DDInter1843
3,Diseases requiring hemodialysis,Anaphylactoid reactions have been reported in patients undergoing hemodialysis with high-flux polyacrylonitrile membranes and treated concomitantly with an ACE inhibitor.  The frequency and mechanism ...More,,DDInter1843
3,Hyperkalemia,"In patients with hyperkalemia, especially those associated with impaired renal function or congestive heart failure, ACE inhibitors may further raise serum potassium levels.  Therapy with ACE inhibito...More",,DDInter1843
3,Hypotension,"ACE inhibitors can cause symptomatic hypotension, most often during the initiation of therapy and in patients who are volume- and/or sodium-depleted or treated for congestive heart failure (CHF).  The...More",,DDInter1843
3,Fibrosis,"The clearance of trandolapril and its active metabolite, trandolaprilat, may be decreased in patients with hepatic cirrhosis.  Following oral administration in patients with mild to moderate alcoholic...More",,DDInter1843
2,Liver Diseases,"Rarely, elevations of liver enzymes and/or serum bilirubin have occurred with the use of ACE inhibitors.  Patients receiving ACE inhibitors who develop jaundice or marked elevations of hepatic enzymes...More",,DDInter1843
2,Kidney Diseases,"With the exception of fosinopril, ACE inhibitors (and/or their active metabolites in some cases) are primarily eliminated by the kidney and may accumulate in patients with renal impairment.  ACE inhib...More",,DDInter1843
3,Disseminated Intravascular Coagulation,The use of tranexamic acid is contraindicated in patients with active intravascular clotting.,,DDInter1844
3,Subarachnoid Hemorrhage,The use of tranexamic acid is contraindicated in patients with subarachnoid hemorrhage.  Cerebral edema and infarction can occur in patients with subarachnoid hemorrhage.,,DDInter1844
2,Color Vision Defects,Tranexamic acid should be used with caution in patients with acquired defective color vision or visual disturbances.  Poorly characterized visual abnormalities have been reported in patients during tr...More,,DDInter1844
2,Seizures,"Convulsions have been reported in association with tranexamic acid treatment, particularly in patients receiving tranexamic acid during cardiovascular surgery and in patients inadvertently given trane...More",,DDInter1844
2,Kidney Diseases,Tranexamic acid is primarily eliminated by the kidney.  Approximately 95% of tranexamic acid is excreted in the urine unchanged.  The serum concentration of tranexamic acid is increased and the elimin...More,,DDInter1844
3,Cerebrovascular Disorders,"The use of monoamine oxidase inhibitor (MAOI) antidepressants is contraindicated in patients with cerebrovascular or cardiovascular disease, including hypertension and congestive heart failure.  Nonsp...More",,DDInter1845
3,Malignant Carcinoid Syndrome,"The use of nonspecific monoamine oxidase inhibitors (MAOIs) is contraindicated in patients with carcinoid syndrome.  Nonspecific MAOIs inhibit the breakdown of pressor amines, including serotonin, and...More",,DDInter1845
3,Headache,"The use of monoamine oxidase inhibitor (MAOI) antidepressants is contraindicated in patients with a history of headaches.  Nonspecific MAOIs inhibit the breakdown of pressor amines, the accumulation o...More",,DDInter1845
3,Hyperthyroidism,"Nonspecific monoamine oxidase inhibitors (MAOIs) inhibit the breakdown of pressor amines, the accumulation of which can precipitate hypertensive crises.  Intracranial hemorrhage and death have resulte...More",,DDInter1845
3,Liver Diseases,The use of monoamine oxidase inhibitor (MAOI) antidepressants is contraindicated in patients with abnormal liver function tests or a history of liver disease.  A low incidence of altered liver functio...More,,DDInter1845
3,Pheochromocytoma,"The use of nonspecific monoamine oxidase inhibitors (MAOIs) is contraindicated in patients with pheochromocytoma or other tumors of the adrenal medulla, such as some neuroblastomas, that secrete press...More",,DDInter1845
3,Kidney Diseases,The use of monoamine oxidase inhibitor (MAOI) antidepressants is contraindicated in patients with severe renal dysfunction.  These drugs may accumulate in plasma when renal function is impaired.,,DDInter1845
3,Alcoholism,The use of monoamine oxidase inhibitors with alcohol or any other CNS depressants is contraindicated.,,DDInter1845
3,Depressive Disorder,Adult and pediatric patients with depression and other psychiatric disorders may experience worsening of their symptoms and may have the emergence of suicidal thoughts and behavior.  Patients should b...More,,DDInter1845
3,Cardiovascular disease,"The use of most monoamine oxidase inhibitors (MAOIs) is contraindicated in patients with diagnosed cardiovascular disease, hypertension, or confirmed or suspected cerebrovascular disorders.  These dru...More",,DDInter1845
No matching records,,,,DDInter1846
No matching records,,,,DDInter1847
3,Liver Diseases,"Serious hepatotoxicity, predominantly in the form of asymptomatic, transient increases in the concentrations of serum transaminases including liver failure and death has been reported in patients trea...More",,DDInter1848
3,Lung Diseases,"Pulmonary toxicity, sometimes fatal has been reported with agents that block HER2 activity.  Pulmonary toxicity includes dyspnea, interstitial pneumonitis, pulmonary infiltrates, pleural effusions, no...More",,DDInter1848
2,Heart Failure,"Decreases in left ventricular ejection fraction (LVEF) have been reported with agents that block HER2 activity.  Patients who have received prior anthracyclines, those who received anthracycline after...More",,DDInter1848
2,Peripheral Nervous System Diseases,"Peripheral neuropathy has been reported with the use of agents that block HER2 activity.  Patients experiencing peripheral neuropathy may require temporary interruption, dose reduction, or treatment d...More",,DDInter1848
2,Thrombocytopenia,Thrombocytopenia has been reported with the use of agents that block HER2 activity.  Monitor platelet counts prior to initiation of therapy and prior to each dose.  If appropriate modify the dose acco...More,,DDInter1848
No matching records,,,,DDInter1849
2,Macular Edema,"Macular edema, including cystoid macular edema, has been reported during treatment with ophthalmic prostaglandin analogues.  Most cases occurred in patients with aphakia, pseudophakia with a torn post...More",,DDInter1850
2,Uveitis,"Bimatoprost, latanoprost, and travoprost are synthetic prostaglandin analogues.  Theoretically, these agents may mimic endogenous prostaglandins and mediate ocular inflammatory responses.  In clinical...More",,DDInter1850
2,Liver Diseases,"Prostaglandin F2-alpha analogues are hydrolyzed by esterases in the cornea to their corresponding active free acid form, which is absorbed systemically and metabolized by the liver via fatty acid beta...More",,DDInter1850
2,"Glaucoma, Angle-Closure",Some antidepressants exert mydriatic activity that can induce increased intraocular pressure and result in angle-closure (narrow-angle) glaucoma in a patient with anatomically narrow angles who does n...More,,DDInter1851
2,Mania,"All antidepressants may occasionally cause mania or hypomania, particularly in patients with bipolar disorder.  Therapy with antidepressants should be administered cautiously in patients with a histor...More",,DDInter1851
2,Seizures,"The use of most antidepressants is associated with a risk of seizures.  There have been only rare reports of convulsions, including grand mal seizures, following the administration of nefazodone or tr...More",,DDInter1851
2,Depressive Disorder,"Adults, young adults and children patients with depression and other psychiatric disorders may experience worsening of their symptoms and may have the emergence of suicidal thoughts and behavior.  Pat...More",,DDInter1851
2,Cardiovascular Diseases,"Although less cardiotoxic than the tricyclic antidepressants, trazodone may be arrhythmogenic in some patients with cardiac disease.  The use of trazodone has been associated with the occurrence of ar...More",,DDInter1851
2,Hyponatremia,"Treatment with trazodone may cause hyponatremia, in many cases secondary to development of the syndrome of inappropriate secretion of antidiuretic hormone (SIADH).  Caution should be used when treatin...More",,DDInter1851
2,Hypotension,Trazodone has alpha-1 adrenergic blocking activity and may cause hypotension (including orthostatic hypotension) in approximately 5% of patients.  Therapy with trazodone should be administered cautiou...More,,DDInter1851
2,Liver Diseases,"Trazodone undergoes metabolism in the liver.  The metabolites, at least one of which is pharmacologically active, are excreted by the kidney.  There are no data available concerning the pharmacokineti...More",,DDInter1851
3,Hepatic Insufficiency,The use of the extended-release tablet formulation of treprostinil is contraindicated in patients with severe hepatic impairment (Child Pugh Class C).  There is a marked increase in the systemic expos...More,,DDInter1852
2,Hemorrhage,Treprostinil injection inhibits platelet aggregation and increases the risk of bleeding.  Close monitoring is recommended when using this agent in patients with bleeding disorders.,,DDInter1852
2,Diverticulum,"The tablet shell of the manufactured form of treprostinil, Orenitram does not dissolve and can lodge in the diverticulum of patients with diverticulosis.  Care should be exercised when using this drug...More",,DDInter1852
2,Hypotension,"Treprostinil is a pulmonary and systemic vasodilator.  In patients with low systemic arterial pressure, treatment with treprostinil injection may produce symptomatic hypotension.  Care should be exerc...More",,DDInter1852
2,Liver Diseases,"Severe hepatic impairment (Child Pugh Class C) is a contraindication in patients taking the oral presentation of treprostinil.  Treprostinil is substantially metabolized by the liver, primarily by CYP...More",,DDInter1852
2,Pneumonia,The efficacy of treprostinil inhalant has not been established in patients with significant underlying lung disease.  Patients with acute pulmonary infections should be carefully monitored to detect a...More,,DDInter1852
2,Kidney Diseases,"Treprostinil and its metabolites are excreted mainly through the urinary route.  It is recommended to titrate treprostinil injection slowly in patients with renal insufficiency, because such patients ...More",,DDInter1852
3,Liver Diseases,"Elevated liver enzymes have been reported in 50% to 60% of patients administered tretinoin.  These abnormalities are usually reversible, however, patients with hepatic impairment may be at increased r...More",,DDInter1853
2,Hyperlipidemias,A reversible elevation of cholesterol and/or triglycerides has been reported in up to 60% of patients administered tretinoin.  Venous thrombosis and myocardial infarction have occurred in patients at ...More,,DDInter1853
3,Eczema,Topical retinoids may cause severe irritation on eczematous skin.  Therapy with topical retinoids should be avoided on abraded or eczematous skin.,,DDInter1854
2,Sunburn,"Retinoid-like products can cause extreme irritation when applied to sunburned skin.  Patients with sunburn should be cautioned not to use retinoid-like acne products until fully recovered, and to avoi...More",,DDInter1854
3,Infections,"The immunosuppressant and anti-inflammatory effects of corticosteroids, particularly in higher dosages, may decrease host resistance to infectious agents, decrease the ability to localize infections, ...More",,DDInter1855
3,Premature Birth,"The use of certain parenteral formulations of dexamethasone, hydrocortisone, methylprednisolone, prednisolone and triamcinolone is considered by the drug manufacturers to be contraindicated in neonate...More",,DDInter1855
2,Latent Tuberculosis,"In patients with latent tuberculosis or tuberculin reactivity, the use of pharmacologic dosages of corticosteroids may cause a reactivation of the disease.  Close monitoring for signs and symptoms of ...More",,DDInter1855
2,Fibrosis,Corticosteroids may have enhanced effects on patients with cirrhosis due to decreased metabolism of these agents.  Patients with cirrhosis should be monitored more closely for excessive cortisol effec...More,,DDInter1855
2,Psychotic Disorders,Corticosteroids may aggravate the symptoms of psychosis and emotional instability.  Patients with these conditions should be monitored for increased or worsened symptoms during corticosteroid therapy.,,DDInter1855
2,Diabetes Mellitus,"Corticosteroids can raise blood glucose level by antagonizing the action and suppressing the secretion of insulin, which results in inhibition of peripheral glucose uptake and increased gluconeogenesi...More",,DDInter1855
2,Water-Electrolyte Imbalance,"Corticosteroids can cause hypernatremia, hypokalemia, and fluid retention.  These mineralocorticoid effects are most significant with fludrocortisone, followed by hydrocortisone and cortisone, then by...More",,DDInter1855
2,Water-Electrolyte Imbalance,"Corticosteroids may cause hypernatremia, hypokalemia, fluid retention, and elevation in blood pressure.  These mineralocorticoid effects are most significant with fludrocortisone, followed by hydrocor...More",,DDInter1855
2,Peptic Ulcer Perforation,"Corticosteroids may cause gastrointestinal perforation and hemorrhage, usually when given in high dosages or for prolonged periods.  They may also mask symptoms of complications such as peritonitis or...More",,DDInter1855
2,Cushing Syndrome,Corticosteroids mimic the effects of endogenous cortisol and aldosterone.  Use of these agents may aggravate conditions of hyperadrenocorticalism in a dose-dependent manner.,,DDInter1855
2,Adrenocortical Hyperfunction,The use of inhaled and nasal corticosteroids may rarely precipitate or aggravate conditions of hyperadrenocorticism.  Although adverse effects of corticosteroids may be minimized by local rather than ...More,,DDInter1856
2,Infections,"The immunosuppressant and anti-inflammatory effects of corticosteroids, particularly in higher dosages, may decrease host resistance to infectious agents, decrease the ability to localize infections, ...More",,DDInter1856
2,"Keratitis, Herpetic",Pharmacologic dosages of corticosteroids may increase the risk of corneal perforation in patients with ocular herpes simplex.  Therapy with inhaled and nasal corticosteroids should be administered cau...More,,DDInter1856
2,Toxic Optic Neuropathy,"Prolonged use of corticosteroids may cause posterior subcapsular cataracts and elevated intraocular pressure, the latter of which may lead to glaucoma and/or damage to the optic nerves.  Therapy with ...More",,DDInter1856
No matching records,,,,DDInter1857
No matching records,,,,DDInter1858
3,Acidosis,"Acidosis alters the ratio of extracellular to intracellular potassium and may commonly lead to rapid increases in serum potassium levels.  Conversely, high serum potassium concentrations may potentiat...More",,DDInter1859
3,Diabetes Mellitus,"Potassium-sparing diuretics can cause hyperkalemia, which may result in life-threatening cardiac arrhythmias.  Patients with diabetes mellitus, with or without nephropathy, may be particularly suscept...More",,DDInter1859
3,Water-Electrolyte Imbalance,"All diuretics may cause or aggravate fluid and electrolyte disturbances.  Potassium-sparing diuretics may cause hyperkalemia and, infrequently, hyponatremia.  The latter generally occurs when these ag...More",,DDInter1859
3,Hyperkalemia,"The use of potassium-sparing diuretics is contraindicated in the presence of elevated serum potassium concentrations (> 5.5 mEq/L).  Potassium-sparing diuretics can cause hyperkalemia, which may resul...More",,DDInter1859
3,Liver Diseases,"Rapid alterations in fluid and electrolyte balance may precipitate hepatic coma in patients with liver disease.  Hepatic encephalopathy has been associated with the use of diuretics, most frequently t...More",,DDInter1859
3,Kidney Diseases,"The use of potassium-sparing diuretics is contraindicated in patients with anuria, acute or progressive renal insufficiency, or diabetic nephropathy.  Potassium-sparing diuretics can cause hyperkalemi...More",,DDInter1859
3,Nephrolithiasis,Triamterene and its metabolites have been reported in renal stones in association with other calculus components.  Therapy with triamterene should be administered cautiously in patients with a history...More,,DDInter1859
2,Hyperuricemia,Potassium-sparing diuretics have been reported to elevate serum uric acid levels.  Therapy with these agents should be administered cautiously in patients with a history of gout.,,DDInter1859
2,"Anemia, Megaloblastic",Triamterene is a weak folate antagonist and may contribute to megaloblastic anemia in cases where folic acid stores have been depleted.  Therapy with triamterene should be administered cautiously in p...More,,DDInter1859
3,Alcoholic Intoxication,The use of benzodiazepines with alcohol is not recommended.  Patients with acute alcohol intoxication exhibit depressed vital signs.  The central nervous system depressant effects of benzodiazepines m...More,,DDInter1860
3,"Glaucoma, Angle-Closure",The manufacturers consider the use of benzodiazepines to be contraindicated in patients with acute angle-closure glaucoma or untreated open-angle glaucoma.  These agents do not possess anticholinergic...More,,DDInter1860
3,Substance-Related Disorders,"Benzodiazepines have the potential to cause dependence and abuse.  Tolerance as well as physical and psychological dependence can develop, particularly after prolonged use and/or excessive dosages.  H...More",,DDInter1860
3,Liver Diseases,"Benzodiazepines are metabolized by the liver, and the metabolites are excreted in the urine.  Chlordiazepoxide, clorazepate, diazepam, flurazepam and quazepam undergo oxidative N-dealkylation to activ...More",,DDInter1860
3,Respiratory Insufficiency,"Benzodiazepines may cause respiratory depression and apnea, usually when given in high dosages and/or by intravenous administration.  However, some patients may be susceptible at commonly used dosages...More",,DDInter1860
3,Seizures,The use of benzodiazepines in patients with seizure disorders may increase the incidence or precipitate the onset of generalized tonic-clonic seizures (grand mal).  Appropriate anticonvulsant medicati...More,,DDInter1860
2,Depressive Disorder,Benzodiazepines depress the central nervous system and may cause or exacerbate mental depression and cause suicidal behavior and ideation.  Episodes of mania and hypomania have also been reported in d...More,,DDInter1860
2,Obesity,"The plasma half-lives of benzodiazepines may be prolonged in obese patients, presumably due to increased distribution into fat.  Marked increases in distribution (> 100%) have been reported for diazep...More",,DDInter1860
2,Psychotic Disorders,"Paradoxical reactions, including excitability, irritability, aggressive behavior, agitation, nervousness, hostility, anxiety, sleep disturbances, nightmares and vivid dreams, have been reported with t...More",,DDInter1860
No matching records,,,,DDInter1861
No matching records,,,,DDInter1862
No matching records,,,,DDInter1863
3,"Anemia, Iron-Deficiency",The use of trientine has been associated with exacerbating iron deficiency.  Therapy with trientine should be administered cautiously in patients with iron deficiency.  If iron supplements are adminis...More,,DDInter1864
No matching records,,,,DDInter1865
3,Dementia,"Older patients with dementia-related psychosis treated with antipsychotic drugs are at an increased risk of death; although the causes were varied, most of the deaths appeared to be either cardiovascu...More",,DDInter1866
3,Alcoholic Intoxication,The use of phenothiazines is contraindicated in patients with acute alcohol intoxication exhibiting depressed vital signs.  The central nervous system depressant effects of phenothiazines may be addit...More,,DDInter1866
3,Cardiovascular Diseases,"Phenothiazines may cause hypotension (including orthostatic hypotension), reflex tachycardia, increased pulse rate, syncope, and dizziness, particularly after the first parenteral dose but rarely afte...More",,DDInter1866
3,Respiratory Insufficiency,The use of phenothiazines is contraindicated in comatose patients and patients with severe central nervous system depression.  Phenothiazines may potentiate the CNS and respiratory depression in these...More,,DDInter1866
3,Craniocerebral Trauma,"The use of phenothiazines is contraindicated in patients with suspected or established subcortical brain damage, with or without hypothalamic involvement.  Phenothiazines can interfere with thermoregu...More",,DDInter1866
3,Hepatic Insufficiency,The manufacturer considers the use of trifluoperazine to be contraindicated in patients with preexisting liver damage.  Phenothiazines are extensively metabolized by the liver and may accumulate in pa...More,,DDInter1866
2,Anticholinergic Syndrome,"Phenothiazines have anticholinergic activity, to which elderly patients are particularly sensitive.  Low-potency agents such as chlorpromazine and thioridazine tend to exhibit greater anticholinergic ...More",,DDInter1866
2,Breast Neoplasms,"The chronic use of phenothiazines is associated with persistent elevations in prolactin levels.  Based on in vitro data, approximately one-third of human breast cancers are thought to be prolactin-dep...More",,DDInter1866
2,Dystonic Disorders,"Phenothiazines may cause acute, dose-related dystonic reactions secondary to central dopaminergic blockade.  These reactions are characterized by spastic contraction of discrete muscle groups and may ...More",,DDInter1866
2,Hematologic Diseases,"Phenothiazines may infrequently cause hematologic toxicity, including agranulocytosis, thrombocytopenia, eosinophilia, aplastic anemia, purpura, granulocytopenia, and hemolytic anemia.  Mild leukopeni...More",,DDInter1866
No matching records,,,,DDInter1867
No matching records,,,,DDInter1868
2,Exocrine Pancreatic Insufficiency,Avoid the administration of triheptanoin in patients with pancreatic insufficiency as reduced absorption will lead to insufficient supplementation.,,DDInter1869
3,"Arrhythmias, Cardiac","Patients with tachycardia should be supervised closely during treatment with anticholinergic agents.  Tachycardia is produced by blocking normal vagal inhibition of the SA node.  Paradoxically, bradyc...More",,DDInter1870
3,Diabetic Neuropathies,"Agents with anticholinergic activity can exacerbate many of the manifestations of autonomic neuropathy, including tachycardia, anhidrosis, bladder atony, obstipation, dry mouth and eyes, cycloplegia a...More",,DDInter1870
3,Intestinal Obstruction,"Anticholinergics are contraindicated in patients with obstructive diseases such as achalasia, esophageal stricture or stenosis, pyloroduodenal stenosis, stenosing peptic ulcer, pyloric obstruction, an...More",,DDInter1870
3,Glaucoma,"Anticholinergic agents are contraindicated in patients with primary glaucoma, a tendency toward glaucoma (narrow anterior chamber angle), or adhesions (synechiae) between the iris and lens, as well as...More",,DDInter1870
3,Urinary Bladder Neck Obstruction,"In general, the use of anticholinergic agents is contraindicated in patients with urinary retention and bladder neck obstruction caused by prostatic hypertrophy.  Dysuria may occur and may require cat...More",,DDInter1870
3,Tardive Dyskinesia,"Anticholinergic agents and agents with secondary anticholinergic activity may aggravate tardive dyskinesia or induce previously suppressed symptoms.  Therapy with these agents should be avoided, if po...More",,DDInter1870
3,Dysentery,"The use of drugs with antiperistaltic activity (primarily antidiarrheal and antimuscarinic agents, but also antispasmodic agents such as dicyclomine or oxybutynin at high dosages) is contraindicated i...More",,DDInter1870
2,Psychotic Disorders,"Toxic psychosis manifested as confusion, disorientation, agitation, excitation, memory impairment, delusions and hallucinations may develop at toxic and therapeutic dosages of antimuscarinic agents.  ...More",,DDInter1870
1,Hypertension,Cardiovascular effects of anticholinergics may exacerbate hypertension.  Therapy with anticholinergic agents should be administered cautiously in patients with hypertension.,,DDInter1870
1,Fever,Atropine-like agents may increase the risk of hyperthermia in patients with fever by producing anhidrosis.  Therapy with atropine-like agents should be administered cautiously in febrile patients.,,DDInter1870
3,Hematologic Diseases,"Hematologic toxicities have been associated with the use of oxazolidinedione anticonvulsants.  Fatal aplastic anemia, hypoplastic anemia, pancytopenia, agranulocytosis, leukopenia, neutropenia, thromb...More",,DDInter1871
3,Vision Disorders,"Hemeralopia has occurred with the use of oxazolidinedione anticonvulsants, probably as a result of the drugs' effects on the neural layers of the retina.  The condition may be reversed by a reduction ...More",,DDInter1871
3,Liver Diseases,"Hepatitis has been associated rarely with the use of oxazolidinedione anticonvulsants.  In addition, these agents are primarily metabolized by the liver and may accumulate in the presence of liver dis...More",,DDInter1871
3,Exanthema,Potentially serious reactions to oxazolidinedione anticonvulsants such as exfoliative dermatitis and severe forms of erythema multiforme have been reported.  Therapy with oxazolidinediones should be a...More,,DDInter1871
3,Kidney Diseases,"Fatal nephrosis has been associated with the use of oxazolidinedione anticonvulsants.  In addition, the active metabolites of these agents are excreted slowly by the kidney and may accumulate in the p...More",,DDInter1871
2,Depressive Disorder,Antiepileptic drugs (AEDs) have been associated with an increased risk of suicidal thoughts or behavior in patients taking these drugs for any indication.  Pooled analyses of 199 placebo-controlled cl...More,,DDInter1871
2,Myasthenia Gravis,A myasthenia gravis-like syndrome has been associated with the chronic use of oxazolidinedione anticonvulsants.  Therapy with oxazolidinediones should be administered cautiously in patients with myast...More,,DDInter1871
2,"Lupus Erythematosus, Systemic",Manifestations of systemic lupus erythematosus (SLE) have been associated with the use of oxazolidinedione anticonvulsants.  Therapy with oxazolidinediones should be administered cautiously in patient...More,,DDInter1871
No matching records,,,,DDInter1872
3,Reye Syndrome,The use of trimethobenzamide should be avoided in children and adolescents whose signs and symptoms suggest Reye's syndrome.  The extrapyramidal symptoms which can occur secondary to trimethobenzamide...More,,DDInter1873
2,Parkinsonian Disorders,"The use of trimethobenzamide has been associated with pseudo- parkinsonian reactions including mask- like faces, drooling, cogwheel rigidity, and shuffling gait.  Therapy with trimethobenzamide should...More",,DDInter1873
2,Kidney Diseases,"Trimethobenzamide is mostly eliminated by the kidneys and a dosage adjustment should be considered in patients with reduced renal function (creatinine clearance <= 70 mL/min), including some elderly p...More",,DDInter1873
No matching records,,,,DDInter1875
3,Anticholinergic Syndrome,"Tricyclic and tetracyclic antidepressants (TCAs) have anticholinergic activity, to which elderly patients are particularly sensitive.  Tertiary amines such as amitriptyline and trimipramine tend to ex...More",,DDInter1876
3,Cardiovascular Diseases,"Tricyclic and tetracyclic antidepressants (TCAs) may cause orthostatic hypotension, reflex tachycardia, syncope, and dizziness, particularly during initiation of therapy or rapid escalation of dosage....More",,DDInter1876
3,Pheochromocytoma,Tricyclic and tetracyclic antidepressants (TCAs) may potentiate the effects of circulating catecholamines.  Enhanced sympathetic activity can provoke hypertensive crises in patients with pheochromocyt...More,,DDInter1876
3,Acute Myocardial Infarction Recovery,The use of most tricyclic antidepressants is contraindicated in patients that are going through the acute recovery period after a myocardial infarction.,,DDInter1876
3,Depressive Disorder,Adult and pediatric patients with depression may experience worsening of their symptoms and may have the emergence of suicidal thoughts and behavior.  Patients should be monitored appropriately and ob...More,,DDInter1876
3,Epilepsy,"Tricyclic antidepressants (TCAs), can lower the seizure threshold and trigger seizures.  These drugs should be used with extreme caution in patients with a history of seizures, or other predisposing f...More",,DDInter1876
2,Bone Marrow Failure Disorders,"The use of tricyclic and tetracyclic antidepressants (TCAs) has rarely been associated with bone marrow suppression.  Leukopenia, agranulocytosis, thrombocytopenia, anemia, eosinophilia, purpura, and ...More",,DDInter1876
2,Diabetes Mellitus,"Both elevation and lowering of blood sugar levels have been reported with the use of some tricyclic antidepressants (TCAs).  Rarely, these effects have also occurred with maprotiline, a tetracyclic an...More",,DDInter1876
2,Liver Diseases,"Tricyclic and tetracyclic antidepressants (TCAs) are known to undergo metabolism in the liver.  Some of the metabolites, such as those of imipramine, clomipramine and desipramine, may be pharmacologic...More",,DDInter1876
2,Schizophrenia,"Tricyclic antidepressants (TCAs) may aggravate symptoms of psychosis in schizophrenic patients, particularly those with paranoid symptomatology.  Depressed patients, usually those with bipolar disorde...More",,DDInter1876
3,Photosensitivity Disorders,"The use of trioxsalen is contraindicated in patients with disease states associated with photosensitivity, such as porphyria, acute lupus erythematosus, or leukoderma of infectious origin.  Trioxsalen...More",,DDInter1877
No matching records,,,,DDInter1878
2,Anticholinergic Syndrome,"Antihistamines often have anticholinergic activity, to which elderly patients are particularly sensitive.  Therapy with antihistamines should be administered cautiously, if at all, in patients with pr...More",,DDInter1879
2,Asthma,"It has been suggested that the anticholinergic effect of antihistamines may reduce the volume and cause thickening of bronchial secretions, resulting in obstruction of respiratory tract.  Some manufac...More",,DDInter1879
2,Cardiovascular Diseases,"Antihistamines may infrequently cause cardiovascular adverse effects related to their anticholinergic and local anesthetic (quinidine-like) activities.  Tachycardia, palpitation, ECG changes, arrhythm...More",,DDInter1879
2,Liver Diseases,"Limited pharmacokinetic data are available for the older, first-generation antihistamines.  Many appear to be primarily metabolized by the liver, and both parent drugs and metabolites are excreted in ...More",,DDInter1879
2,Cardiovascular Diseases,"Increased risk of developing myocardial infarction, sudden cardiac death and stroke has been reported in association with the use of GnRH agonists such as leuprolide, and triptorelin.  Cardiovascular ...More",,DDInter1880
2,Diabetes Mellitus,Hyperglycemia and an increased risk of developing diabetes have been reported in men receiving GnRH agonists such as leuprolide and triptorelin.  Caution is advised in patients with diabetes as treatm...More,,DDInter1880
2,Long QT Syndrome,"Androgen deprivation therapy may prolong the QT/QTc interval.  Health care providers should consider if benefits of therapy outweigh the potential risks in patients with congenital long QT syndrome, c...More",,DDInter1880
2,Liver Failure,Clinical trials with triptorelin showed that subjects with renal or liver impairment had 2- to 4-fold higher exposure (AUC values) than healthy men.  Caution and monitoring of adverse events is recomm...More,,DDInter1880
No matching records,,,,DDInter1881
No matching records,,,,DDInter1882
3,"Acidosis, Respiratory",The use of tromethamine is contraindicated in patients with chronic respiratory acidosis.  Tromethamine decreases carbon dioxide tension resulting in depressed ventilation.,,DDInter1883
3,Kidney Diseases,"The use of tromethamine is contraindicated in patients with severe renal impairment (anuria, uremia) and should be administered with caution in patients with renal dysfunction.  Tromethamine may accum...More",,DDInter1883
2,Acid-Base Imbalance,Alkalinizing agents act as proton acceptors and/or dissociate to provide bicarbonate ions.  Elimination of bicarbonate is decreased in patients with renal impairment and can result in metabolic alkalo...More,,DDInter1883
2,Hypoglycemia,Dose-related changes in blood glucose concentrations resulting in hypoglycemia have occurred during administration of tromethamine.  Rapid infusion of tromethamine has also resulted in prolonged hypog...More,,DDInter1883
No matching records,,,,DDInter1884
3,Glaucoma,"Anticholinergic agents are contraindicated in patients with primary glaucoma, a tendency toward glaucoma (narrow anterior chamber angle), or adhesions (synechiae) between the iris and lens, as well as...More",,DDInter1885
3,Gastrointestinal Diseases,"Trospium, similarly to other anticholinergic drugs, may decrease gastrointestinal motility and therefore its use is contraindicated in patients with gastric retention.",,DDInter1886
3,"Glaucoma, Angle-Closure","The use of trospium is contraindicated in patients with uncontrolled narrow-angle glaucoma.  In those patients being treated for narrow-angle glaucoma, trospium should only be used if the potential be...More",,DDInter1886
3,Urinary Retention,Trospium antagonizes the effect of acetylcholine on muscarinic receptors in cholinergically innervated organs including the bladder.  Its parasympatholytic action reduces the tonus of smooth muscle in...More,,DDInter1886
2,Alcoholism,The use of alcohol may enhance the drowsiness caused by anticholinergic agents.  It is recommended that alcohol should not be consumed within 2 hours of trospium administration.  Caution should be exe...More,,DDInter1886
2,Intestinal Obstruction,"Trospium antagonizes the effect of acetylcholine on muscarinic receptors.  Its parasympatholytic action reduces the tonus of smooth muscle.  Trospium, like other antimuscarinic agents, may decrease ga...More",,DDInter1886
2,Hepatic Insufficiency,Caution is advised when administering trospium to patients with moderate to severe hepatic impairment.,,DDInter1886
2,Kidney Diseases,"Trospium is known to be substantially excreted by the kidney, and the risk of adverse reactions may be greater in patients with impaired renal function.  The use of trospium is not recommended in pati...More",,DDInter1886
3,Central Nervous System Diseases,"Quinolones may cause CNS stimulation manifested as tremors, agitation, restlessness, anxiety, confusion, hallucinations, paranoia, insomnia, toxic psychosis, and/or seizures.  Benign intracranial hype...More",,DDInter1887
3,Myasthenia Gravis,"Fluoroquinolones have neuromuscular blocking activity and may exacerbate muscle weakness in persons with myasthenia gravis.  Postmarketing serious adverse events, including deaths and requirement for ...More",,DDInter1887
3,Peripheral Nervous System Diseases,The use of quinolones has been associated with an increased risk of peripheral neuropathy.  Monitor closely and discontinue their use in patients experiencing symptoms of peripheral neuropathy.  It is...More,,DDInter1887
3,Tendinopathy,"Tendonitis and ruptures of the shoulder, hand, and Achilles tendons have been reported in patients receiving quinolones, both during and after treatment.  Avoid the use of these agents in patients who...More",,DDInter1887
3,Liver Diseases,Trovafloxacin undergoes metabolism by the liver as well as excretion by the hepatobiliary system.  Patients with hepatic impairment or biliary obstruction may be at greater risk for adverse effects fr...More,,DDInter1887
3,Depressive Disorder,"A variety of abnormal thinking and behavior changes have been reported to occur in association with the use of most anxiolytics, sedatives and hypnotics.  Some of these changes include decreased inhib...More",,DDInter1888
2,Glaucoma,"Some hypnotic drugs can have an anticholinergic effect and should be used with caution in patients with glaucoma, and trouble urinating due to retention or enlarged prostate.",,DDInter1888
2,Liver Diseases,"In general, anxiolytics, sedatives and hypnotics are extensively metabolized by the liver.  Their plasma clearance may be decreased and their half-life prolonged in patients with impaired hepatic func...More",,DDInter1888
No matching records,,,,DDInter1889
No matching records,,,,DDInter1890
2,Hepatic Insufficiency,"Tucatinib is an hepatotoxic drug.  Additionally, its exposure is increased in patients with severe hepatic impairment, reason why the dosage has to be reduced in these patients (Child-Pugh C).  Consul...More",,DDInter1891
No matching records,,,,DDInter1892
No matching records,,,,DDInter1893
No matching records,,,,DDInter1894
No matching records,,,,DDInter1895
No matching records,,,,DDInter1896
2,Hepatic Insufficiency,No studies have been conducted to evaluate the effect of hepatic disease on the disposition of ulipristal.  Caution is recommended when using this agent in patients with liver disease.,,DDInter1897
2,Kidney Diseases,No studies have been conducted to evaluate the effect of renal disease on the disposition of ulipristal.  Caution is recommended when using this agent in patients with renal impairment.,,DDInter1897
2,Diabetes Mellitus,"Corticosteroids can raise blood glucose level by antagonizing the action and suppressing the secretion of insulin, which results in inhibition of peripheral glucose uptake and increased gluconeogenesi...More",,DDInter1898
2,Diaper Rash,"Topical corticosteroids, especially the potent agents (e.g., augmented betamethasone, clobetasol, diflorasone, and halobetasol), are generally not recommended for use in the treatment of diaper rash. ...More",,DDInter1898
2,Adrenocortical Hyperfunction,The use of topical corticosteroids may precipitate or aggravate conditions of hyperadrenocorticism.  Systemic absorption of these agents can produce reversible hypothalamic-pituitary-adrenal axis supp...More,,DDInter1898
2,Infections,"Topical corticosteroids may be systemically absorbed, depending on the vehicle and concentration of the preparation, the size of the application area, the duration of administration, and whether or no...More",,DDInter1898
2,Toxic Optic Neuropathy,"Prolonged use of corticosteroids may cause posterior subcapsular cataracts and elevated intraocular pressure, the latter of which may lead to glaucoma and/or damage to the optic nerves.  Therapy with ...More",,DDInter1898
2,Diabetes Mellitus,"Corticosteroids can raise blood glucose level by antagonizing the action and suppressing the secretion of insulin, which results in inhibition of peripheral glucose uptake and increased gluconeogenesi...More",,DDInter1898
2,Diaper Rash,"Topical corticosteroids, especially the potent agents (e.g., augmented betamethasone, clobetasol, diflorasone, and halobetasol), are generally not recommended for use in the treatment of diaper rash. ...More",,DDInter1898
2,Adrenocortical Hyperfunction,The use of topical corticosteroids may precipitate or aggravate conditions of hyperadrenocorticism.  Systemic absorption of these agents can produce reversible hypothalamic-pituitary-adrenal axis supp...More,,DDInter1898
2,Infections,"Topical corticosteroids may be systemically absorbed, depending on the vehicle and concentration of the preparation, the size of the application area, the duration of administration, and whether or no...More",,DDInter1898
2,Toxic Optic Neuropathy,"Prolonged use of corticosteroids may cause posterior subcapsular cataracts and elevated intraocular pressure, the latter of which may lead to glaucoma and/or damage to the optic nerves.  Therapy with ...More",,DDInter1898
3,Milk Hypersensitivity,Some inhaled anticholinergic bronchodilators such as aclidinium and umeclidinium are contraindicated in patients with severe hypersensitivity to milk proteins.  There have been reports of anaphylactic...More,,DDInter1899
2,Anticholinergic Syndrome,"Aclidinium, ipratropium, umeclidinium, and tiotropium are anticholinergic agents.  Although systemic effects are uncommon due to the poor absorption of quaternary ammonium compounds from gastrointesti...More",,DDInter1899
2,Liver Failure,"Patients with moderate hepatic impairment showed no relevant increases in Cmax or AUC when using umeclidinium, when compared with healthy subjects.  However, studies have not been performed in patient...More",,DDInter1899
2,Liver Diseases,"Unoprostone isopropyl is hydrolyzed by esterases in the cornea and conjunctival epithelium to the active free acid form, which is absorbed systemically and metabolized by the liver.  The metabolites a...More",,DDInter1900
3,Cardiovascular Diseases,"In a major safety study of a Janus kinase (JAK) inhibitor, tofacitinib, in rheumatoid arthritis patients 50 years and older with at least 1 cardiovascular risk factor, higher rates of all-cause mortal...More",,DDInter1901
3,Neoplasms,Malignancies (including lymphomas and solid tumors) have been reported in patients treated with tofacitinib and other Janus kinase (JAK) inhibitors used to treat inflammatory conditions; lymphomas and...More,,DDInter1901
3,Thrombosis,"Thrombosis (including deep venous thrombosis, pulmonary embolism, and arterial thrombosis) has occurred in patients treated for inflammatory conditions with Janus kinase (JAK) inhibitors, including ba...More",,DDInter1901
3,Infections,"Serious and sometimes fatal infections, including opportunistic and reactivation of infections have been reported in patients receiving upadacitinib treatment.  It is recommended to avoid the use of u...More",,DDInter1901
2,Pancytopenia,"The use of upadacitinib is associated with an increase incidence of neutropenia, lymphopenia, and anemia.  Avoid initiation or interrupt treatment with upadacitinib in patients with low neutrophil cou...More",,DDInter1901
2,Peptic Ulcer Perforation,"Gastrointestinal perforation has been reported with the use of upadacitinib.  This agent should be used with caution in patients who may be at increased risk for gastrointestinal perforation (e.g., pa...More",,DDInter1901
2,Hepatic Insufficiency,The use of upadacitinib is not recommended in patients with severe hepatic impairment.  No dose adjustment is required in patients with mild or moderate hepatic impairment.  Treatment with upadacitini...More,,DDInter1901
2,Hyperlipidemias,"Treatment with upadacitinib is associated with increases in lipid parameters, including total cholesterol, low-density lipoprotein (LDL) cholesterol, and high-density lipoprotein (HDL) cholesterol.  C...More",,DDInter1901
No matching records,,,,DDInter1902
3,Dehydration,"The use of osmotic diuretics is contraindicated in patients with anuria, severe dehydration, pulmonary edema, or severe cardiac decompensation.  An increase in the tonicity of the blood may occur in t...More",,DDInter1903
2,Dehydration,"The use of osmotic diuretics is associated with an increase in blood tonicity.  Osmotic diuretics should be administered cautiously in patients with confused mental states, diabetes, congestive heart ...More",,DDInter1903
3,Adrenal Insufficiency,The use of follicle stimulating hormone (FSH) is contraindicated in patients with uncontrolled adrenal dysfunction.  Uncontrolled adrenal dysfunction may involve the pituitary gland and be associated ...More,,DDInter1904
3,Hypothyroidism,The use of follicle stimulating hormone (FSH) is contraindicated in patients with uncontrolled thyroid dysfunction.  FSH is composed of both an alpha and beta subunit.  The amino acid sequence of the ...More,,DDInter1904
3,Neoplasms,"The use of follicle stimulating hormone is contraindicated in patients with sex hormone-dependent tumors of the reproductive tract and accessory organs (ovary, breast, uterus) and in patients with pit...More",,DDInter1904
3,Thromboembolism,"Thromboembolic events, including venous thrombophlebitis, pulmonary embolism, pulmonary infarction, cerebrovascular occlusion (stroke), and arterial occlusion resulting in loss of limb, have been repo...More",,DDInter1904
3,Brain Neoplasms,The use of urofollitropin is contraindicated in the presence of any intracranial lesion or tumor.,,DDInter1904
2,Lung Diseases,"Serious pulmonary conditions such as atelectasis, acute respiratory syndrome, and exacerbation of asthma have been reported in women treated with gonadotropins.  Caution and monitoring is advised if u...More",,DDInter1904
3,Hemorrhagic Disorders,"The use of thrombolytics is contraindicated in patients with an active bleed (internal), trauma/surgery (recent CPR/intracranial/intraspinal surgery within 2 months), bleeding diathesis, history of ce...More",,DDInter1905
2,Liver Diseases,"Urokinase undergoes extensive clearance and degradation by the liver.  The pharmacokinetic disposition of urokinase has not been fully determined, however it is expected that the half-life of urokinas...More",,DDInter1905
3,Cholestasis,"The use of ursodiol is contraindicated in patients with compelling reasons for cholecystectomy including unremitting acute cholecystitis, cholangitis, biliary obstruction, gallstone pancreatitis, or b...More",,DDInter1906
2,Hepatic Insufficiency,"Ursodiol therapy has not been associated with liver damage.  However, patients given ursodiol should have liver function tests and bilirubin levels measured at the initiation of therapy and every mont...More",,DDInter1906
3,Neoplasms,"In clinical trials malignancies have been observed in patients receiving ustekinumab.  Patients should be monitored for non-melanoma skin cancers (NMSCs), particularly those patients who have had prio...More",,DDInter1907
3,Posterior Leukoencephalopathy Syndrome,The use of ustekinumab may cause posterior leukoencephalopathy syndrome.  One case of reversible posterior leukoencephalopathy syndrome (RPLS) was observed in clinical studies of psoriasis and psoriat...More,,DDInter1907
2,Infections,"There have been reports of serious infections, including infections with opportunistic pathogens, and reactivation of latent infections in patients receiving interleukin inhibitors.  Treatment with th...More",,DDInter1907
2,Tuberculosis,"Before initiating certain interleukin inhibitors, patients should be screened for latent tuberculosis infection with a tuberculin skin test.  Do not administer these agents to patients with an active ...More",,DDInter1907
2,Dehydration,Valacyclovir is almost completely converted to acyclovir and L-valine by first-pass intestinal and/or hepatic metabolism; acyclovir is primarily eliminated by the kidney.  Cases of acute renal failure...More,,DDInter1908
2,Diseases requiring hemodialysis,Valacyclovir is almost completely converted to acyclovir and L-valine by first-pass intestinal and/or hepatic metabolism.  About one-third of acyclovir in the body is removed by dialysis during a 4-ho...More,,DDInter1908
2,Kidney Diseases,Valacyclovir is almost completely converted to acyclovir and L-valine by first-pass intestinal and/or hepatic metabolism; acyclovir is primarily eliminated by the kidney.  Cases of acute renal failure...More,,DDInter1908
2,"Purpura, Thrombotic Thrombocytopenic","Thrombotic thrombocytopenic purpura/hemolytic uremia syndrome (TTP/HUS), in some cases resulting in death, has been reported in patients with advanced HIV-1 disease, in allogeneic bone marrow transpla...More",,DDInter1908
3,Liver Diseases,Valbenazine is extensively metabolized after oral administration by the liver.  Dosage adjustment of valbenazine 40 mg once daily is recommended for patients with moderate or severe hepatic impairment...More,,DDInter1909
3,Long QT Syndrome,"Valbenazine may prolong the QT interval, although the degree of QT prolongation is not clinically significant at concentrations expected with recommended dosing.  The use of valbenazine should be avoi...More",,DDInter1909
3,Kidney Diseases,The use of valbenazine is not recommended in patients with severe renal impairment (creatinine clearance <30 mL/min).  Dosage adjustment is not necessary for patients with mild to moderate renal impai...More,,DDInter1909
2,Parkinson Disease,"The use of vesicular monoamine transporter 2 (VMAT2) inhibitor, such as valbenazine and deutetrabenazine may cause parkinsonism in patients with tardive dyskinesia.  These agents should be used with c...More",,DDInter1909
No matching records,,,,DDInter1910
No matching records,,,,DDInter1911
3,Neutropenia,"Severe leukopenia, neutropenia, anemia, thrombocytopenia, pancytopenia, bone marrow aplasia, and aplastic anemia have been reported in patients treated with valganciclovir.  The use of this agent shou...More",,DDInter1912
3,Kidney Diseases,"Acute renal failure has been documented in elderly patients (with or without reduced renal function), patients who receive concomitant nephrotoxic drugs, or inadequately hydrated patients.  Adequate h...More",,DDInter1912
2,Hepatic Insufficiency,Monitoring is recommended when using valganciclovir in patients with hepatic impairment as the safety and efficacy of this agent has not been studied in these patients.,,DDInter1912
3,Depressive Disorder,Antiepileptic drugs can increase depression and suicidal thoughts or behaviors in patients receiving these drugs for any indication.  Patients should be monitored for the emergence or worsening of dep...More,,DDInter1913
3,Liver Diseases,The use of valproate derivatives is contraindicated in patients with hepatic disease or significant hepatic dysfunction.  Serious and potentially fatal hepatotoxicity has been reported in patients tre...More,,DDInter1913
3,"Urea Cycle Disorders, Inborn","Valproic acid and derivative products are contraindicated in patients with known urea cycle disorders (UCD), as hyperammonemic encephalopathy, sometimes fatal, has been reported on these patients foll...More",,DDInter1913
2,Depressive Disorder,Antiepileptic drugs (AEDs) have been associated with an increased risk of suicidal thoughts or behavior in patients taking these drugs for any indication.  Pooled analyses of 199 placebo-controlled cl...More,,DDInter1913
2,HIV Infections,"Some in vitro studies suggest that valproate stimulates the replication of the HIV and CMV viruses under certain experimental conditions.  The clinical consequences are unknown, and the relevance of t...More",,DDInter1913
2,Thrombocytopenia,"The use of valproate derivatives may be associated with dose-related thrombocytopenia, the incidence of which is generally low but has been reported at up to 27% in one study using high dosages (appro...More",,DDInter1913
2,Thyroid Diseases,"The manufacturers state that there have been reports of altered thyroid function tests associated with the use of valproate.  However, no specific information is given.  Clinicians should be cognizant...More",,DDInter1913
2,Diabetes Mellitus,"Valproate is partially eliminated in the urine as a ketone-containing metabolite, which may lead to a false interpretation of the urine ketone test.  Clinicians should be cognizant of this interaction...More",,DDInter1913
3,Urinary Bladder Diseases,"Valrubicin is contraindicated in patients with perforated bladder or compromised bladder mucosa, including small bladder capacity that is unable to tolerate a 75 mL instillation.  Evaluate the bladder...More",,DDInter1914
3,Urinary Tract Infections,Valrubicin is contraindicated in patients with current urinary tract infection.,,DDInter1914
3,Diabetes Mellitus,The coadministration of some angiotensin II receptor blocker agents with aliskiren is contraindicated in patients with diabetes.,,DDInter1915
3,Angioedema,The use of these agents is contraindicated in patients with a history of angioedema related to previous angiotensin-converting enzyme (ACE) inhibitor or angiotensin II receptor blocker (ARB) therapy o...More,,DDInter1915
3,Hypotension,"Angiotensin II receptor (AR) antagonists can cause symptomatic hypotension in patients with an activated renin-angiotensin system, such as volume- and/or sodium-depleted patients.  Therapy with AR ant...More",,DDInter1915
2,Heart Failure,"Angiotensin II receptor (AR) antagonists can cause renal impairment in patients whose renal function depends on the activity of the renin-angiotensin-aldosterone system.  In addition, symptomatic hypo...More",,DDInter1915
2,Hyperkalemia,"Drugs that inhibit the renin-angiotensin, such as angiotensin II receptor antagonist system can cause hyperkalemia.  Concomitant use of these agents with drugs that increase potassium levels may incre...More",,DDInter1915
2,Renal Artery Obstruction,"In patients with bilateral renal artery stenosis or renal artery stenosis in a solitary kidney, angiotensin II receptor (AR) antagonists may reduce renal perfusion to a critically low level.  Increase...More",,DDInter1915
2,Kidney Diseases,Changes in renal function including acute renal failure can be caused by drugs that inhibit the renin-angiotensin system and by diuretics.  Patients whose renal function may depend in part on the acti...More,,DDInter1915
2,Liver Diseases,"Valsartan is primarily eliminated by biliary excretion, and a minority is excreted in the urine.  Dosage adjustments are not necessary in patients with renal impairment unless they are also volume-dep...More",,DDInter1915
3,Colitis,"Clostridioides difficile-associated diarrhea (CDAD), formerly pseudomembranous colitis, has been reported with almost all antibacterial drugs and may range from mild diarrhea to fatal colitis.  The mo...More",,DDInter1916
3,Ototoxicity,"Intravenous use of vancomycin may cause damage to the auditory branch of the eighth cranial nerve.  Permanent hearing loss has been reported.  Tinnitus sometimes precedes the onset of deafness, which ...More",,DDInter1916
3,Kidney Diseases,Intravenous use of vancomycin may be associated with oto- and nephrotoxic effects.  Eighth cranial nerve damage may manifest as tinnitus and varying degrees of hearing impairment.  Nephrotoxicity is u...More,,DDInter1916
2,Neutropenia,"Reversible neutropenia has been reported with intravenous use of vancomycin, usually starting one week or more after initiation of therapy or after a total dosage of more than 25 g.  Thrombocytopenia ...More",,DDInter1916
2,Gastroenteritis,"Vancomycin is potentially oto- and nephrotoxic.  While it is poorly absorbed from the gastrointestinal tract, significant systemic absorption may occur if intestinal mucosal integrity is compromised. ...More",,DDInter1916
3,Long QT Syndrome,"Vandetanib can prolong the QT interval, and its use is contraindicated in patients with congenital long QT syndrome.  Additionally, vandetanib should not be used in patients with hypocalcemia, hypokal...More",,DDInter1917
2,Lung Diseases,"The use of certain multikinase inhibitors has been associated with pulmonary toxicity.  Serious cases of interstitial lung disease (ILD), including fatal cases and interstitial pneumonitis or pulmonar...More",,DDInter1917
2,Heart Failure,"Heart failure, including fatalities have occurred in patients treated with vandetanib.  Monitor for signs and symptoms of heart failure.  Consider discontinuation of therapy in patients with heart fai...More",,DDInter1917
2,Hemorrhage,"Serious hemorrhagic events, including fatalities, have occurred in patients treated with vandetanib.  Do not administer vandetanib to patients with a recent history of hemoptysis of >= 1/2 teaspoon of...More",,DDInter1917
2,Hepatic Insufficiency,"The use of vandetanib is not recommended for patients with moderate and severe hepatic impairment, as the safety and efficacy of this agent have not been established.",,DDInter1917
2,Hypertension,"Hypertension, including hypertensive crisis, has occurred in patients treated with vandetanib.  Monitor all patients for hypertension and a dose reduction or interruption may be necessary.  If hyperte...More",,DDInter1917
2,Hypothyroidism,"Increased dosing of thyroid replacement therapy was required in patients with a prior thyroidectomy.  It is recommended to obtain Thyroid-stimulating hormone (TSH) at baseline, during therapy and ther...More",,DDInter1917
2,"Ischemic Attack, Transient","Ischemic cerebrovascular events, including fatalities, occurred in patients treated with vandetanib.  The safety of resumption of vandetanib therapy after resolution of an ischemic cerebrovascular eve...More",,DDInter1917
2,Kidney Diseases,Vandetanib exposure is increased in patients with impaired renal function.  It is recommended to reduce the starting dose in patients with moderate to severe renal impairment and monitor the QT interv...More,,DDInter1917
2,Posterior Leukoencephalopathy Syndrome,"Reversible posterior leukoencephalopathy syndrome (RPLS), a syndrome of subcortical vasogenic edema diagnosed by an MRI of the brain, has occurred in patients treated with vandetanib.  Consider this s...More",,DDInter1917
3,Cardiovascular Diseases,The use of phosphodiesterase-5 (PDE5) inhibitors is not recommended in patients with preexisting cardiovascular disease for whom sexual activity is inadvisable due to the potential cardiac risk.  Phys...More,,DDInter1918
3,Kidney Diseases,"The plasma clearance of phosphodiesterase-5 (PDE5) inhibitors may be decreased in patients with severe renal impairment, resulting in drug accumulation.  Therapy with these agents should be avoided in...More",,DDInter1918
3,Long QT Syndrome,"Vardenafil prolongs the QT interval.  Patients taking Class 1A or Class III antiarrhythmic medications or those with congenital QT prolongation, should avoid using this agent.  Caution should be exerc...More",,DDInter1918
2,Priapism,Prolonged erection greater than 4 hours and priapism (painful erections greater than 6 hours) have been reported during treatment with phosphodiesterase-5 (PDE 5) inhibitors.  Priapism may result in p...More,,DDInter1918
2,Alcoholism,"Alcohol consumption may intensify the pressure-lowering effects of mild vasodilators, such as phosphodiesterase 5 (PDE5) inhibitors.  Therefore, patients that consume alcohol should be warned to limit...More",,DDInter1918
2,Hearing Loss,"Use of phosphodiesterase-5 (PDE5) inhibitors has been associated with sudden decrease or loss of hearing, which may be accompanied by tinnitus or dizziness.  Patients with hearing problems should stop...More",,DDInter1918
2,Retinitis Pigmentosa,Phosphodiesterase-5 (PDE5) inhibitors have been associated with transient impairment of color discrimination (blue/green) and blue- or color-tinged vision.  These agents also inhibit phosphodiesterase...More,,DDInter1918
2,Epilepsy,The use of phosphodiesterase 5 (PDE-5) inhibitors has been associated with seizures.  Therapy with these agents should be administered cautiously in patients with preexisting seizure disorders.,,DDInter1918
2,Liver Diseases,Vardenafil is cleared predominantly by hepatic metabolism.  The pharmacokinetic disposition of this agent has not been assessed in patients with severe hepatic impairment.  No dosage modification is r...More,,DDInter1918
2,Phenylketonurias,Vardenafil oral disintegrating tablet contains 1.01 mg phenylalanine per tablet.  The phenylalanine content should be considered when this product is used in patients who must restrict their intake of...More,,DDInter1918
3,Mental Disorders,"Serious neuropsychiatric events including, but not limited to, depression, suicidal ideation, suicide attempt, and completed suicide have been reported in patients taking varenicline.  Caution is reco...More",,DDInter1919
2,Alcoholism,"Varenicline can enhance the response to alcohol and patients may experience increased intoxicating effects.  In patients who may use alcohol excessively, it should be kept in mind that the potentiatio...More",,DDInter1919
2,Cardiovascular Diseases,"There have been reports of cardiovascular events, including ischemic and hemorrhagic events in patients taking varenicline.  Caution is recommended when prescribing this agent.  Patients should be mon...More",,DDInter1919
2,Kidney Diseases,"Varenicline is substantially excreted by the kidney, and the risk of toxic reactions to this drug may be greater in patients with impaired renal function.  Dose reduction is not required in patients w...More",,DDInter1919
2,Seizures,Seizures have been reported with varenicline therapy.  Therapy with this drug should be administered with caution and monitoring is recommended in patients with a history of seizures or other factors ...More,,DDInter1919
No matching records,,,,DDInter1920
3,Nephritis,Chronic nephritis with nitrogen retention contraindicates the use of vasopressin until reasonable nitrogen blood levels have been attained.,,DDInter1921
3,Kidney Diseases,Vasopressin is contraindicated in patients with chronic nephritis with nitrogen retention.  This until reasonable nitrogen blood levels have been attained.,,DDInter1921
3,Vascular Diseases,"Vasopressin should not be used in patients with vascular disease, especially disease of the coronary arteries, except with extreme caution.  In such patients, even small doses may precipitate anginal ...More",,DDInter1921
3,Water Intoxication,Water intoxication and hyponatremia may occur during therapy with vasopressin or desmopressin due to their antidiuretic action.  Patients are most likely to experience this problem if their fluid inta...More,,DDInter1921
3,Liver Diseases,Neuromuscular blocking agents undergo metabolism by the liver.  Elimination and effects may be prolonged in patients with liver disease.  Therapy with neuromuscular blocking agents should be administe...More,,DDInter1922
3,Paresis,Patients with hemiparesis or paraparesis may require higher dosages of non-depolarizing neuromuscular blocking agents in the affected limbs.  Neuromuscular monitoring should be performed on a non-pare...More,,DDInter1922
3,Respiratory Insufficiency,Neuromuscular blocking agents can cause respiratory depression and paralysis.  Therapy with neuromuscular blocking agents should be administered cautiously in patients with pulmonary impairment.  Trea...More,,DDInter1922
3,Infections,"Serious and sometimes fatal infections have been reported in patients receiving immunosuppressive agents.  Patients receiving immunosuppressants are at increased risk of developing bacterial, viral, f...More",,DDInter1923
3,"Leukoencephalopathy, Progressive Multifocal",Immunosuppressive agents may increase the risk of progressive multifocal leukoencephalopathy (PML).  Certain agents are contraindicated in patients who have or have had PML.  Patients receiving chroni...More,,DDInter1923
3,Liver Diseases,Elevated transaminase levels with or without elevated bilirubin have occurred in patients who received vedolizumab.  Care should be exercised when using this agent in patients predisposed to liver inj...More,,DDInter1923
No matching records,,,,DDInter1924
2,Lung Diseases,"The use of certain multikinase inhibitors has been associated with pulmonary toxicity.  Serious cases of interstitial lung disease (ILD), including fatal cases and interstitial pneumonitis or pulmonar...More",,DDInter1925
2,Skin Neoplasms,"Cutaneous squamous cell carcinoma, keratoacanthoma, and melanoma occurred at a higher incidence in patients receiving vemurafenib.  Potential risk factors associated included age (> 65 years), prior s...More",,DDInter1925
2,Stevens-Johnson Syndrome,"Severe dermatologic reactions, including Stevens-Johnson syndrome, toxic epidermal necrolysis, and mild to severe photosensitivity can occur in patients treated with vemurafenib.  Consider dose modifi...More",,DDInter1925
2,Hepatic Insufficiency,"Liver injury leading to functional hepatic impairment, including coagulopathy or other organ dysfunction may occur with the use of vemurafenib.  Based on a population pharmacokinetic analysis to evalu...More",,DDInter1925
2,Long QT Syndrome,"Vemurafenib can cause dose dependent QT prolongation which may lead to an increased risk for ventricular arrhythmias, including Torsade de Pointes.  It is recommended not to start treatment in patient...More",,DDInter1925
2,Kidney Diseases,"Renal failure, including acute interstitial nephritis and acute tubular necrosis may occur with the use of vemurafenib.  Based on a population pharmacokinetic analysis, no dose adjustment is recommend...More",,DDInter1925
2,Vision Disorders,"Uveitis, blurry vision, and photophobia can occur in patients treated with vemurafenib.  Monitor patients for signs and symptoms of uveitis.  Care must be exercised when using this agent in patients w...More",,DDInter1925
2,Hepatic Insufficiency,"In vitro studies demonstrated that venetoclax is predominantly metabolized in the liver by CYP450 3A4/5.  Based on pharmacokinetic analysis with subjects with mild and moderate hepatic impairment, the...More",,DDInter1926
2,Neutropenia,Venetoclax can cause neutropenia.  It is recommended to monitor for fever and signs suggestive of an infection.  Monitor complete blood count during the course of therapy and reduce dose or interrupt ...More,,DDInter1926
2,Tumor Lysis Syndrome,"Based on pharmacokinetic analysis with subjects with mild and moderate renal impairment, the venetoclax exposures were similar to those with normal renal function; therefore, no dose adjustment is rec...More",,DDInter1926
3,Depressive Disorder,Adult and pediatric patients with depression and other psychiatric disorders may experience worsening of their symptoms and may have the emergence of suicidal thoughts and behavior.  Patients should b...More,,DDInter1927
3,Kidney Diseases,The clearance of SNRI antidepressants is decreased in subjects with renal impairment.  SNRIs should be used with caution in this group of patients and a dose adjustment is recommended in those with mo...More,,DDInter1927
3,Liver Diseases,"Venlafaxine is metabolized by the liver, and both the parent drug and metabolites are excreted by the kidney.  Patients with renal and/or liver disease may be at greater risk for adverse effects from ...More",,DDInter1927
2,Mania,"All antidepressants may occasionally cause mania or hypomania, particularly in patients with bipolar disorder.  Therapy with antidepressants should be administered cautiously in patients with a histor...More",,DDInter1927
2,Glaucoma,SNRI antidepressants cause pupillary dilation that may trigger an angle closure attack in patients with anatomically narrow angle without iridectomy.,,DDInter1927
2,Hypertension,Selective serotonin and norepinephrine reuptake inhibitor antidepressants (SNRIs) have been associated with sustained increases in blood pressure.  Therapy with SNRI antidepressants should be administ...More,,DDInter1927
2,Hyponatremia,"Treatment with SNRI antidepressants can cause hyponatremia.  Caution should be used when treating patients with hyponatremia or at greater risk of hyponatremia such as the elderly, patients taking diu...More",,DDInter1927
2,Seizures,SNRI antidepressants may trigger seizures and should be administered with caution in patients with a seizure disorder.,,DDInter1927
2,Urethral Obstruction,"SNRI antidepressants have a noradrenergic effect and can affect urethral resistance.  Caution should be used in patients with a history of dysuria, prostatic hypertrophy, prostatitis, and other lower ...More",,DDInter1927
1,Weight Loss,"The use of venlafaxine may occasionally cause significant, dose-dependent weight loss, which may be undesirable in patients suffering from anorexia, malnutrition or excessive weight loss.  The loss of...More",,DDInter1927
3,Aortic Valve Stenosis,The use of some calcium channel blockers (CCBs) is contraindicated in patients with advanced aortic stenosis.  CCBs whose pharmacologic effect is partially dependent on their ability to reduce afterlo...More,,DDInter1928
3,Atrioventricular Block,"The use of some calcium channel blockers (CCBs) is contraindicated in patients with severe bradyarrhythmia, sick sinus syndrome (unless a functioning pacemaker is present), or heart block greater than...More",,DDInter1928
3,"Shock, Cardiogenic","In general, calcium channel blockers (CCBs) should not be used in patients with hypotension (systolic pressure < 90 mm Hg) or cardiogenic shock.  Due to potential negative inotropic and peripheral vas...More",,DDInter1928
3,Coronary Artery Disease,"Increased frequency, duration, and/or severity of angina, as well as acute myocardial infarction, have rarely developed during initiation or dosage increase of calcium channel blockers (CCBs), particu...More",,DDInter1928
3,Liver Diseases,"Calcium channel blockers (CCBs) are extensively metabolized by the liver.  The half-lives of CCBs may be prolonged substantially in patients with severe hepatic impairment, with the potential for sign...More",,DDInter1928
3,"Tachycardia, Ventricular",The use of intravenous diltiazem or verapamil is contraindicated in patients with ventricular tachycardia.  IV administration of a calcium channel blocker can precipitate cardiac arrest in such patien...More,,DDInter1928
3,Wolff-Parkinson-White Syndrome,"The use of verapamil is contraindicated for the management of atrial flutter or fibrillation in patients with an accessory AV tract (e.g., those with Wolff-Parkinson-White or Lown-Ganong-Levine syndro...More",,DDInter1928
3,Heart Failure,"The use of verapamil is contraindicated in patients with severe left ventricular dysfunction (e.g., ejection fraction < 30%) or moderate to severe symptoms of cardiac failure and in patients with any ...More",,DDInter1928
3,"Cardiomyopathy, Hypertrophic","The use of verapamil in patients with hypertrophic cardiomyopathy, or idiopathic hypertrophic subaortic stenosis, has been associated with serious side effects such as pulmonary edema, severe hypotens...More",,DDInter1928
2,Neuromuscular Junction Diseases,"Verapamil has been reported to decrease neuromuscular transmission in patients with Duchenne's muscular dystrophy and to prolong recovery from the neuromuscular blocking agent, vecuronium.  Therapy wi...More",,DDInter1928
3,Porphyrias,The use of verteporfin is contraindicated in patients with porphyria.,,DDInter1929
2,Hepatic Insufficiency,Verteporfin therapy should be considered carefully in patients with moderate to severe hepatic impairment or biliary obstruction since there is no clinical experience with verteporfin in such patients...More,,DDInter1929
2,Urinary Retention,"Vibegron may increase the risk of urinary retention, particularly in patients with bladder outlet obstruction and in those taking muscarinic antagonist medications to treat overactive bladder (OAB).  ...More",,DDInter1930
No matching records,,,,DDInter1931
2,IMMUNE SUPPRESSION,"The expected antibody responses may not be obtained when live attenuated vaccines and/or toxoids are administered to immunosuppressed persons, including those receiving immunosuppressive therapy.  Cau...More",,DDInter1932
3,Blindness,"Vigabatrin causes permanent bilateral concentric visual field constriction.  The onset of vision loss from vigabatrin is unpredictable, and can occur within weeks of starting treatment or sooner, or a...More",,DDInter1933
2,Depressive Disorder,Antiepileptic drugs (AEDs) have been associated with an increased risk of suicidal thoughts or behavior in patients taking these drugs for any indication.  Pooled analyses of 199 placebo-controlled cl...More,,DDInter1933
2,Neurotoxicity Syndromes,"Vigabatrin has produced pathological changes in the brains of rats and long-term neurobehavioral abnormalities (convulsions, neuromotor impairment, learning deficits) were also observed.  In humans, a...More",,DDInter1933
2,Peripheral Nervous System Diseases,"Vigabatrin causes symptoms of peripheral neuropathy in adults.  There is insufficient evidence to determine if development of these signs and symptoms were related to duration of vigabatrin treatment,...More",,DDInter1933
No matching records,,,,DDInter1934
3,Depressive Disorder,"Antidepressants increased the risk of suicidal thoughts and behavior in children, adolescents, and young adults in short-term trials; these trials did not show increased risk in patients older than 24...More",,DDInter1935
2,"Glaucoma, Angle-Closure",Some antidepressants exert mydriatic activity that can induce increased intraocular pressure and result in angle-closure (narrow-angle) glaucoma in a patient with anatomically narrow angles who does n...More,,DDInter1935
2,Hemorrhage,Some antidepressants should be administered with caution in patients with an increased risk for hemorrhage.  Patients should be advised to immediately report any signs and symptoms suggestive of bleed...More,,DDInter1935
2,Hyponatremia,"Treatment with vilazodone may cause hyponatremia, in many cases secondary to development of the syndrome of inappropriate secretion of antidiuretic hormone (SIADH).  Caution should be used when treati...More",,DDInter1935
2,Bipolar Disorder,"Therapy with vilazodone may cause activation of mania and hypomania and should be used with caution in patients with personal or family history of mania, hypomania, bipolar disorder, and other mood di...More",,DDInter1935
2,Epilepsy,Therapy with vilazodone should be administered cautiously in patients with epilepsy or a history of seizure disorder.,,DDInter1935
3,Infections,The use of vinblastine is contraindicated in patients with known infectious diseases.  Vinblastine can induce myelosuppression.  All patients should be instructed to immediately report any signs or sy...More,,DDInter1936
3,Bone Marrow Failure Disorders,The use of vinblastine is contraindicated in patients with significant granulocytopenia.  Vinblastine induces dose-dependent leukopenia.  Thrombocytopenia and anemia have been reported infrequently du...More,,DDInter1936
3,Respiratory Insufficiency,"Acute shortness of breath and bronchospasm, some severe and life-threatening, have been reported with the use of vinca alkaloids.  These reactions were observed most often during combination therapy w...More",,DDInter1936
2,Liver Diseases,Vinblastine is metabolized by the liver and eliminated primarily via biliary excretion.  Patients with hepatic impairment may be at increased risk for toxicity associated with vinblastine therapy.  Th...More,,DDInter1936
3,Respiratory Insufficiency,"Acute shortness of breath and bronchospasm, some severe and life-threatening, have been reported with the use of vinca alkaloids.  These reactions were observed most often during combination therapy w...More",,DDInter1937
3,Neurologic Manifestations,The use of vincristine is contraindicated in patients with demyelinating conditions including Charcot-Marie-Tooth syndrome.  Neurotoxicity associated with vincristine therapy is dose-related and frequ...More,,DDInter1937
2,Constipation,"Vincristine can cause constipation.  Ileus, bowel obstruction, and colonic pseudo-obstruction have occurred.  When using this agent in people at risk of constipation, appropriate measures should be in...More",,DDInter1937
2,Liver Diseases,"Vincristine is primarily metabolized by the liver.  The influence of severe hepatic impairment on the safety and efficacy of vincristine has not been evaluated.  Additionally, fatal liver toxicity and...More",,DDInter1937
2,Infections,"Vincristine induces mild, dose-related myelosuppression. The use of vincristine may be contraindicated in patients with known infectious diseases.  All patients should be instructed to immediately rep...More",,DDInter1937
2,Bone Marrow Failure Disorders,"Vincristine induces dose-related myelosuppression.  Leukopenia, thrombocytopenia, and anemia have been reported, however vincristine does not appear to have a consistent or significant effect on plate...More",,DDInter1937
2,Kidney Diseases,"The influence of renal impairment on the safety, efficacy, and pharmacokinetics of vincristine has not been evaluated.  Caution and monitoring of renal function is advised in patients with renal impai...More",,DDInter1937
2,Inappropriate ADH Syndrome,A syndrome of sudden inappropriate antidiuretic hormone (SIADH) secretion has been reported rarely in association with the use of vincristine.  Therapy with vincristine should be administered cautious...More,,DDInter1937
No matching records,,,,DDInter1938
3,Respiratory Insufficiency,"Acute shortness of breath and bronchospasm, some severe and life-threatening, have been reported with the use of vinca alkaloids.  These reactions were observed most often during combination therapy w...More",,DDInter1939
3,Liver Diseases,Vinorelbine is extensively metabolized by the liver.  The pharmacokinetic disposition of vinorelbine in patients with hepatic impairment has not been assessed.  Therapy with vinorelbine should be admi...More,,DDInter1939
3,Infections,"Vinorelbine induces myelosuppression manifested by neutropenia, anemia and thrombocytopenia.  The use of vinorelbine may be contraindicated in patients with known infectious diseases.  Patients should...More",,DDInter1939
3,Bone Marrow Failure Disorders,"The use of vinorelbine is contraindicated in patients with neutrophil counts < 1000/mm3.  Vinorelbine induces dose-dependent myelosuppression, primarily neutropenia.  Therapy with vinorelbine should b...More",,DDInter1939
2,Gastrointestinal Diseases,"Severe and fatal paralytic ileus, constipation, intestinal obstruction, necrosis, and perforation occur in patients receiving vinorelbine injection.  Institute a prophylactic bowel regimen to mitigate...More",,DDInter1939
2,Neuromuscular Diseases,"Sensory and motor neuropathies, including severe neuropathies, occur in patients receiving vinorelbine.  Monitor patients for new or worsening signs and symptoms of neuropathy, such as paresthesia, hy...More",,DDInter1939
2,Musculoskeletal Diseases,"Musculoskeletal adverse reactions, which may be accompanied by serum creatine kinase elevations have been reported with the use of drugs that inhibit the hedgehog pathway.  It is recommended to obtain...More",,DDInter1940
3,Liver Diseases,Vitamin A (including beta-carotene) is fat soluble and requires bile for adequate intestinal absorption.  Hepatic and/or biliary dysfunction decrease the absorption of vitamin A.  Vitamin A is metabol...More,,DDInter1941
2,Malabsorption Syndromes,"Absorption of vitamin A  depends on the presence of bile and absorbable fat in the GI tract.  Prolonged fat malabsorption (cystic fibrosis, hepatic cirrhosis, sprue) or malabsorption syndromes (celiac...More",,DDInter1941
No matching records,,,,DDInter1942
3,Liver Diseases,Vitamin E is fat soluble and many oral formulations require bile for adequate intestinal absorption.  Hepatic and/or biliary dysfunction decrease the absorption of vitamin E.  Water- miscible vitamin ...More,,DDInter1943
1,Malabsorption Syndromes,"Vitamin E is readily absorbed from the intestinal tract in the presence of bile.  Prolonged fat malabsorption (cystic fibrosis, hepatic cirrhosis, sprue) or malabsorption syndromes (celiac disease, GI...More",,DDInter1943
2,Thromboembolism,"Thromboembolic reactions including disseminated intravascular coagulation (DIC), venous thrombosis, pulmonary embolism, myocardial infarction, and stroke can occur after therapy with von Willebrand fa...More",,DDInter1944
2,Thromboembolism,"Thromboembolic reactions including disseminated intravascular coagulation (DIC), venous thrombosis, pulmonary embolism, myocardial infarction, and stroke can occur after therapy with von Willebrand fa...More",,DDInter1944
3,Hemorrhage,"Vorapaxar increases the risk of bleeding and it is contraindicated in patients with active pathological bleeding such as intracranial hemorrhage or peptic ulcer.  In other patients, consider the under...More",,DDInter1945
3,Ischemic Stroke,"Vorapaxar is contraindicated in patients with a history of stroke, transient ischemic attack (TIA), or intracranial bleeding.  The risk of intracranial bleeding is higher in these patients.",,DDInter1945
3,Liver Diseases,No dose adjustment is required in patients with renal dysfunction or mild to moderate hepatic impairment.  Vorapaxar is not recommended in patients with severe hepatic impairment due to bleeding risk.,,DDInter1945
3,Liver Diseases,"Serious hepatic reactions (including clinical hepatitis, cholestasis, fulminant hepatic failure [including fatalities]) have been reported infrequently during voriconazole therapy.  Hepatic reactions ...More",,DDInter1946
2,Long QT Syndrome,Some azole antifungals have been associated with prolongation of the QT interval on the ECG.  Rare cases of QT prolongation and torsade de pointes have been reported during postmarketing experience; s...More,,DDInter1946
2,Kidney Diseases,"The pharmacokinetics of voriconazole are not significantly altered by impaired renal function.  However, accumulation of the IV vehicle, sulfobutyl ether beta-cyclodextrin sodium (SBECD), occurs in pa...More",,DDInter1946
2,Pancreatitis,"Patients with risk factors for acute pancreatitis (e.g., recent chemotherapy, hematopoietic stem cell transplantation) should be monitored for the development of pancreatitis during voriconazole thera...More",,DDInter1946
3,Thromboembolism,"The use of vorinostat may cause pulmonary embolism and deep vein thrombosis.  It is recommended to monitor for signs and symptoms of these events, particularly in patients with a prior history of thro...More",,DDInter1947
2,Diabetes Mellitus,The use of vorinostat may cause hyperglycemia.  It is recommended to monitor serum glucose every 2 weeks during the first 2 months of therapy and monthly thereafter.  Care should be exercised when usi...More,,DDInter1947
2,Gastrointestinal Diseases,"The use of vorinostat may cause gastrointestinal disturbances.  It is recommended to adequately control any preexisting nausea, vomiting, and diarrhea prior to beginning treatment with vorinostat.  Fl...More",,DDInter1947
2,Liver Failure,"Compared to patients with normal liver function, AUC increases of 50 to 66% were observed in patients with hepatic impairment.  It is recommended to reduce the starting dose of vorinostat to 300 mg or...More",,DDInter1947
2,Bone Marrow Failure Disorders,The use of vorinostat can cause dose-related thrombocytopenia and anemia.  It is recommended to monitor blood counts every 2 weeks during the first 2 months of therapy and monthly thereafter.  Adjust ...More,,DDInter1947
3,Depressive Disorder,"Antidepressants increased the risk of suicidal thoughts and behavior in children, adolescents, and young adults in short-term trials; these trials did not show increased risk in patients older than 24...More",,DDInter1948
2,"Glaucoma, Angle-Closure",Some antidepressants exert mydriatic activity that can induce increased intraocular pressure and result in angle-closure (narrow-angle) glaucoma in a patient with anatomically narrow angles who does n...More,,DDInter1948
2,Hemorrhage,Some antidepressants should be administered with caution in patients with an increased risk for hemorrhage.  Patients should be advised to immediately report any signs and symptoms suggestive of bleed...More,,DDInter1948
2,Hyponatremia,"Treatment with vortioxetine may cause hyponatremia, in many cases secondary to development of the syndrome of inappropriate secretion of antidiuretic hormone (SIADH).  Caution should be used when trea...More",,DDInter1948
2,Bipolar Disorder,"Therapy with vortioxetine may cause activation of mania and hypomania and should be used with caution in patients with personal or family history of mania, hypomania, bipolar disorder, and other mood ...More",,DDInter1948
2,Hepatic Insufficiency,"Dose reduction for voxelotor is recommended for patients with severe hepatic impairment.  The daily recommended dose for these patients is 1,000 mg.  No dosage adjustment is required for patients with...More",,DDInter1949
2,Hypersensitivity,"Serious hypersensitivity reactions have occurred in patients treated with voxelotor.  If hypersensitivity reactions occur, discontinue treatment and administer appropriate medical therapy.  Do not rei...More",,DDInter1949
No matching records,,,,DDInter1950
3,Hemorrhage,"In general, the use of oral anticoagulants is contraindicated in patients with active bleeding or a hemorrhagic diathesis or other significant risks for bleeding, including hemostatic and/or coagulati...More",,DDInter1951
3,Diabetes Mellitus,"Therapy with oral anticoagulants should be administered cautiously in patients with severe diabetes because they may be at increased risk for hemorrhage.  The INR should be monitored closely, and pati...More",,DDInter1951
3,Hypertension,"In general, the use of oral anticoagulants is contraindicated in patients with malignant or severe, uncontrolled hypertension.  These patients may be at increased risk for cerebral hemorrhage.  Therap...More",,DDInter1951
3,Liver Diseases,Oral anticoagulants (coumarin and indandione derivatives) are primarily metabolized by the liver.  Patients with hepatic impairment may have a heightened response to these agents due to decreased clea...More,,DDInter1951
3,Protein C Deficiency,"Tissue necrosis is a rare complication that develops during the initiation of oral anticoagulant therapy due to thrombotic occlusion of venules in the dermis and subcutaneous tissues.  Hereditary, fam...More",,DDInter1951
2,Coumarin Resistance,"Patients with edema, hereditary coumarin resistance, hyperlipidemia, hypothyroidism, or nephrotic syndrome may exhibit lower than expected hypoprothrombinemic response to oral anticoagulants.  Thus, m...More",,DDInter1951
2,Coumarin Sensitivity,"Patients with a collagen vascular disease (e.g., systemic lupus erythematosus, rheumatoid arthritis, scleroderma), congestive heart failure (especially decompensated disease), severe or prolonged diar...More",,DDInter1951
2,Kidney Diseases,"There is no evidence that hypoprothrombinemic response to oral anticoagulants (coumarin and indandione derivatives) is altered in renal impairment due to decreased plasma protein binding, thus dosage ...More",,DDInter1951
No matching records,,,,DDInter1952
3,Infections,"Ideally, vaccination should occur when an individual is healthy, thus minimizing the risk of an adverse host reaction and/or vaccine failure.  However, a current or recent infection does not necessari...More",,DDInter1953
3,Immune Deficiency Disease,"In general, the use of yellow fever vaccine is contraindicated in patients with primary or acquired immunodeficiency.  Since yellow fever vaccine contains live attenuated virus, the absence of immune ...More",,DDInter1953
No matching records,,,,DDInter1954
3,Liver Diseases,The use of zafirlukast may be associated with elevations of one or more liver enzymes as well as life-threatening hepatic failure.  Cases of liver injury without other attributable cause have been rep...More,,DDInter1955
No matching records,,,,DDInter1956
3,Alcoholic Intoxication,"Anxiolytic, sedative, and hypnotic agents should generally not be given to patients with acute alcohol intoxication exhibiting depressed vital signs.  The central nervous system depressant effects of ...More",,DDInter1957
3,Depressive Disorder,"A variety of abnormal thinking and behavior changes have been reported to occur in association with the use of most anxiolytics, sedatives and hypnotics.  Some of these changes include decreased inhib...More",,DDInter1957
3,Substance-Related Disorders,"Anxiolytic, sedative, and hypnotic agents have the potential to cause dependence and abuse.  Tolerance as well as physical and psychological dependence can develop, particularly after prolonged use of...More",,DDInter1957
3,Liver Diseases,"Zaleplon is primarily metabolized by the liver.  The oral clearance of zaleplon has been shown to decrease by 70% and 87% in patients with compensated and decompensated cirrhosis, respectively, compar...More",,DDInter1957
2,Glaucoma,"Some hypnotic drugs can have an anticholinergic effect and should be used with caution in patients with glaucoma, and trouble urinating due to retention or enlarged prostate.",,DDInter1957
2,Respiratory Insufficiency,"Oral anxiolytic, sedative, and hypnotic agents may cause respiratory depression and apnea when given in high dosages or following acute overdose.  However, some patients may be susceptible at commonly...More",,DDInter1957
2,Kidney Diseases,Zaleplon is excreted in the urine almost exclusively as metabolites and their glucuronides.  The pharmacokinetics of zaleplon are not altered in patients with renal insufficiency.  According to the ma...More,,DDInter1957
3,Asthma,"Serious respiratory adverse events, including bronchospasm and/or decline in lung function, have been reported during clinical trials and postmarketing use of zanamivir.  The manufacturer does not gen...More",,DDInter1958
2,"Arrhythmias, Cardiac","Atrial fibrillation and atrial flutter have occurred in patients treated with zanubrutinib monotherapy.  Care should be exercised when using this agent in patients with cardiac risk factors, hypertens...More",,DDInter1959
2,Hemorrhage,Fatal and serious hemorrhagic events have occurred in patients with hematological malignancies treated with zanubrutinib.  These complications have occurred in patients with and without concomitant an...More,,DDInter1959
2,Pancytopenia,"Cytopenias, including neutropenia, thrombocytopenia, and anemia were reported in patients treated with zanubrutinib.  Care should be taken when using this agent in patients with hematological abnormal...More",,DDInter1959
2,Hepatic Insufficiency,The safety of zanubrutinib has not been evaluated in patients with severe hepatic impairment.  Dosage modification of zanubrutinib is recommended in patients with severe hepatic impairment.  The recom...More,,DDInter1959
2,Infections,"Fatal and serious infections including bacterial, viral, or fungal and opportunistic infections have occurred in patients with hematological malignancies treated with zanubrutinib.  Consider prophylax...More",,DDInter1959
2,Kidney Diseases,The effect of severe renal impairment (CrCl < 30 mL/min) and dialysis on zanubrutinib pharmacokinetics is unknown.  It is recommended to monitor for adverse reactions these patient populations.  No do...More,,DDInter1959
3,Infections,The use of ziconotide is contraindicated in patients with any other concomitant treatment or medical condition that would render intrathecal administration hazardous.  Contraindications to the use of ...More,,DDInter1960
3,Psychotic Disorders,The use of ziconotide is contraindicated in patients with a preexisting history of psychosis.  Severe psychiatric symptoms and neurological impairment may occur during therapy with ziconotide.  It is ...More,,DDInter1960
3,Bone Marrow Failure Disorders,"Zidovudine (AZT) may cause bone marrow toxicity, most commonly manifested as granulocytopenia and anemia, particularly in patients with advanced, symptomatic HIV disease.  Thrombocytopenia not related...More",,DDInter1961
3,Muscular Diseases,"Prolonged use of certain nucleoside reverse transcriptase inhibitors (NRTIs) such as zidovudine and telbivudine may commonly cause myopathy, including rare cases of rhabdomyolysis.  The myopathy may b...More",,DDInter1961
3,Liver Diseases,"Hepatotoxicity including lactic acidosis, severe hepatomegaly with steatosis, fulminant hepatitis, and hepatic failure has been associated with the use of some nucleoside reverse transcriptase inhibit...More",,DDInter1961
3,Kidney Diseases,Patients with clinically significant renal impairment may be at greater risk for toxicities and adverse effects from nucleoside reverse transcriptase inhibitors (NRTIs) due to decreased drug clearance...More,,DDInter1961
3,Liver Diseases,The use of zileuton is contraindicated in patients with active liver disease or transaminase elevations >= 3 times the upper limit of normal (ULN).  Zileuton is primarily metabolized by the liver and ...More,,DDInter1962
2,Kidney Diseases,"The trace metals, chromium and zinc, are excreted primarily in the urine.  Selenium is partially excreted in the urine.  Supplemental doses of these agents may need to be adjusted, reduced, or omitted...More",,DDInter1963
2,Malabsorption Syndromes,"The trace metals manganese, chromium, copper, selenium, and zinc are absorbed in the GI tract from dietary sources and following administration of oral supplements.  GI absorption may be decreased in ...More",,DDInter1963
No matching records,,,,DDInter1964
2,Kidney Diseases,"The trace metals, chromium and zinc, are excreted primarily in the urine.  Selenium is partially excreted in the urine.  Supplemental doses of these agents may need to be adjusted, reduced, or omitted...More",,DDInter1965
2,Malabsorption Syndromes,"The trace metals manganese, chromium, copper, selenium, and zinc are absorbed in the GI tract from dietary sources and following administration of oral supplements.  GI absorption may be decreased in ...More",,DDInter1965
2,Kidney Diseases,"The trace metals, chromium and zinc, are excreted primarily in the urine.  Selenium is partially excreted in the urine.  Supplemental doses of these agents may need to be adjusted, reduced, or omitted...More",,DDInter1966
2,Malabsorption Syndromes,"The trace metals manganese, chromium, copper, selenium, and zinc are absorbed in the GI tract from dietary sources and following administration of oral supplements.  GI absorption may be decreased in ...More",,DDInter1966
3,Dementia,"Older patients with dementia-related psychosis treated with antipsychotic drugs are at an increased risk of death; although the causes were varied, most of the deaths appeared to be either cardiovascu...More",,DDInter1967
3,Alcoholic Intoxication,The use of neuroleptic agents is contraindicated in patients with acute alcohol intoxication exhibiting depressed vital signs.  The central nervous system depressant effects of neuroleptic agents may ...More,,DDInter1967
3,Respiratory Insufficiency,The use of neuroleptic agents is contraindicated in comatose patients and patients with severe central nervous system depression.  Neuroleptic agents may potentiate the CNS and respiratory depression ...More,,DDInter1967
3,Neuroleptic Malignant Syndrome,The central dopaminergic blocking effects of neuroleptic agents may precipitate or aggravate a potentially fatal symptom complex known as neuroleptic malignant syndrome (NMS).  NMS is observed most fr...More,,DDInter1967
3,Long QT Syndrome,"The use of ziprasidone is contraindicated in patients with congenital or acquired QT interval prolongation syndromes, recent acute myocardial infarction, uncompensated heart failure, or a history of c...More",,DDInter1967
2,"Pneumonia, Aspiration",Esophageal dysmotility and aspiration have been associated with the use of antipsychotic drugs.  These drugs should be administered cautiously in patients at risk for aspiration pneumonia.,,DDInter1967
2,Seizures,Antipsychotic and neuroleptic drugs can lower the seizure threshold and trigger seizures in a dose-dependent manner.  This risk is greatest in patients with a history of seizures or with conditions th...More,,DDInter1967
2,Hematologic Diseases,"Cases of leukopenia, neutropenia, and agranulocytosis have been reported with the use of atypical antipsychotic agents.  Patients with preexisting low white blood cell count may be at increased risk. ...More",,DDInter1967
2,Hyperglycemia,"Hyperglycemia, in some cases extreme and associated with ketoacidosis or hyperosmolar coma or death, has been reported with the use of atypical antipsychotic agents.  Patients with diabetes should be ...More",,DDInter1967
2,Hypotension,The use of atypical antipsychotic agents has been associated with orthostatic hypotension and syncope.  Therapy with atypical antipsychotics should be administered cautiously in patients with hypotens...More,,DDInter1967
3,Bisphosphonate-Associated Osteonecrosis of the Jaw,"Osteonecrosis of the jaw (ONJ), which can occur spontaneously, is generally associated with tooth extraction and/or local infection with delayed healing, and has been reported in patients taking bisph...More",,DDInter1968
3,Hypocalcemia,"The use of bisphosphonates is contraindicated for the treatment of osteoporosis in patients with hypocalcemia.  These agents increase bone mineral density, a process that requires an adequate supply o...More",,DDInter1968
3,Kidney Diseases,Zoledronic acid injection is contraindicated in patients with creatinine clearance less than 35 mL/min and in those with evidence of acute renal impairment.  No dosage adjustment is required in patien...More,,DDInter1968
2,Asthma,There have been reports of bronchoconstriction in aspirin-sensitive patients receiving bisphosphonates.  Use of these agents in asthmatic and in aspirin-sensitive patients should be used with caution.,,DDInter1968
3,Coronary Artery Disease,"The group of drugs known as 5-hydroxytryptamine1 receptor (5-HT1) agonists can cause vasospastic reactions, including coronary vasospasm, peripheral vascular ischemia, and colonic ischemia.  Rarely, s...More",,DDInter1969
3,Cardiovascular Diseases,"The use of 5-hydroxytryptamine receptor (5-HT1) agonists is contraindicated in patients with a history or current symptoms or signs of ischemic cardiac, cerebrovascular, and/or peripheral vascular dis...More",,DDInter1969
3,Liver Diseases,"Zolmitriptan is primarily metabolized by the liver.  Following oral administration in patients with severe hepatic impairment, plasma concentrations of zolmitriptan were significantly increased (up to...More",,DDInter1969
2,Kidney Diseases,"Zolmitriptan is excreted in the urine primarily as metabolites but also as unchanged drug.  Following oral administration in patients with renal impairment, the clearance of zolmitriptan was not signi...More",,DDInter1969
3,Alcoholic Intoxication,"Anxiolytic, sedative, and hypnotic agents should generally not be given to patients with acute alcohol intoxication exhibiting depressed vital signs.  The central nervous system depressant effects of ...More",,DDInter1970
3,Depressive Disorder,"A variety of abnormal thinking and behavior changes have been reported to occur in association with the use of most anxiolytics, sedatives and hypnotics.  Some of these changes include decreased inhib...More",,DDInter1970
3,Substance-Related Disorders,"Anxiolytic, sedative, and hypnotic agents have the potential to cause dependence and abuse.  Tolerance as well as physical and psychological dependence can develop, particularly after prolonged use of...More",,DDInter1970
3,Liver Diseases,Zolpidem is primarily metabolized by the liver.  The plasma concentrations and half-life of zolpidem have been shown to increase substantially in the presence of chronic hepatic insufficiency.  Therap...More,,DDInter1970
2,Glaucoma,"Some hypnotic drugs can have an anticholinergic effect and should be used with caution in patients with glaucoma, and trouble urinating due to retention or enlarged prostate.",,DDInter1970
2,Respiratory Insufficiency,"Oral anxiolytic, sedative, and hypnotic agents may cause respiratory depression and apnea when given in high dosages or following acute overdose.  However, some patients may be susceptible at commonly...More",,DDInter1970
2,Kidney Diseases,"Zolpidem is extensively metabolized by the liver and subsequently excreted in the urine, primarily as metabolites.  Limited data suggest that the pharmacokinetic disposition of zolpidem is not altered...More",,DDInter1970
3,Bone Marrow Failure Disorders,"The use of carbonic anhydrase inhibitors may rarely cause bone marrow suppression and blood dyscrasias at recommended dosages.  Aplastic anemia, thrombocytopenia or thrombocytopenia purpura, leukopeni...More",,DDInter1971
3,Hyperthermia,Oligohidrosis (decreased sweating) and hyperthermia have been reported in association with the use of some carbonic anhydrase inhibitor anticonvulsants such as topiramate and zonisamide.  Most of the ...More,,DDInter1971
3,Liver Failure,The use of carbonic anhydrase inhibitors is contraindicated in patients with marked liver disease or cirrhosis.  Carbonic anhydrase inhibitors increase the risk of developing hepatic encephalopathy in...More,,DDInter1971
3,Hematologic Diseases,"The use of sulfonamides has been associated with hematologic toxicity, including methemoglobinemia, sulfhemoglobinemia, leukopenia, granulocytopenia, eosinophilia, hemolytic anemia, aplastic anemia, p...More",,DDInter1971
3,"Hypersensitivity, Immediate","The use of sulfonamides is associated with large increases in the risk of Stevens-Johnson syndrome, toxic epidermal necrolysis and other serious dermatologic reactions, although these phenomena are ra...More",,DDInter1971
3,Depressive Disorder,Antiepileptic drugs including zonisamide can increase depression and suicidal thoughts or behaviors in patients receiving these drugs for any indication.  Patients should be monitored for the emergenc...More,,DDInter1971
2,Depressive Disorder,Antiepileptic drugs (AEDs) have been associated with an increased risk of suicidal thoughts or behavior in patients taking these drugs for any indication.  Pooled analyses of 199 placebo-controlled cl...More,,DDInter1971
2,Kidney Diseases,The major route of elimination of carbonic anhydrase inhibitors is through the kidney.  These drugs should be administered cautiously in patients with reduced renal function and a dose adjustment migh...More,,DDInter1971
2,Acidosis,"Reduced plasma bicarbonate levels and, in some instances, elevated plasma chloride levels may result in metabolic acidosis during long-term therapy with carbonic anhydrase inhibitors.  Therapy with ca...More",,DDInter1971
2,Nephrolithiasis,The use of zonisamide may infrequently be associated with the development of nephrolithiasis.  The reported incidence for clinically possible or confirmed kidney stones was 4.0% (40 of 991 patients) d...More,,DDInter1971
No matching records,,,,DDInter1972
No matching records,,,,DDInter1973
3,Immune Deficiency Disease,"The use of BCG vaccine is contraindicated in patients with congenital or acquired immunodeficiency, including those with severe combined immunodeficiency, hypogammaglobulinemia or agammaglobulinemia, ...More",,DDInter1974
3,Infections,"The use of BCG vaccine is contraindicated in patients with fever unless the cause has been determined and evaluated.  If the fever is due to an infection, administration of BCG vaccine should be defer...More",,DDInter1974
3,Urogenital Diseases,The use of BCG vaccine is contraindicated in patients with a urinary tract infection.  Administration of the vaccine may result in the risk of disseminated BCG infection and/or an increased severity o...More,,DDInter1974
3,Immune Deficiency Disease,"The use of BCG vaccine is contraindicated in patients with congenital or acquired immunodeficiency, including those with severe combined immunodeficiency, hypogammaglobulinemia or agammaglobulinemia, ...More",,DDInter1974
3,Infections,"The use of BCG vaccine is contraindicated in patients with fever unless the cause has been determined and evaluated.  If the fever is due to an infection, administration of BCG vaccine should be defer...More",,DDInter1974
3,Urogenital Diseases,The use of BCG vaccine is contraindicated in patients with a urinary tract infection.  Administration of the vaccine may result in the risk of disseminated BCG infection and/or an increased severity o...More,,DDInter1974
No matching records,,,,DDInter1975
No matching records,,,,DDInter1976
3,Infections,"The immunosuppressant and anti-inflammatory effects of corticosteroids, particularly in higher dosages, may decrease host resistance to infectious agents, decrease the ability to localize infections, ...More",,DDInter1977
2,Latent Tuberculosis,"In patients with latent tuberculosis or tuberculin reactivity, the use of pharmacologic dosages of corticosteroids may cause a reactivation of the disease.  Close monitoring for signs and symptoms of ...More",,DDInter1977
2,Fibrosis,Corticosteroids may have enhanced effects on patients with cirrhosis due to decreased metabolism of these agents.  Patients with cirrhosis should be monitored more closely for excessive cortisol effec...More,,DDInter1977
2,Psychotic Disorders,Corticosteroids may aggravate the symptoms of psychosis and emotional instability.  Patients with these conditions should be monitored for increased or worsened symptoms during corticosteroid therapy.,,DDInter1977
2,Diabetes Mellitus,"Corticosteroids can raise blood glucose level by antagonizing the action and suppressing the secretion of insulin, which results in inhibition of peripheral glucose uptake and increased gluconeogenesi...More",,DDInter1977
2,Water-Electrolyte Imbalance,"Corticosteroids can cause hypernatremia, hypokalemia, and fluid retention.  These mineralocorticoid effects are most significant with fludrocortisone, followed by hydrocortisone and cortisone, then by...More",,DDInter1977
2,Water-Electrolyte Imbalance,"Corticosteroids may cause hypernatremia, hypokalemia, fluid retention, and elevation in blood pressure.  These mineralocorticoid effects are most significant with fludrocortisone, followed by hydrocor...More",,DDInter1977
2,Peptic Ulcer Perforation,"Corticosteroids may cause gastrointestinal perforation and hemorrhage, usually when given in high dosages or for prolonged periods.  They may also mask symptoms of complications such as peritonitis or...More",,DDInter1977
2,Cushing Syndrome,Corticosteroids mimic the effects of endogenous cortisol and aldosterone.  Use of these agents may aggravate conditions of hyperadrenocorticalism in a dose-dependent manner.,,DDInter1977
2,Hyperlipidemias,Corticosteroids may elevate serum triglyceride and LDL cholesterol levels if used for longer than brief periods.  Patients with preexisting hyperlipidemia may require closer monitoring during prolonge...More,,DDInter1977
3,Immune Deficiency Disease,Dengue vaccine is contraindicated in immunocompromised individuals.,,DDInter1978
2,Hepatic Insufficiency,"Deucravacitinib treatment has been associated with an increase in liver enzymes, in some cases greater than 3 times the upper normal limit (ULN).  Liver enzymes should be evaluated at baseline and mon...More",,DDInter1979
2,Infections,Deucravacitinib increases the risk of infection and should be avoided in patients with active or serious infections.  Clinical trials also reported cases of herpes virus reactivation.  Patients should...More,,DDInter1979
2,Neoplasms,"Malignancies including lymphomas were reported in clinical trials with deucravacitinib.  Risks and benefits of each individual patient should be considered prior to treatment initiation, especially in...More",,DDInter1979
2,"Arthritis, Rheumatoid","A large, randomized, postmarketing safety trial of a JAK inhibitor in rheumatoid arthritis (RA) patients 50 years old and older with at least one cardiovascular risk factor, reported higher rates of a...More",,DDInter1979
No matching records,,,,DDInter1980
No matching records,,,,DDInter1981
2,IMMUNE SUPPRESSION,"The expected antibody responses may not be obtained when live attenuated vaccines and/or toxoids are administered to immunosuppressed persons, including those receiving immunosuppressive therapy.  Cau...More",,DDInter1982
3,Infections,"Ideally, vaccination should occur when an individual is healthy, thus minimizing the risk of an adverse host reaction and/or vaccine failure.  However, a current or recent infection does not necessari...More",,DDInter1983
2,Immune Deficiency Disease,"The expected serum antibody responses may not be obtained when vaccines and/or toxoids are administered to patients with primary or acquired immunodeficiency, including those with severe combined immu...More",,DDInter1983
No matching records,,,,DDInter1984
No matching records,,,,DDInter1985
3,Infections,"Ideally, vaccination should occur when an individual is healthy, thus minimizing the risk of an adverse host reaction and/or vaccine failure.  However, a current or recent infection does not necessari...More",,DDInter1986
2,Immune Deficiency Disease,"The expected serum antibody responses may not be obtained when vaccines and/or toxoids are administered to patients with primary or acquired immunodeficiency, including those with severe combined immu...More",,DDInter1986
No matching records,,,,DDInter1987
No matching records,,,,DDInter1988
2,Anticholinergic Syndrome,"Topically applied cholinergic agents are systemically absorbed, with the potential for producing rare but clinically significant systemic effects, including urinary incontinence, tightness of the blad...More",,DDInter1989
No matching records,,,,DDInter1990
2,Cardiovascular Diseases,"Topically applied alpha-2 adrenergic receptor agonists are systemically absorbed, with the potential for producing rare but clinically significant systemic effects.  In the central nervous system, alp...More",,DDInter1991
2,Depressive Disorder,"Topically applied alpha-2 adrenergic receptor agonists are systemically absorbed, with the potential for producing rare but clinically significant systemic effects.  Depression has infrequently been a...More",,DDInter1991
2,Liver Failure,"Topically applied alpha-2 adrenergic receptor agonists are systemically absorbed, with the potential for producing rare but clinically significant systemic effects.  There are limited data concerning ...More",,DDInter1991
No matching records,,,,DDInter1992
No matching records,,,,DDInter1993
3,Depressive Disorder,"Depression-related events, including suicidal ideation or suicide attempt, have been reported with the use of daclizumab.  If severe depression and/or suicidal ideation is present, consider discontinu...More",,DDInter1994
3,Infections,"Infections of the upper respiratory tract, urinary tract, and viral infections, sometimes serious, have been reported with the use of daclizumab.  It is recommended to avoid daclizumab in patients wit...More",,DDInter1994
3,Liver Diseases,"Daclizumab use can cause life-threatening severe liver injury, including liver failure and autoimmune hepatitis.  The use of daclizumab is contraindicated in patients with a history of autoimmune hepa...More",,DDInter1994
3,Tuberculosis,"Tuberculosis has been reported with the use of daclizumab in countries where tuberculosis is endemic.  Prior to initiating treatment, it is recommended to evaluate high-risk patients for tuberculosis ...More",,DDInter1994
2,Skin Diseases,"Serious skin reaction, including photosensitivity reactions, have occurred in patients treated with daclizumab.  It is recommended to use daclizumab with caution in patients with a history of skin con...More",,DDInter1994
3,Narcolepsy,Daridorexant is contraindicated in patients with narcolepsy.,,DDInter1995
2,Alcohol-Induced Disorders,Patients with a history of abuse or addiction to alcohol or other substances may be at increased risk for abuse of or addiction to daridorexant and should be monitored closely.,,DDInter1995
2,"Pulmonary Disease, Chronic Obstructive",Daridorexant is a respiratory depressant and should be used with caution if prescribed to patients with impaired respiratory function.  This drug has not been studied in patients with moderate to seve...More,,DDInter1995
2,Depressive Disorder,Daridorexant can worsen depression and suicidal thoughts and actions and should be used with caution in patients with depression.  These patients should be monitored closely and any preventive measure...More,,DDInter1995
2,Liver Diseases,Daridorexant is not recommended in patients with severe hepatic dysfunction.  The maximum recommended dosage in patients with moderate hepatic dysfunction is 25 mg once per night.,,DDInter1995
No matching records,,,,DDInter1996
2,Hepatic Insufficiency,The use of difelikefalin in patients with severe hepatic impairment has not been evaluated and is not recommended.  A population pharmacokinetic analysis has shown that dosage adjustments are not need...More,,DDInter1997
3,Cardiotoxicity,Cardiovascular toxicity has been reported with asciminib in patients with preexisting cardiovascular conditions or risk factors for cardiovascular disease.  Reports of cardiovascular toxicity have inc...More,,DDInter1998
3,Pancreatitis,Asciminib can cause increases in serum lipase.  Patients with a previous history of pancreatitis might be at increased risk and should be monitored carefully for lipase elevations and any abdominal sy...More,,DDInter1998
2,Hypertension,The use of asciminib may cause hypertension.  Blood pressure should be well-controlled prior to initiating asciminib and treated as needed with standard anti-hypertensive therapy.  For persistent hype...More,,DDInter1998
No matching records,,,,DDInter1999
No matching records,,,,DDInter2000
No matching records,,,,DDInter2001
No matching records,,,,DDInter2002
No matching records,,,,DDInter2003
No matching records,,,,DDInter2004
No matching records,,,,DDInter2005
No matching records,,,,DDInter2006
3,Liver Failure,"Levoketoconazole has been associated with serious hepatotoxicity and it is contraindicated in patients with cirrhosis, acute liver disease or poorly controlled chronic liver disease, baseline AST or A...More",,DDInter2007
3,Long QT Syndrome,Levoketoconazole is associated with dose-related QT interval prolongation which may result in life-threatening ventricular dysrhythmias such as torsades de pointes.  This drug is contraindicated in pa...More,,DDInter2007
2,Hypokalemia,Electrolyte imbalances such as hypokalemia and hypomagnesemia must be treated and corrected before starting treatment with levoketoconazole.,,DDInter2007
No matching records,,,,DDInter2008
No matching records,,,,DDInter2009
2,Guillain-Barre Syndrome,Persons previously diagnosed with Guillain-Barré syndrome (GBS) may be at increased risk of GBS following receipt of meningococcal conjugate vaccine.  The decision to give this vaccine should take int...More,,DDInter2010
2,IMMUNE SUPPRESSION,"The expected antibody responses may not be obtained when live attenuated vaccines and/or toxoids are administered to immunosuppressed persons, including those receiving immunosuppressive therapy.  Cau...More",,DDInter2010
2,IMMUNE SUPPRESSION,"The expected antibody responses may not be obtained when live attenuated vaccines and/or toxoids are administered to immunosuppressed persons, including those receiving immunosuppressive therapy.  Cau...More",,DDInter2011
No matching records,,,,DDInter2012
No matching records,,,,DDInter2013
No matching records,,,,DDInter2014
No matching records,,,,DDInter2015
No matching records,,,,DDInter2016
No matching records,,,,DDInter2017
No matching records,,,,DDInter2019
No matching records,,,,DDInter2020
No matching records,,,,DDInter2021
No matching records,,,,DDInter2022
3,Cardiovascular Diseases,"Major adverse cardiovascular events such as cardiovascular death, myocardial infarction, and non-fatal stroke were observed in clinical studies with abrocitinib.  Patients over 50 years old, current o...More",,DDInter2023
3,Infections,"Serious infections leading to hospitalization or death, including tuberculosis (TB) and bacterial, invasive fungal, viral, and other opportunistic infections, have occurred in patients receiving JAK i...More",,DDInter2023
3,Neoplasms,"Malignancies, including lymphomas and lung cancers have been reported in patients receiving JAK inhibitors such as abrocitinib.  Consider the benefits and risks for the individual patient prior to ini...More",,DDInter2023
3,Thrombosis,"Deep venous thrombosis (DVT) and pulmonary embolism (PE) were observed in patients receiving abrocitinib.  Patients 50 years of age and older with at least one cardiovascular risk factor, had higher r...More",,DDInter2023
2,Liver Diseases,Abrocitinib is not recommended for use in patients with severe hepatic impairment.,,DDInter2023
2,Kidney Diseases,Abrocitinib is not recommended for use in patients with severe renal impairment (eGFR less than 30 mL/min) and end-stage renal disease (eGFR less than 15 mL/min).,,DDInter2023
3,Diabetes Mellitus,The coadministration of some angiotensin II receptor blocker agents with aliskiren is contraindicated in patients with diabetes.,,DDInter2025
3,Angioedema,The use of these agents is contraindicated in patients with a history of angioedema related to previous angiotensin-converting enzyme (ACE) inhibitor or angiotensin II receptor blocker (ARB) therapy o...More,,DDInter2025
3,Hypotension,"Angiotensin II receptor (AR) antagonists can cause symptomatic hypotension in patients with an activated renin-angiotensin system, such as volume- and/or sodium-depleted patients.  Therapy with AR ant...More",,DDInter2025
2,Heart Failure,"Angiotensin II receptor (AR) antagonists can cause renal impairment in patients whose renal function depends on the activity of the renin-angiotensin-aldosterone system.  In addition, symptomatic hypo...More",,DDInter2025
2,Hyperkalemia,"Drugs that inhibit the renin-angiotensin, such as angiotensin II receptor antagonist system can cause hyperkalemia.  Concomitant use of these agents with drugs that increase potassium levels may incre...More",,DDInter2025
2,Renal Artery Obstruction,"In patients with bilateral renal artery stenosis or renal artery stenosis in a solitary kidney, angiotensin II receptor (AR) antagonists may reduce renal perfusion to a critically low level.  Increase...More",,DDInter2025
2,Kidney Diseases,Changes in renal function including acute renal failure can be caused by drugs that inhibit the renin-angiotensin system and by diuretics.  Patients whose renal function may depend in part on the acti...More,,DDInter2025
2,Liver Diseases,"Candesartan is eliminated by the kidney as well as by biliary excretion.  Dosage adjustments are not necessary in patients with mild renal impairment unless they are also volume-depleted, in which cas...More",,DDInter2025
3,Angioedema,The use of these agents is contraindicated in patients with hereditary angioedema or a history of idiopathic angioedema.  Patients with a history of angioedema unrelated to ACE inhibitors may be at in...More,,DDInter2026
3,Bone Marrow Failure Disorders,"ACE inhibitors may cause bone marrow suppression, rarely in uncomplicated individuals but more frequently in patients with renal impairment, especially if they also have a collagen-vascular disease su...More",,DDInter2026
3,Heart Failure,"ACE inhibitors can cause marked renal impairment in patients whose renal function depends on the activity of the renin-angiotensin-aldosterone system.  In addition, symptomatic and sometimes excessive...More",,DDInter2026
3,Diseases requiring hemodialysis,Anaphylactoid reactions have been reported in patients undergoing hemodialysis with high-flux polyacrylonitrile membranes and treated concomitantly with an ACE inhibitor.  The frequency and mechanism ...More,,DDInter2026
3,Hyperkalemia,"In patients with hyperkalemia, especially those associated with impaired renal function or congestive heart failure, ACE inhibitors may further raise serum potassium levels.  Therapy with ACE inhibito...More",,DDInter2026
3,Hypotension,"ACE inhibitors can cause symptomatic hypotension, most often during the initiation of therapy and in patients who are volume- and/or sodium-depleted or treated for congestive heart failure (CHF).  The...More",,DDInter2026
2,Liver Diseases,"Rarely, elevations of liver enzymes and/or serum bilirubin have occurred with the use of ACE inhibitors.  Patients receiving ACE inhibitors who develop jaundice or marked elevations of hepatic enzymes...More",,DDInter2026
2,Kidney Diseases,"With the exception of fosinopril, ACE inhibitors (and/or their active metabolites in some cases) are primarily eliminated by the kidney and may accumulate in patients with renal impairment.  ACE inhib...More",,DDInter2026
No matching records,,,,DDInter2027
3,Infections,"Serious and sometimes fatal infections have been reported in patients receiving immunosuppressive agents.  Patients receiving immunosuppressants are at increased risk of developing bacterial, viral, f...More",,DDInter2028
No matching records,,,,DDInter2029
No matching records,,,,DDInter2030
No matching records,,,,DDInter2031
2,Infections,"Efgartigimod alfa may increase the risk of infection.  Clinical studies have shown patients receiving efgartigimod alfa had below normal levels of white blood cell counts, lymphocytes, and neutrophils...More",,DDInter2032
No matching records,,,,DDInter2033
2,Diabetes Mellitus,"Corticosteroids can raise blood glucose level by antagonizing the action and suppressing the secretion of insulin, which results in inhibition of peripheral glucose uptake and increased gluconeogenesi...More",,DDInter2034
2,Diaper Rash,"Topical corticosteroids, especially the potent agents (e.g., augmented betamethasone, clobetasol, diflorasone, and halobetasol), are generally not recommended for use in the treatment of diaper rash. ...More",,DDInter2034
2,Adrenocortical Hyperfunction,The use of topical corticosteroids may precipitate or aggravate conditions of hyperadrenocorticism.  Systemic absorption of these agents can produce reversible hypothalamic-pituitary-adrenal axis supp...More,,DDInter2034
2,Infections,"Topical corticosteroids may be systemically absorbed, depending on the vehicle and concentration of the preparation, the size of the application area, the duration of administration, and whether or no...More",,DDInter2034
2,Toxic Optic Neuropathy,"Prolonged use of corticosteroids may cause posterior subcapsular cataracts and elevated intraocular pressure, the latter of which may lead to glaucoma and/or damage to the optic nerves.  Therapy with ...More",,DDInter2034
2,Diabetes Mellitus,"Corticosteroids can raise blood glucose level by antagonizing the action and suppressing the secretion of insulin, which results in inhibition of peripheral glucose uptake and increased gluconeogenesi...More",,DDInter2034
2,Diaper Rash,"Topical corticosteroids, especially the potent agents (e.g., augmented betamethasone, clobetasol, diflorasone, and halobetasol), are generally not recommended for use in the treatment of diaper rash. ...More",,DDInter2034
2,Adrenocortical Hyperfunction,The use of topical corticosteroids may precipitate or aggravate conditions of hyperadrenocorticism.  Systemic absorption of these agents can produce reversible hypothalamic-pituitary-adrenal axis supp...More,,DDInter2034
2,Infections,"Topical corticosteroids may be systemically absorbed, depending on the vehicle and concentration of the preparation, the size of the application area, the duration of administration, and whether or no...More",,DDInter2034
2,Toxic Optic Neuropathy,"Prolonged use of corticosteroids may cause posterior subcapsular cataracts and elevated intraocular pressure, the latter of which may lead to glaucoma and/or damage to the optic nerves.  Therapy with ...More",,DDInter2034
No matching records,,,,DDInter2035
No matching records,,,,DDInter2036
3,Cardiovascular Diseases,"In a major safety study of a Janus kinase (JAK) inhibitor, tofacitinib, in rheumatoid arthritis patients 50 years and older with at least 1 cardiovascular risk factor, higher rates of all-cause mortal...More",,DDInter2037
3,Neoplasms,Malignancies (including lymphomas and solid tumors) have been reported in patients treated with tofacitinib and other Janus kinase (JAK) inhibitors used to treat inflammatory conditions; lymphomas and...More,,DDInter2037
3,Thrombosis,"Thrombosis (including deep venous thrombosis, pulmonary embolism, and arterial thrombosis) has occurred in patients treated for inflammatory conditions with Janus kinase (JAK) inhibitors, including ba...More",,DDInter2037
3,Diarrhea,"Severe diarrhea, sometimes requiring discontinuation of treatment, has occurred in patients treated with pacritinib.  Preexisting diarrhea should be controlled prior to starting treatment with pacriti...More",,DDInter2037
3,Infections,"Serious and sometimes fatal infections due to bacterial, mycobacterial, invasive fungal, viral, or other opportunistic pathogens have been reported in patients receiving pacritinib.  It is recommended...More",,DDInter2037
2,Hemorrhage,"Serious episodes of bleeding, including those requiring transfusion/invasive intervention, and some leading to fatal bleeding events have been reported in patients treated with pacritinib.  Platelet c...More",,DDInter2037
2,Long QT Syndrome,"Pacritinib can cause a QT prolongation of greater than 500 msec, and patients receiving this drug were more likely to develop a QT prolongation of at least 60 msec from baseline (compared to the contr...More",,DDInter2037
No matching records,,,,DDInter2038
2,"Arrhythmias, Cardiac","The use of ponesimod may result in a transient decrease in heart rate and atrioventricular (AV) conduction delays, especially during treatment initiation.  This drug is not recommended in patients wit...More",,DDInter2039
2,Hypertension,The use of ponesimod may result in increased blood pressure.  Care should be exercised when using this drug in hypertensive patients and those at risk for hypertension.  It is recommended to monitor b...More,,DDInter2039
2,Infections,"The use of ponesimod may increase the risk of infections, and some serious infections with opportunistic pathogens including viruses have been reported.  Prior to treatment, a recent CBC (i.e., within...More",,DDInter2039
2,Liver Diseases,The use of this drug may increase liver transaminases.  Ponesimod is not recommended in patients with moderate or severe hepatic impairment (Child-Pugh class B and C).  No dosage adjustment is necessa...More,,DDInter2039
2,Lung Diseases,Dyspnea has been reported with the use of ponesimod.  Dose-dependent reductions in forced expiratory volume over 1 second (FEV1) and reductions in diffusion lung capacity for carbon monoxide have been...More,,DDInter2039
2,Brain Diseases,Rare cases of posterior reversible encephalopathy syndrome (PRES) have been reported in patients receiving a sphingosine 1-phosphate receptor modulator.  It is recommended to promptly schedule a compl...More,,DDInter2039
2,Macular Edema,Macular edema has been reported with the use of sphingosine 1-phosphate (S1P) receptor modulators.  Care should be exercised when using these drugs in patients with a history of uveitis and patients w...More,,DDInter2039
2,Multiple Sclerosis,"Rare cases of severe exacerbation of multiple sclerosis (MS), including disease rebound, have been reported after discontinuation of sphingosine 1-phosphate receptor modulator in MS treated patients. ...More",,DDInter2039
No matching records,,,,DDInter2040
No matching records,,,,DDInter2041
No matching records,,,,DDInter2042
3,Hepatic Insufficiency,"Atogepant should be avoided in patients with severe hepatic impairment.  For patients with mild (Child-Pugh Class A), moderate (Child-Pugh Class B), or severe hepatic impairment (Child-Pugh Class C), ...More",,DDInter2043
3,Adrenal Insufficiency,The use of finerenone is contraindicated in patients with adrenal insufficiency.,,DDInter2044
3,Hepatic Insufficiency,The use of finerenone should be avoided in patients with severe liver impairment.,,DDInter2044
2,Hyperkalemia,Patients with baseline serum potassium over 5.0 mEq/L should not initiate treatment with finerenone.  Patients undergoing treatment should have their serum potassium regularly monitored and should hav...More,,DDInter2044
No matching records,,,,DDInter2045
No matching records,,,,DDInter2046
No matching records,,,,DDInter2047
No matching records,,,,DDInter2048
No matching records,,,,DDInter2049
2,"Lung Diseases, Interstitial","The use of tepotinib may cause interstitial lung disease (ILD)/pneumonitis, sometimes resulting in fatalities.  Care should be exercised when using this drug in patients with preexisting pulmonary imp...More",,DDInter2050
2,Liver Diseases,"The use of tepotinib may cause hepatotoxicity, sometimes resulting in fatalities.  No dosage modification is recommended in patients with mild (Child-Pugh A) or moderate (Child-Pugh B) liver dysfuncti...More",,DDInter2050
2,Kidney Diseases,Care should be exercised when using tepotinib in patients with severe renal dysfunction (CrCl less than 30 mL/min) as the recommended dosage has not been established in this patient population.  No do...More,,DDInter2050
No matching records,,,,DDInter2051
No matching records,,,,DDInter2052
No matching records,,,,DDInter2053
No matching records,,,,DDInter2054
3,Breast Neoplasms,The use of progestogens is considered by manufacturers to be contraindicated in patients with existing or suspected malignancy of the breast.  Some supportive data are available for medroxyprogesteron...More,,DDInter2055
3,Liver Diseases,"The use of progestogens, in general, is contraindicated in patients with impaired hepatic function or liver disease.  There are little or no data concerning the pharmacokinetic disposition of the diff...More",,DDInter2055
3,Thromboembolism,"The use of progestogens, in general, is considered by manufacturers to be contraindicated in patients with active thrombophlebitis, cerebrovascular disease, or a current or past history of thromboembo...More",,DDInter2055
2,Depressive Disorder,The use of oral contraceptives has been associated with an increased incidence of depression.  It is uncertain whether this effect is related to the estrogenic or the progestogenic component of the co...More,,DDInter2055
2,Water-Electrolyte Imbalance,"Estrogens and progestogens may cause fluid retention, particularly when given in high dosages or for prolonged periods.  Therapy with these agents should be administered cautiously in patients who hav...More",,DDInter2055
2,Glucose Intolerance,"Impaired glucose tolerance has been observed in some patients administered oral contraceptives and appears to be related primarily to the estrogen dose.  However, progestogens can increase insulin sec...More",,DDInter2055
2,Eye Diseases,Estrogens and progestogens may cause retinal thrombosis.  Oral contraceptives should be discontinued if there is unexplained partial or complete loss of vision; onset of proptosis or diplopia; papille...More,,DDInter2055
2,Thyroid Diseases,"When administering estrogen and/or progestogen therapy in patients with thyroid disorders, clinicians should be aware that these hormones may affect thyroid function tests.  Changes have mostly been r...More",,DDInter2055
2,Hyperlipidemias,"Some progestogenic agents may elevate plasma LDL levels and/or lower HDL levels, although data have been inconsistent.  Patients with preexisting hyperlipidemia may require closer monitoring during pr...More",,DDInter2055
1,Weight Gain,"Progestogens can cause weight gain, which may be significant (as is the case with parenteral medroxyprogesterone) and undesirable in obese patients attempting to lose weight.",,DDInter2055
No matching records,,,,DDInter2056
No matching records,,,,DDInter2057
2,Hepatic Insufficiency,Corticosteroids are predominantly cleared by hepatic metabolism and impairment of the liver function may lead to their accumulation.  Patients with hepatic disease should be closely monitored.,,DDInter2058
2,Inflammatory Bowel Diseases,Iron can be irritating and damaging to gastrointestinal mucosa.  Iron therapy should be avoided during an active flare of inflammatory bowel disease.,,DDInter2059
No matching records,,,,DDInter2060
No matching records,,,,DDInter2061
No matching records,,,,DDInter2062
No matching records,,,,DDInter2063
3,Colitis,"Clostridioides difficile-associated diarrhea (CDAD), formerly pseudomembranous colitis, has been reported with almost all antibacterial drugs and may range from mild diarrhea to fatal colitis.  The mo...More",,DDInter2064
2,Alcoholism,"Furazolidone may inhibit alcohol dehydrogenase and occasionally precipitate a disulfiram-like reaction in patients who consume alcohol while taking the medication.  Symptoms may include nausea, vomiti...More",,DDInter2064
2,Glucosephosphate Dehydrogenase Deficiency,"Furazolidone may cause mild, reversible hemolytic anemia in the presence of glucose-6-phosphate dehydrogenase (G-6-PD) deficiency.  Therapy with furazolidone should be administered cautiously in patie...More",,DDInter2064
No matching records,,,,DDInter2065
No matching records,,,,DDInter2066
3,Seizures,"The use of erythropoiesis stimulating agents increases the risk of seizures in patients with chronic renal failure.  Seizure development may be related to the rate of rise in hematocrit, which is also...More",,DDInter2067
3,Diseases requiring hemodialysis,"The increase in hematocrit and decrease in plasma volume associated with erythropoiesis-stimulating agents therapy may, theoretically, affect dialysis efficiency.  Patients may require adjustments in ...More",,DDInter2067
3,Hypertension,The use of erythropoiesis-stimulating agents is contraindicated in patients with uncontrolled hypertension.  These agents may cause blood pressure to rise.  Hypertensive encephalopathy and seizures ha...More,,DDInter2067
3,"Red-Cell Aplasia, Pure",The use of erythropoiesis-stimulating agents is contraindicated in patients that develop pure red cell aplasia that begins after treatment with erythropoietin protein drugs.,,DDInter2067
No matching records,,,,DDInter2068
3,Peptic Ulcer,"Salicylates, particularly aspirin, can cause dose-related gastrointestinal bleeding and mucosal damage, which may occur independently of each other.  Occult, often asymptomatic GI blood loss is quite ...More",,DDInter2070
3,Kidney Diseases,"Salicylate and its metabolites are eliminated almost entirely by the kidney.  Therapy with salicylate drugs should be administered cautiously in patients with renal impairment, especially if it is sev...More",,DDInter2070
3,Reye Syndrome,"The use of salicylates, primarily aspirin, in children with varicella infections or influenza-like illnesses has been associated with an increased risk of Reye's syndrome.  Although a causal relations...More",,DDInter2070
2,Hypermagnesemia,Each gram of anhydrous magnesium salicylate contains approximately 6.7 mEq of magnesium.  Therapy with products containing magnesium salicylate should be avoided or administered cautiously in patients...More,,DDInter2070
2,Anemia,"Occult, often asymptomatic GI blood loss occurs quite frequently with the use of normal dosages of aspirin and stems from the drug's local effect on the GI mucosa.  During chronic therapy, this type o...More",,DDInter2070
2,Blood Coagulation Disorders,"All salicylates can interfere with the action of vitamin K and induce a dose-dependent alteration in hepatic synthesis of coagulation factors VII, IX and X.  At usual recommended dosages, a slight inc...More",,DDInter2070
2,Diseases requiring dialysis,"Salicylate and its metabolites are readily removed by hemodialysis and, to a lesser extent, by peritoneal dialysis.  Doses should either be scheduled for administration after dialysis or supplemental ...More",,DDInter2070
2,Glucosephosphate Dehydrogenase Deficiency,"Salicylates, particularly aspirin, may cause or aggravate hemolysis in patients with pyruvate kinase or glucose-6-phosphate dehydrogenase (G-6-PD) deficiency.  However, this effect has not been clearl...More",,DDInter2070
2,Liver Diseases,"The use of salicylates has occasionally been associated with acute, reversible hepatotoxicity, primarily manifested as elevations of serum transaminases, alkaline phosphatase and/or, rarely, bilirubin...More",,DDInter2070
3,Asthma,"The use of allergen immunotherapy, such as mixed grass pollens, ragweed pollen, house dust mite allergen extract, and timothy grass pollen allergen extracts may cause severe allergic reactions such as...More",,DDInter2071
3,Eosinophilic Esophagitis,"The use of allergen immunotherapy, such as mixed grass pollens, ragweed pollen, house dust mite allergen extract, and timothy grass pollen allergen extracts, is contraindicated in patients with a hist...More",,DDInter2071
2,Cardiovascular Diseases,"The use of allergen immunotherapy, such as mixed grass pollens, ragweed pollen, house dust mite allergen extract, and timothy grass pollen allergen extracts may not be suitable for patients with certa...More",,DDInter2071
2,Lactose Intolerance,"The product Oralair, of mixed grass pollens allergen extract, contains lactose monohydrate as one of the inactive ingredients in its formulation.  Care should be exercised when using this agent in pat...More",,DDInter2071
No matching records,,,,DDInter2072
No matching records,,,,DDInter2073
No matching records,,,,DDInter2074
3,Hemoglobinopathies,"There is no excretory mechanism for iron.  Iron will correct only hemoglobin abnormalities due to iron deficiency and should not be used to treat conditions such as thalassemia, hemosiderosis, hemochr...More",,DDInter2075
3,Iron Overload,"Iron therapy should not be used in patients with thalassemia, hemosiderosis, hemochromatosis, or in those patients receiving repeat blood transfusions due to the potential for iron overload.",,DDInter2075
No matching records,,,,DDInter2076
3,Kidney Diseases,"Magnesium is eliminated by the kidney.  The serum concentration of magnesium is increased in patients with renal impairment.  Magnesium toxicity includes CNS depression, muscular paralysis, respirator...More",,DDInter2077
No matching records,,,,DDInter2078
3,Heart Valve Diseases,The use of dabigatran is contraindicated in patients with mechanical prosthetic valves.  The use of dabigatran for the prophylaxis of thromboembolic events in patients with atrial fibrillation in the ...More,,DDInter2079
3,Hemorrhage,"The use of thrombin inhibitors is contraindicated in the presence of active major bleeding.  Additionally, these drugs should be used with caution in patients with disease states associated with an in...More",,DDInter2079
2,Kidney Diseases,The anticoagulant activity and half-life of dabigatran may increase in patients with renal impairment.  It is recommended to decrease the dose in patients with severe renal impairment (CrCl 15-30 mL/m...More,,DDInter2079
2,Antiphospholipid Syndrome,"Direct acting oral anticoagulants including factor Xa inhibitors and some thrombin inhibitors as dabigatran, are not recommended for use in patients with antiphospholipid syndrome (APS).  Treatment wi...More",,DDInter2079
3,Heart Valve Diseases,The use of dabigatran is contraindicated in patients with mechanical prosthetic valves.  The use of dabigatran for the prophylaxis of thromboembolic events in patients with atrial fibrillation in the ...More,,DDInter2079
3,Hemorrhage,"The use of thrombin inhibitors is contraindicated in the presence of active major bleeding.  Additionally, these drugs should be used with caution in patients with disease states associated with an in...More",,DDInter2079
2,Kidney Diseases,The anticoagulant activity and half-life of dabigatran may increase in patients with renal impairment.  It is recommended to decrease the dose in patients with severe renal impairment (CrCl 15-30 mL/m...More,,DDInter2079
2,Antiphospholipid Syndrome,"Direct acting oral anticoagulants including factor Xa inhibitors and some thrombin inhibitors as dabigatran, are not recommended for use in patients with antiphospholipid syndrome (APS).  Treatment wi...More",,DDInter2079
No matching records,,,,DDInter2080
3,Inflammatory Bowel Diseases,The use of laxatives is contraindicated in patients with inflammatory bowel disease.  Patients with inflammatory bowel disease may experience colonic perforation with use of stimulant laxatives.,,DDInter2081
3,Intestinal Obstruction,The use of laxatives is contraindicated in patients with intestinal obstruction disorders.  Patients with intestinal obstruction disorders may need their underlying condition treated to correct the co...More,,DDInter2081
No matching records,,,,DDInter2082
No matching records,,,,DDInter2084
No matching records,,,,DDInter2085
No matching records,,,,DDInter2086
3,Hepatitis B,Severe acute exacerbations of HBV have been reported in HBV-infected patients who have discontinued products containing emtricitabine and/or tenofovir disoproxil fumarate (DF) and may occur with disco...More,,DDInter2087
3,Liver Diseases,"Hepatotoxicity including lactic acidosis, severe hepatomegaly with steatosis, fulminant hepatitis, and hepatic failure has been associated with the use of some nucleoside reverse transcriptase inhibit...More",,DDInter2087
2,Bone Diseases,"In clinical trials, tenofovir disoproxil fumarate (DF) was associated with slightly greater reductions in bone mineral density (BMD) and increases in biochemical markers of bone metabolism, suggesting...More",,DDInter2087
2,Liver Diseases,Tenofovir alafenamide (as a single ingredient product) is not recommended in patients with decompensated liver dysfunction (Child-Pugh B or C); safety and efficacy have not been established in these p...More,,DDInter2087
2,Kidney Diseases,"Tenofovir is primarily eliminated by the kidneys via glomerular filtration and active tubular secretion.  Serum creatinine, estimated CrCl, urine glucose, and urine protein should be assessed in all p...More",,DDInter2087
3,Hepatitis B,Severe acute exacerbations of HBV have been reported in HBV-infected patients who have discontinued products containing emtricitabine and/or tenofovir disoproxil fumarate (DF) and may occur with disco...More,,DDInter2087
3,Liver Diseases,"Hepatotoxicity including lactic acidosis, severe hepatomegaly with steatosis, fulminant hepatitis, and hepatic failure has been associated with the use of some nucleoside reverse transcriptase inhibit...More",,DDInter2087
2,Bone Diseases,"In clinical trials, tenofovir disoproxil fumarate (DF) was associated with slightly greater reductions in bone mineral density (BMD) and increases in biochemical markers of bone metabolism, suggesting...More",,DDInter2087
3,Hepatitis B,Severe acute exacerbations of HBV have been reported in HBV-infected patients who have discontinued products containing emtricitabine and/or tenofovir disoproxil fumarate (DF) and may occur with disco...More,,DDInter2088
3,Liver Diseases,"Hepatotoxicity including lactic acidosis, severe hepatomegaly with steatosis, fulminant hepatitis, and hepatic failure has been associated with the use of some nucleoside reverse transcriptase inhibit...More",,DDInter2088
2,Bone Diseases,"In clinical trials, tenofovir disoproxil fumarate (DF) was associated with slightly greater reductions in bone mineral density (BMD) and increases in biochemical markers of bone metabolism, suggesting...More",,DDInter2088
2,Liver Diseases,Tenofovir alafenamide (as a single ingredient product) is not recommended in patients with decompensated liver dysfunction (Child-Pugh B or C); safety and efficacy have not been established in these p...More,,DDInter2088
2,Kidney Diseases,"Tenofovir is primarily eliminated by the kidneys via glomerular filtration and active tubular secretion.  Serum creatinine, estimated CrCl, urine glucose, and urine protein should be assessed in all p...More",,DDInter2088
2,Liver Diseases,Tenofovir alafenamide (as a single ingredient product) is not recommended in patients with decompensated liver dysfunction (Child-Pugh B or C); safety and efficacy have not been established in these p...More,,DDInter2088
2,Kidney Diseases,"Tenofovir is primarily eliminated by the kidneys via glomerular filtration and active tubular secretion.  Serum creatinine, estimated CrCl, urine glucose, and urine protein should be assessed in all p...More",,DDInter2088
3,Infections,"Serious and sometimes fatal infections have been reported in patients receiving immunosuppressive agents.  Patients receiving immunosuppressants are at increased risk of developing bacterial, viral, f...More",,DDInter2089
3,Liver Diseases,Voclosporin is predominantly metabolized by CYP450 3A4.  Avoid the use of voclosporin in patients with severe hepatic impairment (Child-Pugh C).  It is recommended to reduce the dose of voclosporin to...More,,DDInter2089
2,Neurotoxicity Syndromes,"The use of voclosporin, like other calcineurin-inhibitors, can cause acute and/or chronic nephrotoxicity.  Voclosporin use is not recommended in patients with a baseline estimated glomerular filtratio...More",,DDInter2089
2,Neurotoxicity Syndromes,The use of voclosporin may cause a spectrum of neurotoxicities.  It is recommended to monitor for neurologic symptoms and to consider dosage reduction or discontinuation if neurotoxicity occurs.  Care...More,,DDInter2089
2,"Red-Cell Aplasia, Pure","Calcineurin-inhibitors, may cause pure red cell aplasia (PRCA).  Care should be exercised when using voclosporin in patients at risk for PRCA, such as parvovirus B19 infection, underlying disease, or ...More",,DDInter2089
2,Long QT Syndrome,The use of voclosporin prolongs the QTc interval in a dose-dependent manner.  Studies have demonstrated that after a single dose administration at a dose higher than the recommended lupus nephritis th...More,,DDInter2089
2,Hypertension,"The use of voclosporin causes hypertension.  Exercise care when using this agent in hypertensive patients, including patients on antihypertensive drugs.  It is recommended to monitor blood pressure re...More",,DDInter2089
3,Substance-Related Disorders,"Anxiolytic, sedative, and hypnotic agents have the potential to cause dependence and abuse.  Tolerance as well as physical and psychological dependence can develop, particularly after prolonged use of...More",,DDInter2090
3,Kidney Diseases,Gabapentin is primarily eliminated unchanged by the kidney.  Therapy with gabapentin should be administered cautiously in patients with impaired renal function.  Dosage adjustments and titration shoul...More,,DDInter2090
2,Depressive Disorder,Antiepileptic drugs (AEDs) have been associated with an increased risk of suicidal thoughts or behavior in patients taking these drugs for any indication.  Pooled analyses of 199 placebo-controlled cl...More,,DDInter2090
2,Diseases requiring hemodialysis,Gabapentin is removed by hemodialysis and should be administered after dialysis.,,DDInter2090
3,Retinal Detachment,"The use of miotic agents may occasionally cause retinal detachment due to drug-induced ciliary or accommodative spasm, which causes the lens and vitreous to move forward and create a retinal tear.  Th...More",,DDInter2091
3,Uveitis,The use of miotic agents is contraindicated in patients with active anterior uveitis and/or glaucoma associated with iridocyclitis.  Pupillary constriction produced by these agents may aggravate the i...More,,DDInter2091
2,Cataract,The use of miotic agents has been associated with the development of lens opacities characterized by the appearance of anterior subcapsular vacuoles.  The incidence of cataracts appears to be highest ...More,,DDInter2091
2,Anticholinergic Syndrome,"Topically applied cholinergic agents are systemically absorbed, with the potential for producing rare but clinically significant systemic effects, including urinary incontinence, tightness of the blad...More",,DDInter2091
No matching records,,,,DDInter2092
No matching records,,,,DDInter2093
No matching records,,,,DDInter2094
No matching records,,,,DDInter2095
2,Cardiovascular Diseases,Caution and appropriate monitoring should be exercised when administering pneumococcal 23 valent vaccine to individuals with severely compromised cardiovascular and/or pulmonary function in whom a sys...More,,DDInter2096
2,Immune Deficiency Disease,"The expected serum antibody responses may not be obtained when vaccines and/or toxoids are administered to patients with primary or acquired immunodeficiency, including those with severe combined immu...More",,DDInter2096
No matching records,,,,DDInter2097
No matching records,,,,DDInter2098
No matching records,,,,DDInter2099
No matching records,,,,DDInter2100
No matching records,,,,DDInter2101
No matching records,,,,DDInter2102
No matching records,,,,DDInter2103
No matching records,,,,DDInter2104
No matching records,,,,DDInter2105
No matching records,,,,DDInter2106
3,Infections,"Ideally, vaccination should occur when an individual is healthy, thus minimizing the risk of an adverse host reaction and/or vaccine failure.  However, a current or recent infection does not necessari...More",,DDInter2107
2,Nervous System Diseases,The use of whole-cell pertussis vaccine has rarely been associated with the development of severe encephalopathies.  Permanent brain damage and death have been reported.  Although a causal relationshi...More,,DDInter2107
2,Immune Deficiency Disease,"The expected serum antibody responses may not be obtained when vaccines and/or toxoids are administered to patients with primary or acquired immunodeficiency, including those with severe combined immu...More",,DDInter2107
No matching records,,,,DDInter2108
2,Parasitic Diseases,Tralokinumab may influence the immune response against helminth infections by inhibiting interleukin 13 (IL-13) signaling.  Patients with preexisting helminth infections should be treated before initi...More,,DDInter2109
2,Vision Disorders,"Conjunctivitis and keratitis occurred more frequently in patients with atopic dermatitis who received tralokinmab, being conjunctivitis the most frequently reported eye disorder.  Patients should repo...More",,DDInter2109
No matching records,,,,DDInter2110
No matching records,,,,DDInter2111
No matching records,,,,DDInter2112
No matching records,,,,DDInter2114
No matching records,,,,DDInter2115
2,Liver Diseases,"Oteseconazole has not been studied in patients with moderate or severe liver dysfunction (Child-Pugh B-C), therefore, it is not recommended for use in these patients.",,DDInter2116
2,Kidney Diseases,Oteseconazole has not been studied in patients with severe renal dysfunction and it is not recommended in this patient population.,,DDInter2116
No matching records,,,,DDInter2117
No matching records,,,,DDInter2118
No matching records,,,,DDInter2119
No matching records,,,,DDInter2120
No matching records,,,,DDInter2121
No matching records,,,,DDInter2122
No matching records,,,,DDInter2123
3,Inflammatory Bowel Diseases,The use of laxatives is contraindicated in patients with inflammatory bowel disease.  Patients with inflammatory bowel disease may experience colonic perforation with use of stimulant laxatives.,,DDInter2124
3,Intestinal Obstruction,The use of laxatives is contraindicated in patients with intestinal obstruction disorders.  Patients with intestinal obstruction disorders may need their underlying condition treated to correct the co...More,,DDInter2124
3,Appendicitis,The use of stimulant laxatives is contraindicated in patients with or who may have acute surgical abdomen or appendicitis.  These patients may be candidates for emergency surgery.  Stimulant laxatives...More,,DDInter2124
3,Rectal Diseases,"The use of stimulant laxatives is contraindicated in patients with anal or rectal fissures.  These preparations may cause irritation, burning sensation, and proctitis.",,DDInter2124
No matching records,,,,DDInter2125
No matching records,,,,DDInter2126
3,Liver Diseases,"Liver function test (LFT) abnormalities included ALT, AST, and/or total/direct bilirubin elevations and occurred in patients given maralixibat.  Maralixibat was not tested in patients with clinically ...More",,DDInter2127
2,Fat Soluble Vitamin Deficiency,"Maralixibat may affect fat-soluble vitamin (FSV [e.g., vitamins A, D, E, K]) absorption.  Baseline FSV levels should be obtained prior to starting treatment, and levels should be monitored throughout ...More",,DDInter2127
2,Fibrosis,The efficacy and safety of odevixibat in patients with clinically significant portal hypertension and in patients with decompensated cirrhosis have not been established.,,DDInter2128
2,Liver Diseases,The recommended dosage of pemigatinib should be reduced in patients with severe hepatic dysfunction.  No dose adjustment is recommended for patients with mild or moderate hepatic impairment.,,DDInter2128
2,Kidney Diseases,"The recommended dosage of pemigatinib should be reduced in patients with severe renal disease.  No dose adjustment is recommended for patients with mild or moderate renal impairment, or those patients...More",,DDInter2128
No matching records,,,,DDInter2129
No matching records,,,,DDInter2130
No matching records,,,,DDInter2131
3,Asthma,"The use of allergen immunotherapy, such as mixed grass pollens, ragweed pollen, house dust mite allergen extract, and timothy grass pollen allergen extracts may cause severe allergic reactions such as...More",,DDInter2132
3,Eosinophilic Esophagitis,"The use of allergen immunotherapy, such as mixed grass pollens, ragweed pollen, house dust mite allergen extract, and timothy grass pollen allergen extracts, is contraindicated in patients with a hist...More",,DDInter2132
2,Cardiovascular Diseases,"The use of allergen immunotherapy, such as mixed grass pollens, ragweed pollen, house dust mite allergen extract, and timothy grass pollen allergen extracts may not be suitable for patients with certa...More",,DDInter2132
3,Insulinoma,The use of glucagon is contraindicated in patients with insulinoma or glucagonoma as it may cause secondary hypoglycemia.  Test patients suspected of having glucagonoma for blood levels of glucagon pr...More,,DDInter2133
3,Pheochromocytoma,"The use of glucagon is contraindicated in patients with pheochromocytoma because glucagon may stimulate the release of catecholamines from the tumor, which may result in a sudden and marked increase i...More",,DDInter2133
2,Hypoglycemia,"Glucagon reverses hypoglycemia via mobilization of hepatic glycogen.  It is not useful for treating hypoglycemic patients who are glycogen-depleted, a condition that can occur in starvation, adrenal i...More",,DDInter2133
No matching records,,,,DDInter2134
No matching records,,,,DDInter2135
2,Mania,"All antidepressants may occasionally cause mania or hypomania, particularly in patients with bipolar disorder.  Therapy with antidepressants should be administered cautiously in patients with a histor...More",,DDInter2136
2,Depressive Disorder,"Patients being treated with viloxazine should be monitored for clinical worsening and emergence of suicidal thoughts and behaviors.  In clinical trials, higher rates of suicidal thoughts and behavior ...More",,DDInter2136
2,Liver Failure,The effect of hepatic impairment on the pharmacokinetics of viloxazine is unknown.  Viloxazine is not recommended in patients with hepatic impairment.,,DDInter2136
2,Kidney Diseases,The exposure of viloxazine increases in patients with renal impairment.  Dose reduction is recommended in patients with severe renal impairment (estimated glomerular filtration rate less than 30 mL/mi...More,,DDInter2136
2,Liver Neoplasms,"Therapy with etranacogene dezaparvovec may increase the risk of hepatocellular carcinoma development.  Patients with preexisting risk factors for hepatocellular cancer such as cirrhosis, advanced hepa...More",,DDInter2137
2,Kidney Diseases,The safety and efficacy of etranacogene dezaparvovec in patients with severe renal impairment and end-stage renal disease have not been studied.  Caution is advised.,,DDInter2137
3,Fever,The oral typhoid vaccine should not be administered to persons during an acute febrile illness.  Safety of the vaccine has not been demonstrated in persons deficient in their ability to mount a humora...More,,DDInter2138
3,Gastrointestinal Diseases,The oral typhoid vaccine should not be taken during an acute gastrointestinal illness.  The vaccine should not be administered to individuals receiving sulfonamides and antibiotics since these agents ...More,,DDInter2138
3,Fever,The oral typhoid vaccine should not be administered to persons during an acute febrile illness.  Safety of the vaccine has not been demonstrated in persons deficient in their ability to mount a humora...More,,DDInter2138
3,Gastrointestinal Diseases,The oral typhoid vaccine should not be taken during an acute gastrointestinal illness.  The vaccine should not be administered to individuals receiving sulfonamides and antibiotics since these agents ...More,,DDInter2138
No matching records,,,,DDInter2139
2,Helminthiasis,"Patients with helminth infections should be treated prior to therapy with tezepelumab.  If a patient becomes infected while on treatment and if they are not responding to treatment, discontinue tezepe...More",,DDInter2140
No matching records,,,,DDInter2141
2,Diabetes Mellitus,"Corticosteroids can raise blood glucose level by antagonizing the action and suppressing the secretion of insulin, which results in inhibition of peripheral glucose uptake and increased gluconeogenesi...More",,DDInter2142
2,Diaper Rash,"Topical corticosteroids, especially the potent agents (e.g., augmented betamethasone, clobetasol, diflorasone, and halobetasol), are generally not recommended for use in the treatment of diaper rash. ...More",,DDInter2142
2,Adrenocortical Hyperfunction,The use of topical corticosteroids may precipitate or aggravate conditions of hyperadrenocorticism.  Systemic absorption of these agents can produce reversible hypothalamic-pituitary-adrenal axis supp...More,,DDInter2142
2,Infections,"Topical corticosteroids may be systemically absorbed, depending on the vehicle and concentration of the preparation, the size of the application area, the duration of administration, and whether or no...More",,DDInter2142
2,Toxic Optic Neuropathy,"Prolonged use of corticosteroids may cause posterior subcapsular cataracts and elevated intraocular pressure, the latter of which may lead to glaucoma and/or damage to the optic nerves.  Therapy with ...More",,DDInter2142
2,Hepatic Insufficiency,Mometasone nasal should be used with caution in patients with impaired liver function.  Concentrations of mometasone appear to increase with severity of liver dysfunction.,,DDInter2142
2,Adrenocortical Hyperfunction,"Hypercorticism and adrenal suppression may occur when nasal corticosteroids, including mometasone nasal, are used in patients at risk for such effects.  It is important that the recommended dosage of ...More",,DDInter2142
2,Infections,"Patients who are using drugs that suppress the immune system, such as corticosteroids (including mometasone nasal), are more susceptible to infections than healthy subjects.  Mometasone nasal should b...More",,DDInter2142
2,Toxic Optic Neuropathy,"Nasal and inhaled corticosteroids, including mometasone nasal, can result in the development of glaucoma and/or cataracts.  Close monitoring is warranted in patients with a change in vision or history...More",,DDInter2142
2,Diabetes Mellitus,"Corticosteroids can raise blood glucose level by antagonizing the action and suppressing the secretion of insulin, which results in inhibition of peripheral glucose uptake and increased gluconeogenesi...More",,DDInter2142
No matching records,,,,DDInter2143
3,Thyroid Neoplasms,Tirzepatide is contraindicated in patients with a personal or family history of medullary thyroid carcinoma (MTC) and in patients with multiple endocrine neoplasia syndrome type 2.  Patients with elev...More,,DDInter2144
2,Acute Kidney Injury,"Tirzepatide has been associated with gastrointestinal adverse reactions (including nausea, vomiting, diarrhea); such events may lead to dehydration, which could cause acute kidney injury if severe.  T...More",,DDInter2144
2,Pancreatitis,Acute pancreatitis (including fatal and nonfatal hemorrhagic or necrotizing pancreatitis) has been observed in patients treated with glucagon-like peptide-1 (GLP-1) receptor agonists; acute pancreatit...More,,DDInter2144
2,Diabetic Retinopathy,"Tirzepatide has not been studied in patients with nonproliferative diabetic retinopathy requiring acute therapy, proliferative diabetic retinopathy, or diabetic macular edema; caution is recommended i...More",,DDInter2144
2,Gastrointestinal Diseases,Use of tirzepatide has been associated with gastrointestinal adverse reactions (sometimes severe).  Because tirzepatide has not been studied in patients with severe gastrointestinal disease (including...More,,DDInter2144
3,Kidney Diseases,Tecovirimat injection is contraindicated in patients with severe renal dysfunction (CrCl below 30 mL/min).,,DDInter2145
No matching records,,,,DDInter2146
3,Prostatic Neoplasms,The use of androgenic anabolic steroids is contraindicated for male patients with carcinoma of the breast or prostate.  Circulating androgens can be converted in peripheral tissues to estrogens and di...More,,DDInter2147
3,Water-Electrolyte Imbalance,"Androgenic anabolic steroids may cause sodium and water retention, particularly when given in high dosages or for prolonged periods.  Therapy with these agents should be administered cautiously in pat...More",,DDInter2147
3,Breast Neoplasms,"When treated with androgenic anabolic steroids, patients with metastatic breast cancer may develop hypercalcemia due to osteolysis.  Frequent determination of urine and serum calcium levels is recomme...More",,DDInter2147
3,Hyperlipoproteinemias,"Androgenic anabolic steroids may adversely affect serum lipids, including lowering HDL and elevating LDL levels.  These changes can be marked, particularly with the 17-alpha-alkyl derivatives (i.e., f...More",,DDInter2147
3,Liver Diseases,"The use of androgenic anabolic steroids may be associated with development of cholestatic hepatitis and jaundice.  Other, more serious hepatotoxicities such as peliosis hepatis and hepatocellular neop...More",,DDInter2147
3,Polycythemia,Androgenic anabolic steroids may cause polycythemia when given in high dosages or for prolonged periods.  Patients with preexisting polycythemia may experience worsening of their condition.  Frequent ...More,,DDInter2147
3,Blood Coagulation Disorders,"Androgenic anabolic steroids may cause suppression of clotting factors II, V, VII, and X, and an increase in prothrombin time.  Androgen therapy should be administered cautiously in patients with blee...More",,DDInter2147
2,Diabetes Mellitus,The metabolic effects of androgenic anabolic steroids may lower blood glucose.  Decreased glucose tolerance and increased insulin resistance have also been reported.  Patients with diabetes mellitus s...More,,DDInter2147
2,Hypercalcemia,"Androgenic anabolic steroids decrease urinary excretion of calcium, which may result in hypercalcemia.  Therapy with androgenic agents should be administered cautiously in patients with hypercalcemia,...More",,DDInter2147
1,Thyroid Diseases,"When androgenic anabolic steroids are used in patients with thyroid disorders, clinicians should be aware that these agents may affect thyroid function tests.  Specifically, thyroid-binding globulin l...More",,DDInter2147
No matching records,,,,DDInter2148
No matching records,,,,DDInter2149
No matching records,,,,DDInter2150
No matching records,,,,DDInter2151
No matching records,,,,DDInter2152
No matching records,,,,DDInter2154
No matching records,,,,DDInter2155
3,Diarrhea,The use of oral typhoid vaccine is contraindicated in patients with acute GI illness including persistent diarrhea or vomiting.,,DDInter2156
3,Infections,"Ideally, vaccination should occur when an individual is healthy, thus minimizing the risk of an adverse host reaction and/or vaccine failure.  However, a current or recent infection does not necessari...More",,DDInter2156
2,Immune Deficiency Disease,"The expected serum antibody responses may not be obtained when vaccines and/or toxoids are administered to patients with primary or acquired immunodeficiency, including those with severe combined immu...More",,DDInter2156
No matching records,,,,DDInter2157
No matching records,,,,DDInter2158
No matching records,,,,DDInter2159
2,Liver Diseases,Evinacumab has not been studied in patients with liver dysfunction.  Caution is advised.,,DDInter2160
3,Intestinal Obstruction,The use of bulk producing laxatives is contraindicated in patients with intestinal obstruction or fecal impaction.  Bulk producing laxatives can exacerbate these conditions.,,DDInter2161
3,Inflammatory Bowel Diseases,The use of laxatives is contraindicated in patients with inflammatory bowel disease.  Patients with inflammatory bowel disease may experience colonic perforation with use of stimulant laxatives.,,DDInter2161
3,Intestinal Obstruction,The use of laxatives is contraindicated in patients with intestinal obstruction disorders.  Patients with intestinal obstruction disorders may need their underlying condition treated to correct the co...More,,DDInter2161
2,Kidney Diseases,Bulk producing laxatives require the consumption of at least 8 ounces of fluid per each dose.  Patients with fluid restriction conditions such as renal dysfunction may benefit more from emollient or s...More,,DDInter2161
2,Hypercalcemia,The use of polycarbophil may cause hypercalcemia.  Polycarbophil is supplied as the calcium salt and contains approximately 150 mg (7.6 mEq) of calcium per tablet.  Polycarbophil calcium releases calc...More,,DDInter2161
2,Hypersensitivity,"Piflufolastat F18 can cause hypersensitivity reactions that may not be immediate.  Monitor patients closely after administration, especially those with history of allergies to other foods and drugs.  ...More",,DDInter2162
2,Hypersensitivity,"Piflufolastat F18 can cause hypersensitivity reactions that may not be immediate.  Monitor patients closely after administration, especially those with history of allergies to other foods and drugs.  ...More",,DDInter2162
No matching records,,,,DDInter2163
No matching records,,,,DDInter2164
No matching records,,,,DDInter2165
No matching records,,,,DDInter2166
No matching records,,,,DDInter2167
No matching records,,,,DDInter2168
No matching records,,,,DDInter2169
2,Intracranial Hemorrhages,"The safety of aducanumab in patients with pretreatment localized superficial siderosis, patients having had 10 or more brain microhemorrhages, and/or a brain hemorrhage greater than 1 cm within one ye...More",,DDInter2170
No matching records,,,,DDInter2171
2,"Lung Diseases, Interstitial",Amivantamab can cause interstitial lung disease (ILD)/pneumonitis.  Care should be exercised when using this drug in patients with preexisting pulmonary impairment.  Amivantamab should be immediately ...More,,DDInter2172
2,Liver Diseases,Care should be exercised when using amivantamab in patients with moderate (total bilirubin 1.5 to 3 times the upper limit of normal [1.5 to 3 x ULN]) to severe (total bilirubin greater than 3 x ULN) l...More,,DDInter2172
2,Kidney Diseases,Care should be exercised when using amivantamab in patients with severe renal dysfunction (CrCl 15 to 29 mL/min) or end-stage renal disease (CrCl less than 15 mL/min) as the pharmacokinetics of amivan...More,,DDInter2172
No matching records,,,,DDInter2173
2,Infections,Anti-benralizumab antibodies were associated with increased clearance of benralizumab and increased blood eosinophil levels in patients with high anti-drug antibody titers compared to antibody negativ...More,,DDInter2174
3,Heart Failure,"Heart failure was reported more frequently with bezlotoxumab than with placebo in two Phase 3 clinical trials, and occurred primarily in patients with underlying congestive heart failure (CHF).  In pa...More",,DDInter2175
2,Heart Failure,"Bezlotoxumab should be used with caution in patients with a history of congestive heart failure, and it should be reserved for use when the benefits outweigh the risk.",,DDInter2175
2,Hepatic Insufficiency,The effect of renal or hepatic impairment on the pharmacokinetics of crizanlizumab is unknown.  Caution is advised if used on these patients.,,DDInter2176
No matching records,,,,DDInter2177
No matching records,,,,DDInter2178
No matching records,,,,DDInter2179
No matching records,,,,DDInter2180
No matching records,,,,DDInter2181
No matching records,,,,DDInter2182
No matching records,,,,DDInter2183
No matching records,,,,DDInter2184
No matching records,,,,DDInter2185
No matching records,,,,DDInter2186
No matching records,,,,DDInter2187
No matching records,,,,DDInter2188
No matching records,,,,DDInter2189
No matching records,,,,DDInter2190
No matching records,,,,DDInter2191
No matching records,,,,DDInter2192
No matching records,,,,DDInter2193
No matching records,,,,DDInter2194
No matching records,,,,DDInter2195
No matching records,,,,DDInter2196
No matching records,,,,DDInter2197
No matching records,,,,DDInter2198
No matching records,,,,DDInter2199
No matching records,,,,DDInter2200
2,Hepatic Insufficiency,Vericiguat has not been studied in patients with severe hepatic impairment (Child-Pugh C).  Caution is advised.  No dosage adjustment is recommended in patients with mild or moderate hepatic impairmen...More,,DDInter2201
2,Kidney Diseases,Vericiguat has not been studied in patients with eGFR <15 mL/min/1.73m2 or on dialysis.  Caution is advised.  No dose adjustment is required for patients with eGFR >15 mL/min/1.73m2 not on dialysis.,,DDInter2201
No matching records,,,,DDInter2202
No matching records,,,,DDInter2203
No matching records,,,,DDInter2204
No matching records,,,,DDInter2205
No matching records,,,,DDInter2206
No matching records,,,,DDInter2207
No matching records,,,,DDInter2209
No matching records,,,,DDInter2210
No matching records,,,,DDInter2211
No matching records,,,,DDInter2212
No matching records,,,,DDInter2213
No matching records,,,,DDInter2214
No matching records,,,,DDInter2215
No matching records,,,,DDInter2216
No matching records,,,,DDInter2217
No matching records,,,,DDInter2218
No matching records,,,,DDInter2219
No matching records,,,,DDInter2220
No matching records,,,,DDInter2221
No matching records,,,,DDInter2222
No matching records,,,,DDInter2223
No matching records,,,,DDInter2224
No matching records,,,,DDInter2225
No matching records,,,,DDInter2226
2,Liver Diseases,The use of trilaciclib is not recommended in patients with moderate or severe liver dysfunction as its pharmacokinetics have not been studied in these patients.  No dosage adjustment is recommended fo...More,,DDInter2227
2,Respiratory Insufficiency,"The administration of cyclin-dependent kinases 4/6 inhibitors such as trilaciclib can cause severe, life-threatening, or fatal interstitial lung disease (ILD) and/or pneumonitis.  It is recommended to...More",,DDInter2227
2,Kidney Diseases,No clinically significant differences in the pharmacokinetics of trilaciclib were observed in patients with mild to moderate renal dysfunction.  The effect on the pharmacokinetics in patients with sev...More,,DDInter2227
No matching records,,,,DDInter2228
No matching records,,,,DDInter2229
2,Kidney Diseases,"Thallous chloride TI-201 is substantially excreted by the kidneys, and the risk of toxic reactions to this drug may be greater in patients with impaired renal function.  Care should be taken in the do...More",,DDInter2230
2,Heart Diseases,The use of thallous chloride Tl-201 in patients suspected or known to have myocardial infarction or ischemia undergoing stress testing might be associated with serious adverse events such as myocardia...More,,DDInter2230
2,Kidney Diseases,"Thallous chloride TI-201 is substantially excreted by the kidneys, and the risk of toxic reactions to this drug may be greater in patients with impaired renal function.  Care should be taken in the do...More",,DDInter2230
2,Heart Diseases,The use of thallous chloride Tl-201 in patients suspected or known to have myocardial infarction or ischemia undergoing stress testing might be associated with serious adverse events such as myocardia...More,,DDInter2230
No matching records,,,,DDInter2231
No matching records,,,,DDInter2232
No matching records,,,,DDInter2233
No matching records,,,,DDInter2234
No matching records,,,,DDInter2235
No matching records,,,,DDInter2236
No matching records,,,,DDInter2237
2,"Blood Coagulation Disorders, Inherited",Snake venom interferes with the blood coagulation cascade.  Patients may experience coagulopathy due to snakebite and should be monitored for signs and symptoms of recurrent bleeding defects for up to...More,,DDInter2238
No matching records,,,,DDInter2239
3,Ischemia,"Terlipressin is a vasoconstrictor that can cause ischemic events, and is contraindicated in patients with coronary, cerebrovascular, peripheral, or mesenteric ischemia.",,DDInter2240
3,Fetal Hypoxia,Terlipressin is contraindicated in patients with hypoxia (SpO2 less than 90%) or worsening respiratory symptoms.  Patients should be assessed for respiratory status before treatment initiation and mon...More,,DDInter2240
No matching records,,,,DDInter2241
No matching records,,,,DDInter2242
No matching records,,,,DDInter2243
No matching records,,,,DDInter2244
2,Heart Failure,"Decreases in left ventricular ejection fraction (LVEF) have been reported with agents that block HER2 activity.  Patients who have received prior anthracyclines, those who received anthracycline after...More",,DDInter2245
2,Thrombocytopenia,Thrombocytopenia has been reported with the use of agents that block HER2 activity.  Monitor platelet counts prior to initiation of therapy and prior to each dose.  If appropriate modify the dose acco...More,,DDInter2245
No matching records,,,,DDInter2246
No matching records,,,,DDInter2247
No matching records,,,,DDInter2248
No matching records,,,,DDInter2249
No matching records,,,,DDInter2250
No matching records,,,,DDInter2251
3,Infections,"Pegcetacoplan may predispose patients to serious, life-threatening, or fatal infections caused by encapsulated bacteria including Streptococcus pneumoniae, Neisseria meningitidis types A, C, W, Y, and...More",,DDInter2252
2,Autoimmune Diseases,Sutimlimab may increase the risk for developing autoimmune diseases such as systemic lupus erythematosus (SLE).  Patients with SLE have been excluded from clinical trials.  Therapy with sutimlimab cau...More,,DDInter2253
2,Hepatic Insufficiency,The effects of hepatic impairment on the pharmacokinetics of sutimlimab are unknown.,,DDInter2253
2,Infections,"Sutimlimab increases the susceptibility to serious infections including those by encapsulated bacteria.  If this drug is administered in patients with active infection, health care providers should mo...More",,DDInter2253
2,Kidney Diseases,The effects of severe renal impairment on the pharmacokinetics of sutimlimab are unknown.,,DDInter2253
3,Disseminated Intravascular Coagulation,Prothrombin complex is contraindicated in patients with disseminated intravascular coagulation.,,DDInter2254
3,Heparin induced Thrombocytopenia,"The brand name products, Kcentra and Bebulin of prothrombin complex, contain heparin; therefore, their use is contraindicated in patients with known heparin-induced thrombocytopenia.",,DDInter2254
3,Thromboembolism,"Both fatal and non-fatal arterial thromboembolic events, venous thromboembolic events and disseminated intravascular coagulation have been reported with the use of prothrombin complex.  Patients being...More",,DDInter2254
No matching records,,,,DDInter2255
No matching records,,,,DDInter2256
2,Dehydration,Succimer is primarily eliminated by the kidney.  Therapy with succimer should be administered after dehydration is corrected and urine output sufficient for the elimination of succimer.,,DDInter2257
2,Liver Diseases,Succimer undergoes extensive metabolism by the liver.  Therapy with succimer should be administered cautiously in patients with liver disease.,,DDInter2257
2,Neutropenia,Mild to moderate neutropenia has been observed in some patients receiving succimer.  A complete blood count with white blood cell differential and direct platelet counts should be obtained prior to an...More,,DDInter2257
2,Kidney Diseases,"Succimer is primarily eliminated by the kidney complexed with a heavy metal (lead, arsenic, mercury).  Therapy with succimer should be administered cautiously in patients with renal impairment.  Succi...More",,DDInter2257
No matching records,,,,DDInter2258
2,Constipation,"Constipation is a common side effect of erenumab therapy and while it is usually mild or moderate in intensity, there have been postmarketing reports of constipation with serious complications includi...More",,DDInter2259
2,Hypertension,Hypertension and worsening of preexisting hypertension have been reported in the postmarketing period with erenumab; some patients required pharmacologic treatment and some required hospitalization to...More,,DDInter2259
No matching records,,,,DDInter2260
No matching records,,,,DDInter2261
No matching records,,,,DDInter2262
No matching records,,,,DDInter2263
2,Fructose Intolerance,The recommended dose of idarucizumab contains 4 g of sorbitol.  Caution is advised when prescribing this agent to patients with hereditary fructose intolerance.  Consider the combined daily metabolic ...More,,DDInter2264
2,Liver Failure,No formal studies of idarucizumab have been conducted in patients with hepatic impairment.  Caution is advised.,,DDInter2264
No matching records,,,,DDInter2265
2,Liver Failure,Pharmacokinetic studies of luspatercept demonstrated no clinically significant differences in patients with mild to severe hepatic impairment and in patients with mild to moderate renal impairment.  T...More,,DDInter2266
2,Thromboembolism,Thromboembolic events (TEE) have been reported in luspatercept-treated patients with beta-thalassemia.  Patients with known risk factors for thromboembolism may be at increased risk of thromboembolic ...More,,DDInter2266
2,Hypertension,The use of luspatercept may cause hypertension.  It is recommended to monitor blood pressure before each dose administration.  New-onset hypertension or exacerbation of preexisting hypertension should...More,,DDInter2266
2,Infections,"There have been reports of serious infections, including infections with opportunistic pathogens, and reactivation of latent infections in patients receiving interleukin inhibitors.  Treatment with th...More",,DDInter2267
2,Kidney Diseases,Population pharmacokinetic analyses suggest that mepolizumab clearance was comparable between subjects with creatinine clearance values between 50 and 80 mL/min and patients with normal renal function...More,,DDInter2267
3,Blood Platelet Disorders,Palivizumab is administered by IM injection and the risk of bleeding is increased in the presence of platelet function disorders and/or thrombocytopenia.  Therapy with palivizumab should be administer...More,,DDInter2268
3,Anaphylaxis,Anaphylaxis to reslizumab was reported in 0.3% of asthma patients in clinical studies.  These events were observed during or within 20 minutes after completion of the infusion and reported as early as...More,,DDInter2269
2,Infections,"There have been reports of serious infections, including infections with opportunistic pathogens, and reactivation of latent infections in patients receiving interleukin inhibitors.  Treatment with th...More",,DDInter2269
No matching records,,,,DDInter2270
No matching records,,,,DDInter2271
No matching records,,,,DDInter2272
No matching records,,,,DDInter2273
No matching records,,,,DDInter2274
No matching records,,,,DDInter2275
No matching records,,,,DDInter2276
No matching records,,,,DDInter2277
No matching records,,,,DDInter2278
No matching records,,,,DDInter2279
No matching records,,,,DDInter2280
No matching records,,,,DDInter2281
No matching records,,,,DDInter2282
No matching records,,,,DDInter2283
